Status,Ticket ID,Priority,Source,Topic,Agent Group,Agent Name,Created time,Expected SLA to resolve,Expected SLA to first response,First response time,SLA For first response,Resolution time,SLA For Resolution,Close time,Agent interactions,Survey results,Product group,Support Level,Country,Latitude,Longitude,Good_Solved
Closed,1012,Low,Email,Feature request,1st line support,Kristos Westoll,02.01.2023 00:58,04.01.2023 00:58,02.01.2023 01:58,02.01.2023 01:03,Within SLA,04.01.2023 00:31,Within SLA,2023-01-04 04:02:59.013,1.0,3.0,Custom software development,Tier 1,Republic of Ireland,53.094024,-8.019675,1
In progress,1013,High,Phone,Product setup,2nd line support,Adolpho Messingham,02.01.2023 07:27,04.01.2023 07:27,02.01.2023 07:29,02.01.2023 07:27,Within SLA,,SLA Violated,,3.0,,Other,Tier 2,Italy,43.036776,12.678565,0
Resolved,1014,Low,Chat,Purchasing and invoicing,1st line support,Bernard Beckley,02.01.2023 06:59,03.01.2023 06:59,02.01.2023 07:01,02.01.2023 06:59,Within SLA,02.01.2023 22:45,Within SLA,,2.0,,Custom software development,Tier 1,Austria,47.6964719,13.3457347,0
Closed,1015,Medium,Email,Pricing and licensing,1st line support,Connor Danielovitch,03.01.2023 03:09,05.01.2023 03:09,03.01.2023 04:09,03.01.2023 07:09,SLA Violated,04.01.2023 14:32,Within SLA,08.01.2023 04:24,10.0,4.0,Ready to use Software,Tier 1,Spain,39.67337,-4.767726,1
Closed,1016,Low,Email,Product setup,1st line support,Kristos Westoll,03.01.2023 00:03,05.01.2023 00:03,03.01.2023 01:03,03.01.2023 00:08,Within SLA,04.01.2023 12:03,Within SLA,06.01.2023 06:05,1.0,2.0,Other,Tier 1,Austria,47.6964719,13.3457347,1
Closed,1017,Low,Email,Purchasing and invoicing,1st line support,Sheela Cutten,03.01.2023 14:25,05.01.2023 14:25,03.01.2023 15:25,03.01.2023 14:45,Within SLA,04.01.2023 01:55,Within SLA,10.01.2023 16:41,2.0,2.0,Ready to use Software,Tier 1,Greece,39.368279,21.863141,1
Closed,1018,Low,Phone,Product setup,1st line support,Kristos Westoll,03.01.2023 15:32,05.01.2023 15:32,03.01.2023 15:34,03.01.2023 15:34,Within SLA,2023-01-05 03:51:37.031,Within SLA,07.01.2023 21:52,2.0,3.0,Ready to use Software,Tier 1,Republic of Ireland,53.094024,-8.019675,1
Resolved,1019,Medium,Chat,Pricing and licensing,2nd line support,Michele Whyatt,03.01.2023 00:38,04.01.2023 00:38,03.01.2023 00:40,03.01.2023 00:39,Within SLA,05.01.2023 12:47,SLA Violated,,2.0,,Training and Consulting Services,Tier 2,Poland,52.536273,19.050639,0
Resolved,1020,Medium,Chat,Product setup,1st line support,Kristos Westoll,03.01.2023 09:37,04.01.2023 09:37,03.01.2023 09:39,03.01.2023 09:41,SLA Violated,03.01.2023 20:31,Within SLA,,6.0,,Other,Tier 1,Germany,51.165691,10.451526,0
Closed,1021,Low,Email,Product setup,1st line support,Bernard Beckley,03.01.2023 09:27,05.01.2023 09:27,03.01.2023 10:27,03.01.2023 10:24,Within SLA,04.01.2023 10:16,Within SLA,07.01.2023 20:25,1.0,4.0,Training and Consulting Services,Tier 1,Czech Republic,49.8037633,15.4749126,1
Closed,1024,Medium,Chat,Other,1st line support,Bernard Beckley,03.01.2023 16:41,04.01.2023 16:41,03.01.2023 16:43,03.01.2023 16:43,SLA Violated,03.01.2023 23:52,Within SLA,06.01.2023 00:38,60.0,5.0,Custom software development,Tier 1,Czech Republic,49.8037633,15.4749126,1
Closed,1025,Low,Chat,Bug report,1st line support,Sheela Cutten,03.01.2023 04:50,04.01.2023 04:50,03.01.2023 04:52,03.01.2023 04:50,Within SLA,07.01.2023 13:17,SLA Violated,09.01.2023 05:37,3.0,3.0,Custom software development,Tier 1,Poland,52.536273,19.050639,1
Closed,1026,Low,Chat,Bug report,1st line support,Nicola Wane,04.01.2023 10:49,05.01.2023 10:49,04.01.2023 10:51,04.01.2023 10:50,Within SLA,04.01.2023 23:37,Within SLA,2023-01-05 12:53:53.016,2.0,4.0,Ready to use Software,Tier 1,Bulgaria,42.7249925,25.4833039,1
Resolved,1027,Low,Chat,Training request,1st line support,Bernard Beckley,04.01.2023 07:27,05.01.2023 07:27,04.01.2023 07:29,04.01.2023 07:28,Within SLA,05.01.2023 04:41,Within SLA,,3.0,,Training and Consulting Services,Tier 1,United Kingdom,55.378052,-3.435973,0
Resolved,1028,Low,Chat,Bug report,1st line support,Kristos Westoll,04.01.2023 21:46,05.01.2023 21:46,04.01.2023 21:48,04.01.2023 21:46,Within SLA,05.01.2023 13:28,Within SLA,,2.0,,Ready to use Software,Tier 1,Bulgaria,42.7249925,25.4833039,0
Closed,1029,Medium,Chat,Feature request,1st line support,Bernard Beckley,04.01.2023 09:12,05.01.2023 09:12,04.01.2023 09:14,04.01.2023 09:13,Within SLA,05.01.2023 07:45,Within SLA,06.01.2023 23:18,60.0,5.0,Custom software development,Tier 1,Germany,51.165691,10.451526,1
Closed,1030,Medium,Chat,Feature request,1st line support,Connor Danielovitch,04.01.2023 19:36,05.01.2023 19:36,04.01.2023 19:38,04.01.2023 19:37,Within SLA,2023-01-05 02:24:20.008,Within SLA,2023-01-11 06:16:49.063,5.0,4.0,Ready to use Software,Tier 1,Germany,51.165691,10.451526,1
In progress,1031,Low,Email,Feature request,1st line support,Kristos Westoll,04.01.2023 18:08,06.01.2023 18:08,04.01.2023 19:08,04.01.2023 18:13,Within SLA,,SLA Violated,,4.0,,Ready to use Software,Tier 1,United Kingdom,55.378052,-3.435973,0
Resolved,1032,Low,Email,Product setup,2nd line support,Heather Urry,04.01.2023 12:47,06.01.2023 12:47,04.01.2023 13:47,04.01.2023 13:20,Within SLA,05.01.2023 07:54,Within SLA,,2.0,,Other,Tier 2,Germany,51.165691,10.451526,0
In progress,1034,Low,Chat,Other,1st line support,Connor Danielovitch,04.01.2023 19:06,05.01.2023 19:06,04.01.2023 19:08,04.01.2023 19:07,Within SLA,,SLA Violated,,9.0,,Training and Consulting Services,Tier 1,Germany,51.165691,10.451526,0
In progress,1035,High,Email,Training request,1st line support,Connor Danielovitch,04.01.2023 05:27,06.01.2023 05:27,04.01.2023 06:27,04.01.2023 06:07,Within SLA,,SLA Violated,,7.0,,Training and Consulting Services,Tier 1,Germany,51.165691,10.451526,0
Resolved,1037,Low,Email,Product setup,1st line support,Sheela Cutten,05.01.2023 12:10,07.01.2023 12:10,05.01.2023 13:10,05.01.2023 12:34,Within SLA,2023-01-07 11:23:15.054,Within SLA,,1.0,,Custom software development,Tier 1,Poland,52.536273,19.050639,0
Closed,1038,High,Chat,Other,1st line support,Bernard Beckley,05.01.2023 04:18,06.01.2023 04:18,05.01.2023 04:20,2023-01-05 04:19:42.046,Within SLA,05.01.2023 19:22,Within SLA,12.01.2023 18:08,3.0,3.0,Other,Tier 1,Italy,43.036776,12.678565,1
Resolved,1039,Medium,Chat,Purchasing and invoicing,2nd line support,Adolpho Messingham,05.01.2023 05:16,06.01.2023 05:16,05.01.2023 05:18,05.01.2023 05:18,Within SLA,05.01.2023 07:37,Within SLA,,3.0,,Custom software development,Tier 2,Poland,52.536273,19.050639,0
In progress,1040,High,Chat,Bug report,2nd line support,Heather Urry,05.01.2023 14:30,06.01.2023 14:30,05.01.2023 14:32,05.01.2023 14:31,Within SLA,,SLA Violated,,6.0,,Ready to use Software,Tier 2,Poland,52.536273,19.050639,0
Closed,1041,Low,Chat,Product setup,1st line support,Bernard Beckley,05.01.2023 02:59,06.01.2023 02:59,05.01.2023 03:01,05.01.2023 03:04,SLA Violated,05.01.2023 21:50,Within SLA,2023-01-06 11:37:32.085,8.0,2.0,Ready to use Software,Tier 1,Germany,51.165691,10.451526,1
Closed,1043,High,Email,Pricing and licensing,1st line support,Connor Danielovitch,05.01.2023 03:31,07.01.2023 03:31,05.01.2023 04:31,05.01.2023 04:02,Within SLA,06.01.2023 17:14,Within SLA,09.01.2023 18:40,3.0,5.0,Custom software development,Tier 1,Italy,43.036776,12.678565,1
Closed,1044,Low,Chat,Product setup,1st line support,Kristos Westoll,06.01.2023 20:45,07.01.2023 20:45,06.01.2023 20:47,06.01.2023 20:47,Within SLA,07.01.2023 00:07,Within SLA,13.01.2023 23:39,3.0,2.0,Custom software development,Tier 1,Italy,43.036776,12.678565,1
Resolved,1045,Medium,Email,Bug report,1st line support,Kristos Westoll,06.01.2023 20:14,08.01.2023 20:14,06.01.2023 21:14,06.01.2023 20:58,Within SLA,08.01.2023 07:15,Within SLA,,4.0,,Ready to use Software,Tier 1,Slovenia,46.1491664,14.9860106,0
Resolved,1046,High,Email,Bug report,1st line support,Sheela Cutten,06.01.2023 15:11,08.01.2023 15:11,06.01.2023 16:11,06.01.2023 15:35,Within SLA,07.01.2023 06:22,Within SLA,,1.0,,Custom software development,Tier 1,Poland,52.536273,19.050639,0
In progress,1047,Low,Email,Pricing and licensing,1st line support,Bernard Beckley,06.01.2023 03:15,08.01.2023 03:15,06.01.2023 04:15,06.01.2023 04:07,Within SLA,,SLA Violated,,1.0,,Training and Consulting Services,Tier 1,Greece,39.368279,21.863141,0
In progress,1048,Low,Chat,Pricing and licensing,1st line support,Bernard Beckley,06.01.2023 23:55,07.01.2023 23:55,06.01.2023 23:57,06.01.2023 23:56,Within SLA,,SLA Violated,,8.0,,Ready to use Software,Tier 1,Greece,39.368279,21.863141,0
Closed,1049,Medium,Chat,Pricing and licensing,1st line support,Sheela Cutten,06.01.2023 12:05,07.01.2023 12:05,06.01.2023 12:07,06.01.2023 12:06,Within SLA,11.01.2023 05:34,SLA Violated,11.01.2023 20:40,3.0,4.0,Custom software development,Tier 1,Poland,52.536273,19.050639,1
Closed,1050,Low,Email,Product setup,1st line support,Nicola Wane,07.01.2023 01:13,09.01.2023 01:13,07.01.2023 02:13,07.01.2023 01:33,Within SLA,12.01.2023 02:26,SLA Violated,14.01.2023 00:42,6.0,4.0,Training and Consulting Services,Tier 1,Spain,39.67337,-4.767726,1
Closed,1054,High,Email,Purchasing and invoicing,2nd line support,Michele Whyatt,07.01.2023 05:28,09.01.2023 05:28,07.01.2023 06:28,07.01.2023 06:09,Within SLA,08.01.2023 08:30,Within SLA,14.01.2023 16:18,2.0,5.0,Custom software development,Tier 2,Italy,43.036776,12.678565,1
Closed,1055,High,Email,Bug report,1st line support,Connor Danielovitch,07.01.2023 18:09,09.01.2023 18:09,07.01.2023 19:09,07.01.2023 19:04,Within SLA,09.01.2023 13:07,Within SLA,2023-01-12 22:16:01.046,8.0,4.0,Ready to use Software,Tier 1,Republic of Ireland,53.094024,-8.019675,1
Resolved,1056,Low,Email,Bug report,1st line support,Kristos Westoll,07.01.2023 00:13,09.01.2023 00:13,07.01.2023 01:13,07.01.2023 00:19,Within SLA,08.01.2023 13:56,Within SLA,,8.0,,Custom software development,Tier 1,Germany,51.165691,10.451526,0
Closed,1057,Medium,Email,Feature request,1st line support,Bernard Beckley,07.01.2023 09:55,09.01.2023 09:55,07.01.2023 10:55,2023-01-07 10:35:51.009,Within SLA,2023-01-09 01:35:54.021,Within SLA,09.01.2023 09:28,7.0,5.0,Ready to use Software,Tier 1,Germany,51.165691,10.451526,1
In progress,1058,Medium,Email,Pricing and licensing,1st line support,Bernard Beckley,08.01.2023 13:39,10.01.2023 13:39,08.01.2023 14:39,08.01.2023 14:36,Within SLA,,SLA Violated,,10.0,,Ready to use Software,Tier 1,France,48.864716,2.349014,0
In progress,1062,Low,Chat,Pricing and licensing,1st line support,Nicola Wane,08.01.2023 19:35,09.01.2023 19:35,08.01.2023 19:37,08.01.2023 19:36,Within SLA,,SLA Violated,,60.0,,Custom software development,Tier 1,Republic of Ireland,53.094024,-8.019675,0
Closed,1063,Low,Phone,Feature request,1st line support,Kristos Westoll,08.01.2023 04:56,10.01.2023 04:56,08.01.2023 04:58,08.01.2023 05:01,SLA Violated,08.01.2023 08:51,Within SLA,12.01.2023 04:26,2.0,1.0,Ready to use Software,Tier 1,United Kingdom,55.378052,-3.435973,1
Closed,1064,High,Chat,Other,1st line support,Connor Danielovitch,08.01.2023 10:58,09.01.2023 10:58,08.01.2023 11:00,08.01.2023 10:59,Within SLA,08.01.2023 17:42,Within SLA,10.01.2023 20:07,5.0,5.0,Ready to use Software,Tier 1,United Kingdom,55.378052,-3.435973,1
Closed,1065,Medium,Chat,Product setup,1st line support,Sheela Cutten,08.01.2023 01:00,09.01.2023 01:00,08.01.2023 01:02,08.01.2023 01:01,Within SLA,08.01.2023 04:07,Within SLA,10.01.2023 14:51,3.0,3.0,Ready to use Software,Tier 1,United Kingdom,55.378052,-3.435973,1
Resolved,1066,Medium,Chat,Product setup,1st line support,Sheela Cutten,09.01.2023 14:16,10.01.2023 14:16,09.01.2023 14:18,09.01.2023 14:17,Within SLA,10.01.2023 06:21,Within SLA,,6.0,,Ready to use Software,Tier 1,Spain,39.67337,-4.767726,0
Resolved,1067,Low,Email,Product setup,1st line support,Sheela Cutten,09.01.2023 15:09,11.01.2023 15:09,09.01.2023 16:09,09.01.2023 15:37,Within SLA,11.01.2023 01:02,Within SLA,,3.0,,Custom software development,Tier 1,Germany,51.165691,10.451526,0
Closed,1068,Low,Email,Product setup,1st line support,Kristos Westoll,09.01.2023 14:10,11.01.2023 14:10,09.01.2023 15:10,09.01.2023 14:48,Within SLA,10.01.2023 19:32,Within SLA,10.01.2023 23:22,3.0,1.0,Ready to use Software,Tier 1,Greece,39.368279,21.863141,1
Closed,1069,Medium,Email,Pricing and licensing,2nd line support,Heather Urry,09.01.2023 17:25,11.01.2023 17:25,09.01.2023 18:25,09.01.2023 17:57,Within SLA,10.01.2023 12:39,Within SLA,15.01.2023 09:04,2.0,5.0,Custom software development,Tier 2,Poland,52.536273,19.050639,1
Resolved,1070,High,Email,Pricing and licensing,2nd line support,Adolpho Messingham,09.01.2023 18:55,11.01.2023 18:55,09.01.2023 19:55,2023-01-09 19:32:12.017,Within SLA,15.01.2023 17:10,SLA Violated,,1.0,,Custom software development,Tier 2,Germany,51.165691,10.451526,0
Closed,1071,Medium,Email,Training request,2nd line support,Michele Whyatt,09.01.2023 11:56,11.01.2023 11:56,09.01.2023 12:56,09.01.2023 12:16,Within SLA,10.01.2023 16:04,Within SLA,12.01.2023 10:45,1.0,4.0,Training and Consulting Services,Tier 2,Republic of Ireland,53.094024,-8.019675,1
Closed,1072,High,Email,Feature request,1st line support,Sheela Cutten,09.01.2023 20:14,11.01.2023 20:14,09.01.2023 21:14,2023-01-09 20:29:39.010,Within SLA,09.01.2023 20:44,Within SLA,12.01.2023 00:24,1.0,5.0,Custom software development,Tier 1,Germany,51.165691,10.451526,1
Closed,1073,Medium,Email,Pricing and licensing,1st line support,Kristos Westoll,09.01.2023 09:10,11.01.2023 09:10,09.01.2023 10:10,09.01.2023 09:17,Within SLA,2023-01-09 21:58:19.008,Within SLA,11.01.2023 01:48,7.0,3.0,Ready to use Software,Tier 1,Greece,39.368279,21.863141,1
Closed,1074,Low,Chat,Pricing and licensing,1st line support,Nicola Wane,09.01.2023 06:50,10.01.2023 06:50,09.01.2023 06:52,09.01.2023 06:54,SLA Violated,09.01.2023 22:42,Within SLA,13.01.2023 01:00,3.0,4.0,Ready to use Software,Tier 1,Slovenia,46.1491664,14.9860106,1
Closed,1075,High,Email,Product setup,1st line support,Kristos Westoll,09.01.2023 21:50,11.01.2023 21:50,09.01.2023 22:50,10.01.2023 00:25,SLA Violated,11.01.2023 09:54,Within SLA,16.01.2023 14:36,5.0,2.0,Ready to use Software,Tier 1,Czech Republic,49.8037633,15.4749126,1
Closed,1076,Low,Phone,Product setup,1st line support,Bernard Beckley,09.01.2023 02:55,11.01.2023 02:55,09.01.2023 02:57,09.01.2023 02:55,Within SLA,10.01.2023 22:20,Within SLA,12.01.2023 19:40,3.0,5.0,Ready to use Software,Tier 1,Germany,51.165691,10.451526,1
Resolved,1077,Low,Email,Pricing and licensing,1st line support,Sheela Cutten,10.01.2023 02:10,12.01.2023 02:10,10.01.2023 03:10,10.01.2023 02:35,Within SLA,11.01.2023 21:39,Within SLA,,2.0,,Ready to use Software,Tier 1,Bulgaria,42.7249925,25.4833039,0
Closed,1078,Low,Email,Pricing and licensing,1st line support,Sheela Cutten,10.01.2023 13:46,12.01.2023 13:46,10.01.2023 14:46,10.01.2023 13:50,Within SLA,12.01.2023 06:52,Within SLA,16.01.2023 01:36,7.0,2.0,Ready to use Software,Tier 1,Germany,51.165691,10.451526,1
Resolved,1079,Low,Email,Product setup,1st line support,Kristos Westoll,10.01.2023 09:42,12.01.2023 09:42,10.01.2023 10:42,10.01.2023 10:30,Within SLA,12.01.2023 01:12,Within SLA,,2.0,,Other,Tier 1,Germany,51.165691,10.451526,0
Closed,1080,Low,Chat,Product setup,1st line support,Kristos Westoll,10.01.2023 03:17,11.01.2023 03:17,10.01.2023 03:19,10.01.2023 03:17,Within SLA,10.01.2023 13:22,Within SLA,11.01.2023 12:32,3.0,3.0,Training and Consulting Services,Tier 1,Spain,39.67337,-4.767726,1
In progress,1081,Medium,Chat,Product setup,1st line support,Bernard Beckley,10.01.2023 04:29,11.01.2023 04:29,10.01.2023 04:31,10.01.2023 04:29,Within SLA,,SLA Violated,,3.0,,Custom software development,Tier 1,Austria,47.6964719,13.3457347,0
Closed,1082,Low,Phone,Product setup,1st line support,Connor Danielovitch,10.01.2023 20:59,12.01.2023 20:59,10.01.2023 21:01,10.01.2023 21:00,Within SLA,12.01.2023 17:31,Within SLA,12.01.2023 14:16,5.0,5.0,Custom software development,Tier 1,Poland,52.536273,19.050639,1
Resolved,1083,Low,Phone,Pricing and licensing,1st line support,Sheela Cutten,10.01.2023 23:30,12.01.2023 23:30,10.01.2023 23:32,10.01.2023 23:31,Within SLA,12.01.2023 00:58,Within SLA,,1.0,,Ready to use Software,Tier 1,Poland,52.536273,19.050639,0
Resolved,1084,Medium,Email,Other,1st line support,Connor Danielovitch,10.01.2023 10:14,12.01.2023 10:14,10.01.2023 11:14,10.01.2023 11:06,Within SLA,11.01.2023 20:40,Within SLA,,7.0,,Other,Tier 1,United Kingdom,55.378052,-3.435973,0
Closed,1085,High,Chat,Product setup,1st line support,Bernard Beckley,10.01.2023 07:30,11.01.2023 07:30,10.01.2023 07:32,10.01.2023 07:31,Within SLA,10.01.2023 10:50,Within SLA,14.01.2023 06:35,4.0,5.0,Ready to use Software,Tier 1,Germany,51.165691,10.451526,1
Resolved,1086,Medium,Email,Purchasing and invoicing,1st line support,Nicola Wane,10.01.2023 17:16,12.01.2023 17:16,10.01.2023 18:16,10.01.2023 17:44,Within SLA,12.01.2023 07:22,Within SLA,,10.0,,Ready to use Software,Tier 1,Germany,51.165691,10.451526,0
Closed,1087,Low,Email,Feature request,2nd line support,Adolpho Messingham,11.01.2023 19:17,13.01.2023 19:17,11.01.2023 20:17,11.01.2023 19:18,Within SLA,11.01.2023 20:05,Within SLA,15.01.2023 01:15,8.0,5.0,Ready to use Software,Tier 2,Italy,43.036776,12.678565,1
Closed,1088,Low,Chat,Purchasing and invoicing,1st line support,Nicola Wane,11.01.2023 11:24,12.01.2023 11:24,11.01.2023 11:26,11.01.2023 11:25,Within SLA,11.01.2023 20:49,Within SLA,13.01.2023 04:59,8.0,4.0,Training and Consulting Services,Tier 1,Spain,39.67337,-4.767726,1
Resolved,1090,Low,Chat,Feature request,1st line support,Bernard Beckley,11.01.2023 00:49,12.01.2023 00:49,11.01.2023 00:51,11.01.2023 00:50,Within SLA,11.01.2023 14:39,Within SLA,,4.0,,Ready to use Software,Tier 1,Italy,43.036776,12.678565,0
Resolved,1092,Medium,Chat,Pricing and licensing,1st line support,Bernard Beckley,11.01.2023 12:31,12.01.2023 12:31,11.01.2023 12:33,11.01.2023 12:31,Within SLA,12.01.2023 12:24,Within SLA,,3.0,,Custom software development,Tier 1,Germany,51.165691,10.451526,0
Resolved,1093,Low,Email,Product setup,1st line support,Sheela Cutten,11.01.2023 13:45,13.01.2023 13:45,11.01.2023 14:45,11.01.2023 14:12,Within SLA,2023-01-12 00:00:02.086,Within SLA,,8.0,,Custom software development,Tier 1,United Kingdom,55.378052,-3.435973,0
Resolved,1094,Low,Chat,Purchasing and invoicing,1st line support,Connor Danielovitch,11.01.2023 04:04,12.01.2023 04:04,11.01.2023 04:06,11.01.2023 04:05,Within SLA,11.01.2023 19:03,Within SLA,,6.0,,Ready to use Software,Tier 1,Czech Republic,49.8037633,15.4749126,0
Closed,1095,Low,Chat,Feature request,1st line support,Kristos Westoll,11.01.2023 13:40,12.01.2023 13:40,11.01.2023 13:42,11.01.2023 13:43,SLA Violated,16.01.2023 11:43,SLA Violated,18.01.2023 10:44,3.0,1.0,Custom software development,Tier 1,Czech Republic,49.8037633,15.4749126,1
Closed,1097,Low,Email,Product setup,1st line support,Bernard Beckley,11.01.2023 05:29,13.01.2023 05:29,11.01.2023 06:29,11.01.2023 06:04,Within SLA,11.01.2023 17:24,Within SLA,16.01.2023 15:48,1.0,1.0,Ready to use Software,Tier 1,Austria,47.6964719,13.3457347,1
In progress,1098,Medium,Chat,Other,1st line support,Bernard Beckley,12.01.2023 12:18,13.01.2023 12:18,12.01.2023 12:20,12.01.2023 12:19,Within SLA,,SLA Violated,,6.0,,Ready to use Software,Tier 1,Poland,52.536273,19.050639,0
Resolved,1100,Medium,Email,Feature request,2nd line support,Heather Urry,12.01.2023 22:40,14.01.2023 22:40,12.01.2023 23:40,12.01.2023 22:47,Within SLA,13.01.2023 13:58,Within SLA,,7.0,,Custom software development,Tier 2,Italy,43.036776,12.678565,0
Resolved,1101,High,Chat,Bug report,1st line support,Sheela Cutten,13.01.2023 15:00,14.01.2023 15:00,13.01.2023 15:02,13.01.2023 15:00,Within SLA,14.01.2023 02:58,Within SLA,,60.0,,Ready to use Software,Tier 1,Austria,47.6964719,13.3457347,0
Resolved,1102,Low,Chat,Other,2nd line support,Michele Whyatt,13.01.2023 15:16,14.01.2023 15:16,13.01.2023 15:18,13.01.2023 15:17,Within SLA,13.01.2023 21:16,Within SLA,,5.0,,Ready to use Software,Tier 2,Germany,51.165691,10.451526,0
Resolved,1103,Medium,Chat,Pricing and licensing,1st line support,Sheela Cutten,13.01.2023 12:58,14.01.2023 12:58,13.01.2023 13:00,13.01.2023 12:59,Within SLA,13.01.2023 13:19,Within SLA,,9.0,,Ready to use Software,Tier 1,Bulgaria,42.7249925,25.4833039,0
Closed,1104,Low,Email,Feature request,1st line support,Connor Danielovitch,13.01.2023 13:30,15.01.2023 13:30,13.01.2023 14:30,13.01.2023 13:37,Within SLA,15.01.2023 09:50,Within SLA,18.01.2023 02:50,3.0,5.0,Other,Tier 1,Italy,43.036776,12.678565,1
Closed,1105,Low,Chat,Feature request,1st line support,Kristos Westoll,13.01.2023 06:47,14.01.2023 06:47,13.01.2023 06:49,13.01.2023 06:49,Within SLA,13.01.2023 09:11,Within SLA,15.01.2023 14:41,7.0,3.0,Other,Tier 1,Italy,43.036776,12.678565,1
In progress,1106,Low,Chat,Other,1st line support,Connor Danielovitch,13.01.2023 23:18,14.01.2023 23:18,13.01.2023 23:20,13.01.2023 23:20,Within SLA,,SLA Violated,,3.0,,Custom software development,Tier 1,Germany,51.165691,10.451526,0
Closed,1107,Low,Email,Bug report,2nd line support,Michele Whyatt,13.01.2023 11:19,15.01.2023 11:19,13.01.2023 12:19,13.01.2023 11:34,Within SLA,15.01.2023 08:05,Within SLA,15.01.2023 11:12,1.0,5.0,Ready to use Software,Tier 2,Republic of Ireland,53.094024,-8.019675,1
Closed,1108,Low,Email,Purchasing and invoicing,1st line support,Bernard Beckley,13.01.2023 02:10,15.01.2023 02:10,13.01.2023 03:10,13.01.2023 03:28,SLA Violated,14.01.2023 05:07,Within SLA,16.01.2023 18:08,4.0,4.0,Ready to use Software,Tier 1,Czech Republic,49.8037633,15.4749126,1
Closed,1109,High,Chat,Product setup,1st line support,Nicola Wane,13.01.2023 13:38,14.01.2023 13:38,13.01.2023 13:40,13.01.2023 13:38,Within SLA,13.01.2023 15:29,Within SLA,17.01.2023 06:36,3.0,3.0,Training and Consulting Services,Tier 1,France,48.864716,2.349014,1
Closed,1110,High,Email,Product setup,2nd line support,Adolpho Messingham,13.01.2023 21:32,15.01.2023 21:32,13.01.2023 22:32,13.01.2023 22:27,Within SLA,15.01.2023 14:06,Within SLA,19.01.2023 05:07,8.0,2.0,Ready to use Software,Tier 2,United Kingdom,55.378052,-3.435973,1
In progress,1111,Low,Chat,Product setup,1st line support,Sheela Cutten,13.01.2023 02:49,14.01.2023 02:49,13.01.2023 02:51,13.01.2023 02:52,SLA Violated,,SLA Violated,,9.0,,Ready to use Software,Tier 1,Spain,39.67337,-4.767726,0
In progress,1112,Low,Phone,Pricing and licensing,1st line support,Bernard Beckley,13.01.2023 02:22,15.01.2023 02:22,13.01.2023 02:24,13.01.2023 02:23,Within SLA,,SLA Violated,,2.0,,Ready to use Software,Tier 1,Republic of Ireland,53.094024,-8.019675,0
Resolved,1113,Low,Chat,Product setup,1st line support,Bernard Beckley,13.01.2023 01:46,14.01.2023 01:46,13.01.2023 01:48,13.01.2023 01:46,Within SLA,17.01.2023 07:29,SLA Violated,,6.0,,Custom software development,Tier 1,Germany,51.165691,10.451526,0
Closed,1114,Medium,Email,Product setup,1st line support,Connor Danielovitch,13.01.2023 07:20,15.01.2023 07:20,13.01.2023 08:20,13.01.2023 08:01,Within SLA,2023-01-15 06:43:44.003,Within SLA,21.01.2023 00:17,10.0,5.0,Other,Tier 1,Poland,52.536273,19.050639,1
Resolved,1115,Low,Chat,Pricing and licensing,1st line support,Sheela Cutten,13.01.2023 23:22,14.01.2023 23:22,13.01.2023 23:24,2023-01-13 23:22:16.070,Within SLA,14.01.2023 05:14,Within SLA,,3.0,,Ready to use Software,Tier 1,Germany,51.165691,10.451526,0
Resolved,1116,Medium,Phone,Pricing and licensing,1st line support,Nicola Wane,14.01.2023 22:53,16.01.2023 22:53,14.01.2023 22:55,14.01.2023 22:54,Within SLA,16.01.2023 03:46,Within SLA,,7.0,,Training and Consulting Services,Tier 1,United Kingdom,55.378052,-3.435973,0
Closed,1126,Medium,Phone,Pricing and licensing,1st line support,Kristos Westoll,15.01.2023 13:10,17.01.2023 13:10,15.01.2023 13:12,15.01.2023 13:11,Within SLA,19.01.2023 09:22,SLA Violated,20.01.2023 04:15,3.0,1.0,Custom software development,Tier 1,United Kingdom,55.378052,-3.435973,1
Resolved,1127,High,Email,Product setup,1st line support,Bernard Beckley,15.01.2023 06:08,17.01.2023 06:08,15.01.2023 07:08,2023-01-15 06:47:30.075,Within SLA,15.01.2023 07:23,Within SLA,,2.0,,Other,Tier 1,Czech Republic,49.8037633,15.4749126,0
Closed,1128,Low,Email,Other,1st line support,Bernard Beckley,15.01.2023 10:11,17.01.2023 10:11,15.01.2023 11:11,15.01.2023 11:03,Within SLA,17.01.2023 07:11,Within SLA,18.01.2023 23:31,4.0,3.0,Ready to use Software,Tier 1,Germany,51.165691,10.451526,1
Closed,1129,High,Phone,Pricing and licensing,1st line support,Kristos Westoll,15.01.2023 02:01,17.01.2023 02:01,15.01.2023 02:03,15.01.2023 02:02,Within SLA,16.01.2023 14:49,Within SLA,18.01.2023 16:30,2.0,5.0,Custom software development,Tier 1,Slovenia,46.1491664,14.9860106,1
In progress,1130,Medium,Chat,Product setup,1st line support,Connor Danielovitch,16.01.2023 05:12,17.01.2023 05:12,16.01.2023 05:14,16.01.2023 05:14,Within SLA,,SLA Violated,,6.0,,Ready to use Software,Tier 1,Spain,39.67337,-4.767726,0
Closed,1131,Low,Email,Product setup,1st line support,Sheela Cutten,16.01.2023 20:38,18.01.2023 20:38,16.01.2023 21:38,16.01.2023 21:35,Within SLA,16.01.2023 22:40,Within SLA,20.01.2023 05:35,1.0,5.0,Ready to use Software,Tier 1,Czech Republic,49.8037633,15.4749126,1
Closed,1132,Low,Email,Pricing and licensing,1st line support,Sheela Cutten,16.01.2023 15:44,18.01.2023 15:44,16.01.2023 16:44,16.01.2023 16:39,Within SLA,17.01.2023 12:05,Within SLA,22.01.2023 20:45,9.0,3.0,Training and Consulting Services,Tier 1,Austria,47.6964719,13.3457347,1
Resolved,1133,High,Chat,Product setup,1st line support,Bernard Beckley,16.01.2023 19:19,17.01.2023 19:19,16.01.2023 19:21,16.01.2023 19:19,Within SLA,17.01.2023 12:08,Within SLA,,3.0,,Ready to use Software,Tier 1,Bulgaria,42.7249925,25.4833039,0
Closed,1134,Low,Chat,Product setup,1st line support,Sheela Cutten,16.01.2023 12:50,17.01.2023 12:50,16.01.2023 12:52,16.01.2023 12:51,Within SLA,16.01.2023 17:37,Within SLA,20.01.2023 18:38,60.0,5.0,Custom software development,Tier 1,Spain,39.67337,-4.767726,1
Resolved,1135,Low,Phone,Bug report,2nd line support,Adolpho Messingham,16.01.2023 14:37,18.01.2023 14:37,16.01.2023 14:39,16.01.2023 14:40,SLA Violated,16.01.2023 19:04,Within SLA,,1.0,,Training and Consulting Services,Tier 2,Poland,52.536273,19.050639,0
Resolved,1136,Low,Email,Bug report,1st line support,Sheela Cutten,16.01.2023 15:35,18.01.2023 15:35,16.01.2023 16:35,16.01.2023 16:08,Within SLA,17.01.2023 11:41,Within SLA,,10.0,,Ready to use Software,Tier 1,Germany,51.165691,10.451526,0
Resolved,1137,Low,Email,Feature request,1st line support,Kristos Westoll,16.01.2023 07:57,18.01.2023 07:57,16.01.2023 08:57,16.01.2023 08:11,Within SLA,18.01.2023 02:08,Within SLA,,1.0,,Ready to use Software,Tier 1,Italy,43.036776,12.678565,0
Resolved,1138,Low,Email,Product setup,2nd line support,Heather Urry,17.01.2023 01:30,19.01.2023 01:30,17.01.2023 02:30,2023-01-17 08:53:20.063,SLA Violated,2023-01-18 08:04:50.081,Within SLA,,1.0,,Ready to use Software,Tier 2,Spain,39.67337,-4.767726,0
Closed,1139,Low,Chat,Feature request,1st line support,Nicola Wane,17.01.2023 11:23,18.01.2023 11:23,17.01.2023 11:25,17.01.2023 11:27,SLA Violated,17.01.2023 23:26,Within SLA,18.01.2023 21:05,6.0,1.0,Custom software development,Tier 1,Italy,43.036776,12.678565,1
Resolved,1140,Low,Chat,Purchasing and invoicing,1st line support,Connor Danielovitch,17.01.2023 14:03,18.01.2023 14:03,17.01.2023 14:05,17.01.2023 14:03,Within SLA,23.01.2023 08:16,SLA Violated,,6.0,,Training and Consulting Services,Tier 1,Greece,39.368279,21.863141,0
Resolved,1141,Low,Chat,Other,1st line support,Nicola Wane,17.01.2023 00:04,18.01.2023 00:04,17.01.2023 00:06,17.01.2023 00:04,Within SLA,18.01.2023 05:24,SLA Violated,,3.0,,Ready to use Software,Tier 1,Germany,51.165691,10.451526,0
Closed,1142,Low,Email,Pricing and licensing,1st line support,Nicola Wane,17.01.2023 16:42,19.01.2023 16:42,17.01.2023 17:42,17.01.2023 17:00,Within SLA,18.01.2023 19:31,Within SLA,22.01.2023 16:25,5.0,1.0,Ready to use Software,Tier 1,Greece,39.368279,21.863141,1
Resolved,1143,Low,Email,Other,2nd line support,Adolpho Messingham,17.01.2023 23:31,19.01.2023 23:31,18.01.2023 00:31,18.01.2023 00:19,Within SLA,2023-01-18 01:20:43.055,Within SLA,,2.0,,Training and Consulting Services,Tier 2,Republic of Ireland,53.094024,-8.019675,0
Closed,1144,Low,Email,Pricing and licensing,1st line support,Nicola Wane,17.01.2023 23:24,19.01.2023 23:24,18.01.2023 00:24,18.01.2023 00:24,Within SLA,18.01.2023 18:49,Within SLA,24.01.2023 11:50,9.0,4.0,Ready to use Software,Tier 1,Republic of Ireland,53.094024,-8.019675,1
Resolved,1145,Medium,Email,Product setup,1st line support,Nicola Wane,17.01.2023 15:52,19.01.2023 15:52,17.01.2023 16:52,17.01.2023 16:29,Within SLA,2023-01-18 11:55:59.080,Within SLA,,1.0,,Ready to use Software,Tier 1,France,48.864716,2.349014,0
Closed,1146,Low,Email,Pricing and licensing,2nd line support,Adolpho Messingham,18.01.2023 02:02,20.01.2023 02:02,18.01.2023 03:02,2023-01-18 02:41:38.030,Within SLA,19.01.2023 07:13,Within SLA,20.01.2023 03:16,8.0,3.0,Ready to use Software,Tier 2,Italy,43.036776,12.678565,1
Closed,1147,Low,Email,Product setup,1st line support,Sheela Cutten,18.01.2023 10:59,20.01.2023 10:59,18.01.2023 11:59,18.01.2023 17:43,SLA Violated,2023-01-19 23:48:34.087,Within SLA,21.01.2023 05:10,1.0,3.0,Custom software development,Tier 1,Germany,51.165691,10.451526,1
Closed,1148,Low,Email,Pricing and licensing,1st line support,Sheela Cutten,18.01.2023 08:59,20.01.2023 08:59,18.01.2023 09:59,18.01.2023 09:18,Within SLA,19.01.2023 04:42,Within SLA,24.01.2023 09:37,4.0,3.0,Ready to use Software,Tier 1,Italy,43.036776,12.678565,1
In progress,1149,Low,Phone,Feature request,1st line support,Sheela Cutten,18.01.2023 02:50,20.01.2023 02:50,18.01.2023 02:52,2023-01-18 02:52:09.033,Within SLA,,SLA Violated,,1.0,,Custom software development,Tier 1,Italy,43.036776,12.678565,0
Closed,1150,Low,Email,Purchasing and invoicing,1st line support,Kristos Westoll,18.01.2023 03:19,20.01.2023 03:19,18.01.2023 04:19,2023-01-18 03:37:53.083,Within SLA,19.01.2023 20:11,Within SLA,24.01.2023 03:52,3.0,1.0,Other,Tier 1,Slovenia,46.1491664,14.9860106,1
Closed,1151,High,Chat,Product setup,1st line support,Nicola Wane,18.01.2023 06:48,19.01.2023 06:48,18.01.2023 06:50,18.01.2023 06:50,Within SLA,18.01.2023 08:03,Within SLA,23.01.2023 04:03,7.0,2.0,Ready to use Software,Tier 1,United Kingdom,55.378052,-3.435973,1
Closed,1152,Medium,Phone,Pricing and licensing,2nd line support,Adolpho Messingham,18.01.2023 01:34,20.01.2023 01:34,18.01.2023 01:36,18.01.2023 02:56,SLA Violated,18.01.2023 13:22,Within SLA,21.01.2023 02:40,4.0,3.0,Ready to use Software,Tier 2,Bulgaria,42.7249925,25.4833039,1
Closed,1153,Medium,Chat,Purchasing and invoicing,2nd line support,Michele Whyatt,18.01.2023 02:18,19.01.2023 02:18,18.01.2023 02:20,18.01.2023 02:20,Within SLA,19.01.2023 00:48,Within SLA,24.01.2023 19:17,6.0,4.0,Ready to use Software,Tier 2,Germany,51.165691,10.451526,1
Resolved,1154,Low,Email,Pricing and licensing,1st line support,Kristos Westoll,18.01.2023 07:25,20.01.2023 07:25,18.01.2023 08:25,18.01.2023 08:25,Within SLA,19.01.2023 15:14,Within SLA,,2.0,,Other,Tier 1,Italy,43.036776,12.678565,0
Closed,1155,Medium,Chat,Feature request,2nd line support,Michele Whyatt,18.01.2023 15:27,19.01.2023 15:27,18.01.2023 15:29,18.01.2023 15:27,Within SLA,19.01.2023 10:11,Within SLA,21.01.2023 00:33,6.0,3.0,Custom software development,Tier 2,United Kingdom,55.378052,-3.435973,1
Resolved,1156,Medium,Email,Other,2nd line support,Heather Urry,18.01.2023 04:20,20.01.2023 04:20,18.01.2023 05:20,18.01.2023 05:08,Within SLA,18.01.2023 08:09,Within SLA,,1.0,,Training and Consulting Services,Tier 2,France,48.864716,2.349014,0
Resolved,1157,Medium,Chat,Product setup,1st line support,Bernard Beckley,18.01.2023 22:25,19.01.2023 22:25,18.01.2023 22:27,18.01.2023 22:26,Within SLA,19.01.2023 03:42,Within SLA,,5.0,,Ready to use Software,Tier 1,Greece,39.368279,21.863141,0
Closed,1158,Medium,Chat,Product setup,1st line support,Kristos Westoll,18.01.2023 18:08,19.01.2023 18:08,18.01.2023 18:10,18.01.2023 18:09,Within SLA,18.01.2023 21:55,Within SLA,20.01.2023 21:41,3.0,3.0,Custom software development,Tier 1,Republic of Ireland,53.094024,-8.019675,1
Closed,1159,Low,Chat,Product setup,2nd line support,Heather Urry,19.01.2023 19:54,20.01.2023 19:54,19.01.2023 19:56,19.01.2023 19:57,SLA Violated,20.01.2023 08:53,Within SLA,25.01.2023 14:55,6.0,5.0,Training and Consulting Services,Tier 2,United Kingdom,55.378052,-3.435973,1
Resolved,1160,Low,Chat,Pricing and licensing,2nd line support,Michele Whyatt,19.01.2023 09:56,20.01.2023 09:56,19.01.2023 09:58,19.01.2023 09:58,Within SLA,19.01.2023 21:24,Within SLA,,60.0,,Ready to use Software,Tier 2,Italy,43.036776,12.678565,0
In progress,1161,Low,Email,Purchasing and invoicing,2nd line support,Michele Whyatt,19.01.2023 11:56,21.01.2023 11:56,19.01.2023 12:56,2023-01-19 12:55:03.068,Within SLA,,SLA Violated,,2.0,,Other,Tier 2,Slovenia,46.1491664,14.9860106,0
Closed,1162,Medium,Email,Product setup,1st line support,Bernard Beckley,19.01.2023 01:28,21.01.2023 01:28,19.01.2023 02:28,19.01.2023 01:41,Within SLA,20.01.2023 16:50,Within SLA,21.01.2023 09:04,8.0,5.0,Training and Consulting Services,Tier 1,France,48.864716,2.349014,1
Closed,1163,Low,Email,Product setup,1st line support,Kristos Westoll,19.01.2023 02:31,21.01.2023 02:31,19.01.2023 03:31,19.01.2023 02:37,Within SLA,19.01.2023 23:08,Within SLA,22.01.2023 03:44,4.0,1.0,Ready to use Software,Tier 1,Germany,51.165691,10.451526,1
Closed,1164,Low,Chat,Product setup,1st line support,Sheela Cutten,19.01.2023 08:14,20.01.2023 08:14,19.01.2023 08:16,19.01.2023 10:00,SLA Violated,19.01.2023 15:09,Within SLA,20.01.2023 15:57,5.0,5.0,Training and Consulting Services,Tier 1,Italy,43.036776,12.678565,1
Resolved,1165,High,Chat,Product setup,1st line support,Connor Danielovitch,19.01.2023 02:00,20.01.2023 02:00,19.01.2023 02:02,19.01.2023 02:01,Within SLA,21.01.2023 04:02,SLA Violated,,4.0,,Ready to use Software,Tier 1,United Kingdom,55.378052,-3.435973,0
Closed,1166,Low,Email,Pricing and licensing,1st line support,Bernard Beckley,19.01.2023 16:07,21.01.2023 16:07,19.01.2023 17:07,19.01.2023 16:27,Within SLA,20.01.2023 08:34,Within SLA,23.01.2023 14:00,10.0,4.0,Ready to use Software,Tier 1,Poland,52.536273,19.050639,1
Closed,1167,Low,Chat,Pricing and licensing,1st line support,Kristos Westoll,19.01.2023 04:01,20.01.2023 04:01,19.01.2023 04:03,19.01.2023 04:02,Within SLA,19.01.2023 04:21,Within SLA,21.01.2023 11:09,3.0,3.0,Ready to use Software,Tier 1,Italy,43.036776,12.678565,1
Resolved,1168,High,Email,Other,2nd line support,Michele Whyatt,19.01.2023 18:33,21.01.2023 18:33,19.01.2023 19:33,19.01.2023 18:59,Within SLA,20.01.2023 14:33,Within SLA,,5.0,,Other,Tier 2,Czech Republic,49.8037633,15.4749126,0
Closed,1169,Medium,Chat,Product setup,1st line support,Nicola Wane,19.01.2023 17:03,20.01.2023 17:03,19.01.2023 17:05,19.01.2023 17:05,Within SLA,2023-01-19 21:18:49.040,Within SLA,27.01.2023 05:20,6.0,4.0,Custom software development,Tier 1,Poland,52.536273,19.050639,1
In progress,1170,Medium,Chat,Product setup,1st line support,Bernard Beckley,19.01.2023 02:59,20.01.2023 02:59,19.01.2023 03:01,19.01.2023 03:01,Within SLA,,SLA Violated,,60.0,,Ready to use Software,Tier 1,Austria,47.6964719,13.3457347,0
In progress,1171,High,Email,Feature request,2nd line support,Michele Whyatt,20.01.2023 08:12,22.01.2023 08:12,20.01.2023 09:12,20.01.2023 11:23,SLA Violated,,SLA Violated,,2.0,,Other,Tier 2,Germany,51.165691,10.451526,0
In progress,1172,Low,Email,Purchasing and invoicing,1st line support,Kristos Westoll,20.01.2023 16:02,22.01.2023 16:02,20.01.2023 17:02,20.01.2023 16:31,Within SLA,,SLA Violated,,6.0,,Ready to use Software,Tier 1,Germany,51.165691,10.451526,0
In progress,1173,Low,Email,Product setup,1st line support,Nicola Wane,20.01.2023 18:26,22.01.2023 18:26,20.01.2023 19:26,20.01.2023 18:51,Within SLA,,SLA Violated,,3.0,,Ready to use Software,Tier 1,United Kingdom,55.378052,-3.435973,0
Closed,1174,Low,Email,Product setup,1st line support,Bernard Beckley,20.01.2023 16:12,22.01.2023 16:12,20.01.2023 17:12,20.01.2023 16:41,Within SLA,21.01.2023 20:59,Within SLA,26.01.2023 19:39,2.0,3.0,Ready to use Software,Tier 1,Republic of Ireland,53.094024,-8.019675,1
Closed,1175,Medium,Email,Pricing and licensing,1st line support,Sheela Cutten,20.01.2023 18:26,22.01.2023 18:26,20.01.2023 19:26,20.01.2023 18:47,Within SLA,23.01.2023 09:12,SLA Violated,23.01.2023 23:35,4.0,5.0,Other,Tier 1,Greece,39.368279,21.863141,1
In progress,1176,High,Chat,Bug report,2nd line support,Michele Whyatt,20.01.2023 12:41,21.01.2023 12:41,20.01.2023 12:43,2023-01-20 12:42:08.016,Within SLA,,SLA Violated,,6.0,,Ready to use Software,Tier 2,Germany,51.165691,10.451526,0
In progress,1177,Low,Email,Pricing and licensing,1st line support,Kristos Westoll,20.01.2023 07:41,22.01.2023 07:41,20.01.2023 08:41,20.01.2023 08:16,Within SLA,,SLA Violated,,10.0,,Ready to use Software,Tier 1,Republic of Ireland,53.094024,-8.019675,0
Resolved,1178,High,Email,Other,1st line support,Nicola Wane,20.01.2023 09:35,22.01.2023 09:35,20.01.2023 10:35,20.01.2023 09:49,Within SLA,2023-01-21 08:18:23.092,Within SLA,,1.0,,Ready to use Software,Tier 1,Bulgaria,42.7249925,25.4833039,0
Closed,1179,Low,Email,Product setup,2nd line support,Adolpho Messingham,20.01.2023 15:19,22.01.2023 15:19,20.01.2023 16:19,2023-01-20 15:54:48.009,Within SLA,21.01.2023 11:31,Within SLA,23.01.2023 07:11,1.0,5.0,Custom software development,Tier 2,Slovenia,46.1491664,14.9860106,1
Resolved,1180,Low,Chat,Purchasing and invoicing,1st line support,Nicola Wane,20.01.2023 08:49,21.01.2023 08:49,20.01.2023 08:51,20.01.2023 08:51,Within SLA,21.01.2023 08:32,Within SLA,,2.0,,Training and Consulting Services,Tier 1,United Kingdom,55.378052,-3.435973,0
Closed,1181,Low,Email,Training request,1st line support,Bernard Beckley,20.01.2023 11:54,22.01.2023 11:54,20.01.2023 12:54,20.01.2023 12:07,Within SLA,22.01.2023 06:37,Within SLA,24.01.2023 04:21,9.0,2.0,Training and Consulting Services,Tier 1,Bulgaria,42.7249925,25.4833039,1
Closed,1182,High,Chat,Feature request,1st line support,Kristos Westoll,21.01.2023 08:18,22.01.2023 08:18,21.01.2023 08:20,21.01.2023 08:20,Within SLA,21.01.2023 20:06,Within SLA,23.01.2023 06:11,6.0,4.0,Ready to use Software,Tier 1,Spain,39.67337,-4.767726,1
Closed,1183,Low,Email,Purchasing and invoicing,1st line support,Nicola Wane,21.01.2023 07:43,23.01.2023 07:43,21.01.2023 08:43,2023-01-21 07:49:29.069,Within SLA,21.01.2023 18:04,Within SLA,25.01.2023 03:32,4.0,5.0,Other,Tier 1,United Kingdom,55.378052,-3.435973,1
Resolved,1184,High,Chat,Pricing and licensing,1st line support,Connor Danielovitch,21.01.2023 17:21,22.01.2023 17:21,21.01.2023 17:23,21.01.2023 17:22,Within SLA,25.01.2023 20:28,SLA Violated,,2.0,,Ready to use Software,Tier 1,Austria,47.6964719,13.3457347,0
Resolved,1185,Low,Chat,Feature request,1st line support,Sheela Cutten,21.01.2023 11:45,22.01.2023 11:45,21.01.2023 11:47,21.01.2023 11:49,SLA Violated,21.01.2023 15:21,Within SLA,,6.0,,Custom software development,Tier 1,Bulgaria,42.7249925,25.4833039,0
Closed,1186,Medium,Email,Product setup,1st line support,Connor Danielovitch,21.01.2023 07:09,23.01.2023 07:09,21.01.2023 08:09,21.01.2023 07:45,Within SLA,22.01.2023 12:53,Within SLA,27.01.2023 17:58,1.0,3.0,Training and Consulting Services,Tier 1,Greece,39.368279,21.863141,1
In progress,1198,Medium,Email,Other,1st line support,Sheela Cutten,22.01.2023 08:50,24.01.2023 08:50,22.01.2023 09:50,2023-01-22 09:34:55.068,Within SLA,,SLA Violated,,7.0,,Ready to use Software,Tier 1,Republic of Ireland,53.094024,-8.019675,0
Resolved,1199,Low,Chat,Bug report,1st line support,Nicola Wane,22.01.2023 01:57,23.01.2023 01:57,22.01.2023 01:59,22.01.2023 01:57,Within SLA,22.01.2023 04:33,Within SLA,,3.0,,Training and Consulting Services,Tier 1,Czech Republic,49.8037633,15.4749126,0
Closed,1200,Medium,Email,Feature request,1st line support,Kristos Westoll,22.01.2023 06:50,24.01.2023 06:50,22.01.2023 07:50,22.01.2023 07:08,Within SLA,2023-01-22 17:52:38.007,Within SLA,25.01.2023 09:12,1.0,1.0,Custom software development,Tier 1,Greece,39.368279,21.863141,1
Resolved,1201,High,Email,Training request,1st line support,Kristos Westoll,22.01.2023 23:42,24.01.2023 23:42,23.01.2023 00:42,23.01.2023 00:06,Within SLA,23.01.2023 22:24,Within SLA,,3.0,,Training and Consulting Services,Tier 1,Poland,52.536273,19.050639,0
Resolved,1202,Low,Email,Feature request,1st line support,Kristos Westoll,22.01.2023 13:18,24.01.2023 13:18,22.01.2023 14:18,22.01.2023 13:34,Within SLA,24.01.2023 12:21,Within SLA,,1.0,,Other,Tier 1,United Kingdom,55.378052,-3.435973,0
Resolved,1203,Medium,Email,Bug report,1st line support,Bernard Beckley,22.01.2023 14:32,24.01.2023 14:32,22.01.2023 15:32,22.01.2023 15:02,Within SLA,24.01.2023 03:16,Within SLA,,5.0,,Custom software development,Tier 1,Poland,52.536273,19.050639,0
In progress,1204,Low,Email,Purchasing and invoicing,1st line support,Bernard Beckley,23.01.2023 02:36,25.01.2023 02:36,23.01.2023 03:36,23.01.2023 03:15,Within SLA,,SLA Violated,,9.0,,Other,Tier 1,Italy,43.036776,12.678565,0
Resolved,1205,Low,Chat,Product setup,2nd line support,Heather Urry,23.01.2023 04:12,24.01.2023 04:12,23.01.2023 04:14,23.01.2023 04:14,Within SLA,23.01.2023 17:43,Within SLA,,6.0,,Custom software development,Tier 2,Spain,39.67337,-4.767726,0
Closed,1206,Low,Chat,Product setup,1st line support,Kristos Westoll,23.01.2023 02:29,24.01.2023 02:29,23.01.2023 02:31,23.01.2023 02:30,Within SLA,23.01.2023 12:11,Within SLA,28.01.2023 22:46,6.0,3.0,Custom software development,Tier 1,Germany,51.165691,10.451526,1
In progress,1207,Low,Email,Feature request,1st line support,Kristos Westoll,23.01.2023 20:37,25.01.2023 20:37,23.01.2023 21:37,23.01.2023 21:15,Within SLA,,SLA Violated,,5.0,,Ready to use Software,Tier 1,Greece,39.368279,21.863141,0
Resolved,1208,Low,Email,Product setup,1st line support,Sheela Cutten,23.01.2023 16:44,25.01.2023 16:44,23.01.2023 17:44,23.01.2023 20:36,SLA Violated,23.01.2023 20:47,Within SLA,,2.0,,Ready to use Software,Tier 1,Germany,51.165691,10.451526,0
Closed,1209,Medium,Chat,Feature request,1st line support,Sheela Cutten,23.01.2023 13:00,24.01.2023 13:00,23.01.2023 13:02,23.01.2023 13:01,Within SLA,23.01.2023 18:35,Within SLA,26.01.2023 16:36,6.0,5.0,Ready to use Software,Tier 1,United Kingdom,55.378052,-3.435973,1
In progress,1210,Low,Email,Other,2nd line support,Michele Whyatt,23.01.2023 06:36,25.01.2023 06:36,23.01.2023 07:36,23.01.2023 06:44,Within SLA,,SLA Violated,,10.0,,Custom software development,Tier 2,Germany,51.165691,10.451526,0
Closed,1211,Low,Email,Purchasing and invoicing,1st line support,Bernard Beckley,24.01.2023 15:26,26.01.2023 15:26,24.01.2023 16:26,24.01.2023 16:20,Within SLA,25.01.2023 12:08,Within SLA,28.01.2023 19:09,7.0,4.0,Training and Consulting Services,Tier 1,United Kingdom,55.378052,-3.435973,1
Closed,1213,High,Email,Other,1st line support,Sheela Cutten,24.01.2023 11:08,26.01.2023 11:08,24.01.2023 12:08,24.01.2023 12:02,Within SLA,25.01.2023 17:16,Within SLA,26.01.2023 11:58,3.0,5.0,Other,Tier 1,Poland,52.536273,19.050639,1
Closed,1214,Low,Chat,Other,1st line support,Sheela Cutten,24.01.2023 07:06,25.01.2023 07:06,24.01.2023 07:08,24.01.2023 07:07,Within SLA,24.01.2023 14:26,Within SLA,29.01.2023 04:04,60.0,5.0,Ready to use Software,Tier 1,United Kingdom,55.378052,-3.435973,1
Resolved,1216,Medium,Email,Product setup,1st line support,Nicola Wane,24.01.2023 21:48,26.01.2023 21:48,24.01.2023 22:48,24.01.2023 22:20,Within SLA,30.01.2023 05:47,SLA Violated,,1.0,,Ready to use Software,Tier 1,Austria,47.6964719,13.3457347,0
In progress,1217,High,Email,Other,2nd line support,Heather Urry,24.01.2023 16:15,26.01.2023 16:15,24.01.2023 17:15,24.01.2023 16:41,Within SLA,,SLA Violated,,10.0,,Other,Tier 2,Republic of Ireland,53.094024,-8.019675,0
Resolved,1218,Low,Chat,Purchasing and invoicing,1st line support,Kristos Westoll,24.01.2023 12:06,25.01.2023 12:06,24.01.2023 12:08,24.01.2023 12:06,Within SLA,24.01.2023 13:21,Within SLA,,6.0,,Ready to use Software,Tier 1,Czech Republic,49.8037633,15.4749126,0
Resolved,1219,Low,Email,Purchasing and invoicing,1st line support,Connor Danielovitch,24.01.2023 17:44,26.01.2023 17:44,24.01.2023 18:44,24.01.2023 18:24,Within SLA,26.01.2023 06:26,Within SLA,,8.0,,Ready to use Software,Tier 1,Germany,51.165691,10.451526,0
Closed,1220,Low,Chat,Feature request,2nd line support,Heather Urry,25.01.2023 15:47,26.01.2023 15:47,25.01.2023 15:49,25.01.2023 15:50,SLA Violated,2023-01-26 00:23:13.000,Within SLA,01.02.2023 12:08,4.0,3.0,Ready to use Software,Tier 2,Slovenia,46.1491664,14.9860106,1
Resolved,1221,Medium,Email,Bug report,2nd line support,Heather Urry,25.01.2023 15:29,27.01.2023 15:29,25.01.2023 16:29,25.01.2023 23:19,SLA Violated,25.01.2023 16:52,Within SLA,,1.0,,Custom software development,Tier 2,Greece,39.368279,21.863141,0
Closed,1222,Medium,Email,Product setup,1st line support,Nicola Wane,25.01.2023 09:37,27.01.2023 09:37,25.01.2023 10:37,2023-01-25 09:50:47.054,Within SLA,27.01.2023 00:23,Within SLA,27.01.2023 08:13,1.0,3.0,Training and Consulting Services,Tier 1,Czech Republic,49.8037633,15.4749126,1
Resolved,1223,Medium,Email,Feature request,1st line support,Kristos Westoll,25.01.2023 22:34,27.01.2023 22:34,25.01.2023 23:34,25.01.2023 22:43,Within SLA,26.01.2023 08:09,Within SLA,,1.0,,Other,Tier 1,United Kingdom,55.378052,-3.435973,0
Closed,1224,Medium,Email,Pricing and licensing,1st line support,Bernard Beckley,25.01.2023 08:08,27.01.2023 08:08,25.01.2023 09:08,2023-01-25 08:57:55.007,Within SLA,25.01.2023 15:08,Within SLA,29.01.2023 11:24,1.0,4.0,Ready to use Software,Tier 1,Republic of Ireland,53.094024,-8.019675,1
Resolved,1225,High,Email,Pricing and licensing,1st line support,Connor Danielovitch,25.01.2023 06:10,27.01.2023 06:10,25.01.2023 07:10,25.01.2023 06:44,Within SLA,26.01.2023 11:27,Within SLA,,5.0,,Ready to use Software,Tier 1,Italy,43.036776,12.678565,0
In progress,1226,Low,Phone,Feature request,1st line support,Sheela Cutten,25.01.2023 11:33,27.01.2023 11:33,25.01.2023 11:35,25.01.2023 11:36,SLA Violated,,SLA Violated,,1.0,,Ready to use Software,Tier 1,Greece,39.368279,21.863141,0
Resolved,1227,Low,Chat,Product setup,1st line support,Sheela Cutten,26.01.2023 08:15,27.01.2023 08:15,26.01.2023 08:17,26.01.2023 08:16,Within SLA,2023-01-26 22:11:02.087,Within SLA,,7.0,,Custom software development,Tier 1,Poland,52.536273,19.050639,0
Closed,1228,Medium,Email,Product setup,1st line support,Kristos Westoll,26.01.2023 22:03,28.01.2023 22:03,26.01.2023 23:03,26.01.2023 22:43,Within SLA,27.01.2023 07:01,Within SLA,27.01.2023 10:58,1.0,5.0,Training and Consulting Services,Tier 1,Republic of Ireland,53.094024,-8.019675,1
Resolved,1229,Low,Email,Pricing and licensing,1st line support,Bernard Beckley,26.01.2023 20:20,28.01.2023 20:20,26.01.2023 21:20,26.01.2023 21:19,Within SLA,27.01.2023 08:25,Within SLA,,1.0,,Ready to use Software,Tier 1,Bulgaria,42.7249925,25.4833039,0
Resolved,1230,Medium,Email,Purchasing and invoicing,1st line support,Sheela Cutten,26.01.2023 14:36,28.01.2023 14:36,26.01.2023 15:36,26.01.2023 15:25,Within SLA,28.01.2023 12:46,Within SLA,,10.0,,Training and Consulting Services,Tier 1,France,48.864716,2.349014,0
Closed,1231,Low,Email,Feature request,2nd line support,Heather Urry,26.01.2023 22:13,28.01.2023 22:13,26.01.2023 23:13,26.01.2023 22:19,Within SLA,28.01.2023 07:28,Within SLA,30.01.2023 22:38,6.0,1.0,Ready to use Software,Tier 2,Italy,43.036776,12.678565,1
Resolved,1232,Low,Chat,Product setup,1st line support,Nicola Wane,26.01.2023 16:23,27.01.2023 16:23,26.01.2023 16:25,26.01.2023 16:24,Within SLA,2023-01-26 23:11:54.014,Within SLA,,2.0,,Ready to use Software,Tier 1,Italy,43.036776,12.678565,0
In progress,1233,High,Email,Purchasing and invoicing,2nd line support,Adolpho Messingham,26.01.2023 03:27,28.01.2023 03:27,26.01.2023 04:27,26.01.2023 03:43,Within SLA,,SLA Violated,,1.0,,Ready to use Software,Tier 2,Italy,43.036776,12.678565,0
Closed,1234,High,Email,Product setup,1st line support,Connor Danielovitch,26.01.2023 23:23,28.01.2023 23:23,27.01.2023 00:23,26.01.2023 23:47,Within SLA,27.01.2023 08:30,Within SLA,30.01.2023 21:48,8.0,3.0,Custom software development,Tier 1,Germany,51.165691,10.451526,1
In progress,1235,Medium,Phone,Bug report,1st line support,Nicola Wane,27.01.2023 16:27,29.01.2023 16:27,27.01.2023 16:29,27.01.2023 16:28,Within SLA,,SLA Violated,,2.0,,Custom software development,Tier 1,Republic of Ireland,53.094024,-8.019675,0
Resolved,1236,Medium,Phone,Pricing and licensing,1st line support,Nicola Wane,27.01.2023 02:57,29.01.2023 02:57,27.01.2023 02:59,27.01.2023 16:31,SLA Violated,28.01.2023 18:10,Within SLA,,4.0,,Ready to use Software,Tier 1,France,48.864716,2.349014,0
Closed,1237,Low,Email,Purchasing and invoicing,1st line support,Nicola Wane,27.01.2023 22:18,29.01.2023 22:18,27.01.2023 23:18,2023-01-27 22:32:55.016,Within SLA,28.01.2023 23:14,Within SLA,31.01.2023 01:04,1.0,4.0,Other,Tier 1,United Kingdom,55.378052,-3.435973,1
Closed,1238,Low,Chat,Feature request,1st line support,Nicola Wane,27.01.2023 15:35,28.01.2023 15:35,27.01.2023 15:37,2023-01-27 15:36:34.037,Within SLA,2023-01-27 23:35:09.068,Within SLA,30.01.2023 12:57,7.0,4.0,Ready to use Software,Tier 1,Greece,39.368279,21.863141,1
Resolved,1239,Medium,Email,Pricing and licensing,1st line support,Kristos Westoll,27.01.2023 21:11,29.01.2023 21:11,27.01.2023 22:11,27.01.2023 21:22,Within SLA,31.01.2023 23:41,SLA Violated,,10.0,,Ready to use Software,Tier 1,United Kingdom,55.378052,-3.435973,0
In progress,1240,Low,Chat,Pricing and licensing,1st line support,Connor Danielovitch,27.01.2023 06:05,28.01.2023 06:05,27.01.2023 06:07,27.01.2023 06:06,Within SLA,,SLA Violated,,6.0,,Custom software development,Tier 1,France,48.864716,2.349014,0
Resolved,1241,Medium,Chat,Purchasing and invoicing,1st line support,Sheela Cutten,27.01.2023 01:00,28.01.2023 01:00,27.01.2023 01:02,27.01.2023 01:02,Within SLA,27.01.2023 01:38,Within SLA,,9.0,,Ready to use Software,Tier 1,Italy,43.036776,12.678565,0
Closed,1242,Medium,Phone,Pricing and licensing,2nd line support,Heather Urry,27.01.2023 10:22,29.01.2023 10:22,27.01.2023 10:24,27.01.2023 10:22,Within SLA,27.01.2023 16:43,Within SLA,02.02.2023 12:22,1.0,2.0,Ready to use Software,Tier 2,Slovenia,46.1491664,14.9860106,1
Resolved,1243,Medium,Phone,Pricing and licensing,1st line support,Sheela Cutten,27.01.2023 20:50,29.01.2023 20:50,27.01.2023 20:52,27.01.2023 20:50,Within SLA,28.01.2023 05:02,Within SLA,,3.0,,Training and Consulting Services,Tier 1,Slovenia,46.1491664,14.9860106,0
Resolved,1244,Low,Email,Product setup,1st line support,Nicola Wane,27.01.2023 08:33,29.01.2023 08:33,27.01.2023 09:33,27.01.2023 08:47,Within SLA,28.01.2023 10:02,Within SLA,,4.0,,Ready to use Software,Tier 1,France,48.864716,2.349014,0
In progress,1245,Low,Email,Bug report,1st line support,Connor Danielovitch,27.01.2023 21:50,29.01.2023 21:50,27.01.2023 22:50,27.01.2023 21:58,Within SLA,,SLA Violated,,2.0,,Ready to use Software,Tier 1,Greece,39.368279,21.863141,0
Closed,1246,Medium,Email,Pricing and licensing,1st line support,Nicola Wane,27.01.2023 17:51,29.01.2023 17:51,27.01.2023 18:51,27.01.2023 18:37,Within SLA,28.01.2023 21:33,Within SLA,2023-02-03 00:01:09.050,6.0,5.0,Custom software development,Tier 1,Czech Republic,49.8037633,15.4749126,1
Closed,1247,High,Chat,Other,1st line support,Connor Danielovitch,28.01.2023 13:39,29.01.2023 13:39,28.01.2023 13:41,28.01.2023 13:40,Within SLA,29.01.2023 07:08,Within SLA,01.02.2023 19:45,3.0,4.0,Custom software development,Tier 1,Poland,52.536273,19.050639,1
Resolved,1248,Low,Email,Product setup,2nd line support,Heather Urry,28.01.2023 20:03,30.01.2023 20:03,28.01.2023 21:03,28.01.2023 20:33,Within SLA,29.01.2023 01:44,Within SLA,,3.0,,Ready to use Software,Tier 2,Republic of Ireland,53.094024,-8.019675,0
Closed,1254,Low,Chat,Pricing and licensing,1st line support,Sheela Cutten,28.01.2023 12:06,29.01.2023 12:06,28.01.2023 12:08,28.01.2023 12:10,SLA Violated,28.01.2023 14:28,Within SLA,01.02.2023 05:42,4.0,3.0,Custom software development,Tier 1,Italy,43.036776,12.678565,1
Closed,1255,Medium,Phone,Other,2nd line support,Heather Urry,28.01.2023 21:26,30.01.2023 21:26,28.01.2023 21:28,28.01.2023 21:28,Within SLA,2023-01-28 21:42:41.015,Within SLA,31.01.2023 10:52,2.0,3.0,Ready to use Software,Tier 2,France,48.864716,2.349014,1
Closed,1256,High,Chat,Pricing and licensing,1st line support,Nicola Wane,29.01.2023 00:51,30.01.2023 00:51,29.01.2023 00:53,29.01.2023 00:54,SLA Violated,29.01.2023 01:38,Within SLA,03.02.2023 10:02,7.0,3.0,Custom software development,Tier 1,United Kingdom,55.378052,-3.435973,1
In progress,1257,Medium,Email,Purchasing and invoicing,1st line support,Nicola Wane,29.01.2023 11:27,31.01.2023 11:27,29.01.2023 12:27,29.01.2023 12:08,Within SLA,,SLA Violated,,6.0,,Other,Tier 1,Poland,52.536273,19.050639,0
Closed,1258,Low,Chat,Product setup,2nd line support,Adolpho Messingham,29.01.2023 07:22,30.01.2023 07:22,29.01.2023 07:24,29.01.2023 07:24,Within SLA,29.01.2023 10:31,Within SLA,02.02.2023 12:28,6.0,4.0,Ready to use Software,Tier 2,Austria,47.6964719,13.3457347,1
Closed,1259,High,Email,Bug report,1st line support,Sheela Cutten,29.01.2023 02:59,31.01.2023 02:59,29.01.2023 03:59,29.01.2023 06:22,SLA Violated,31.01.2023 00:27,Within SLA,31.01.2023 16:26,1.0,3.0,Training and Consulting Services,Tier 1,Spain,39.67337,-4.767726,1
Closed,1260,Low,Phone,Purchasing and invoicing,1st line support,Connor Danielovitch,29.01.2023 20:28,31.01.2023 20:28,29.01.2023 20:30,29.01.2023 20:29,Within SLA,31.01.2023 14:01,Within SLA,04.02.2023 20:17,1.0,4.0,Custom software development,Tier 1,Germany,51.165691,10.451526,1
Resolved,1266,Medium,Email,Pricing and licensing,2nd line support,Michele Whyatt,29.01.2023 22:11,31.01.2023 22:11,29.01.2023 23:11,29.01.2023 22:43,Within SLA,03.02.2023 14:45,SLA Violated,,3.0,,Training and Consulting Services,Tier 2,Austria,47.6964719,13.3457347,0
Resolved,1267,High,Email,Bug report,1st line support,Kristos Westoll,29.01.2023 05:19,31.01.2023 05:19,29.01.2023 06:19,29.01.2023 05:49,Within SLA,30.01.2023 14:04,Within SLA,,7.0,,Training and Consulting Services,Tier 1,Republic of Ireland,53.094024,-8.019675,0
Closed,1268,Medium,Email,Product setup,1st line support,Bernard Beckley,30.01.2023 04:04,01.02.2023 04:04,30.01.2023 05:04,30.01.2023 04:35,Within SLA,30.01.2023 15:12,Within SLA,02.02.2023 07:23,10.0,4.0,Other,Tier 1,Poland,52.536273,19.050639,1
Closed,1269,Medium,Chat,Product setup,1st line support,Nicola Wane,30.01.2023 12:20,31.01.2023 12:20,30.01.2023 12:22,30.01.2023 12:21,Within SLA,30.01.2023 19:18,Within SLA,04.02.2023 07:17,7.0,2.0,Custom software development,Tier 1,Bulgaria,42.7249925,25.4833039,1
Resolved,1270,Medium,Email,Feature request,1st line support,Sheela Cutten,30.01.2023 02:02,01.02.2023 02:02,30.01.2023 03:02,30.01.2023 02:52,Within SLA,31.01.2023 12:39,Within SLA,,1.0,,Custom software development,Tier 1,Czech Republic,49.8037633,15.4749126,0
In progress,1271,Medium,Email,Pricing and licensing,1st line support,Kristos Westoll,30.01.2023 14:51,01.02.2023 14:51,30.01.2023 15:51,30.01.2023 14:54,Within SLA,,SLA Violated,,10.0,,Custom software development,Tier 1,Slovenia,46.1491664,14.9860106,0
Resolved,1272,Low,Chat,Product setup,1st line support,Kristos Westoll,30.01.2023 20:29,31.01.2023 20:29,30.01.2023 20:31,30.01.2023 20:31,Within SLA,30.01.2023 22:10,Within SLA,,7.0,,Other,Tier 1,Germany,51.165691,10.451526,0
Closed,1273,Low,Chat,Feature request,1st line support,Sheela Cutten,30.01.2023 16:27,31.01.2023 16:27,30.01.2023 16:29,30.01.2023 16:29,Within SLA,30.01.2023 23:17,Within SLA,02.02.2023 05:10,2.0,4.0,Custom software development,Tier 1,Italy,43.036776,12.678565,1
Closed,1274,Low,Email,Pricing and licensing,1st line support,Sheela Cutten,30.01.2023 19:13,01.02.2023 19:13,30.01.2023 20:13,30.01.2023 19:49,Within SLA,31.01.2023 06:09,Within SLA,04.02.2023 22:13,3.0,5.0,Custom software development,Tier 1,Poland,52.536273,19.050639,1
Closed,1275,High,Chat,Product setup,1st line support,Nicola Wane,30.01.2023 03:48,31.01.2023 03:48,30.01.2023 03:50,30.01.2023 03:48,Within SLA,30.01.2023 04:47,Within SLA,04.02.2023 09:59,8.0,3.0,Other,Tier 1,United Kingdom,55.378052,-3.435973,1
In progress,1276,Low,Chat,Product setup,1st line support,Nicola Wane,30.01.2023 16:43,31.01.2023 16:43,30.01.2023 16:45,30.01.2023 16:44,Within SLA,,SLA Violated,,4.0,,Training and Consulting Services,Tier 1,Germany,51.165691,10.451526,0
In progress,1277,Low,Email,Feature request,1st line support,Nicola Wane,31.01.2023 09:59,02.02.2023 09:59,31.01.2023 10:59,31.01.2023 11:08,SLA Violated,,SLA Violated,,1.0,,Custom software development,Tier 1,France,48.864716,2.349014,0
Closed,1278,High,Email,Pricing and licensing,1st line support,Connor Danielovitch,31.01.2023 08:43,02.02.2023 08:43,31.01.2023 09:43,31.01.2023 08:59,Within SLA,31.01.2023 15:38,Within SLA,05.02.2023 16:21,2.0,3.0,Custom software development,Tier 1,Slovenia,46.1491664,14.9860106,1
Closed,1279,High,Chat,Pricing and licensing,1st line support,Connor Danielovitch,31.01.2023 23:25,01.02.2023 23:25,31.01.2023 23:27,31.01.2023 23:29,SLA Violated,01.02.2023 11:02,Within SLA,03.02.2023 13:08,2.0,4.0,Custom software development,Tier 1,Italy,43.036776,12.678565,1
Resolved,1280,Low,Chat,Feature request,1st line support,Sheela Cutten,31.01.2023 12:27,01.02.2023 12:27,31.01.2023 12:29,31.01.2023 12:29,Within SLA,31.01.2023 15:58,Within SLA,,6.0,,Custom software development,Tier 1,Germany,51.165691,10.451526,0
Resolved,1281,High,Email,Product setup,2nd line support,Heather Urry,31.01.2023 12:56,02.02.2023 12:56,31.01.2023 13:56,31.01.2023 13:16,Within SLA,02.02.2023 01:02,Within SLA,,1.0,,Training and Consulting Services,Tier 2,Republic of Ireland,53.094024,-8.019675,0
Resolved,1282,Medium,Email,Feature request,1st line support,Nicola Wane,31.01.2023 21:52,02.02.2023 21:52,31.01.2023 22:52,31.01.2023 22:18,Within SLA,01.02.2023 19:15,Within SLA,,4.0,,Custom software development,Tier 1,Bulgaria,42.7249925,25.4833039,0
Closed,1283,Low,Email,Purchasing and invoicing,1st line support,Connor Danielovitch,01.02.2023 11:03,03.02.2023 11:03,01.02.2023 12:03,01.02.2023 11:18,Within SLA,02.02.2023 06:17,Within SLA,05.02.2023 18:12,8.0,4.0,Custom software development,Tier 1,Republic of Ireland,53.094024,-8.019675,1
Closed,1284,Medium,Email,Product setup,2nd line support,Heather Urry,01.02.2023 10:07,03.02.2023 10:07,01.02.2023 11:07,01.02.2023 11:02,Within SLA,02.02.2023 09:11,Within SLA,04.02.2023 21:16,8.0,1.0,Other,Tier 2,Austria,47.6964719,13.3457347,1
In progress,1285,Low,Phone,Pricing and licensing,2nd line support,Michele Whyatt,01.02.2023 01:05,03.02.2023 01:05,01.02.2023 01:07,01.02.2023 01:06,Within SLA,,SLA Violated,,2.0,,Custom software development,Tier 2,United Kingdom,55.378052,-3.435973,0
Closed,1286,Medium,Email,Feature request,1st line support,Nicola Wane,01.02.2023 12:49,03.02.2023 12:49,01.02.2023 13:49,01.02.2023 13:40,Within SLA,2023-02-06 01:12:16.060,SLA Violated,07.02.2023 04:04,10.0,4.0,Custom software development,Tier 1,Poland,52.536273,19.050639,1
Resolved,1287,Low,Chat,Product setup,2nd line support,Adolpho Messingham,01.02.2023 20:49,02.02.2023 20:49,01.02.2023 20:51,01.02.2023 20:50,Within SLA,2023-02-04 22:34:56.072,SLA Violated,,4.0,,Custom software development,Tier 2,Germany,51.165691,10.451526,0
Closed,1288,Medium,Phone,Other,2nd line support,Adolpho Messingham,01.02.2023 19:56,03.02.2023 19:56,01.02.2023 19:58,01.02.2023 01:10,Within SLA,03.02.2023 02:35,Within SLA,06.02.2023 23:55,2.0,5.0,Training and Consulting Services,Tier 2,Bulgaria,42.7249925,25.4833039,1
Closed,1289,Low,Email,Other,1st line support,Connor Danielovitch,01.02.2023 09:34,03.02.2023 09:34,01.02.2023 10:34,01.02.2023 10:03,Within SLA,02.02.2023 16:28,Within SLA,06.02.2023 09:35,3.0,3.0,Ready to use Software,Tier 1,Austria,47.6964719,13.3457347,1
Closed,1291,Medium,Email,Pricing and licensing,1st line support,Connor Danielovitch,01.02.2023 01:23,03.02.2023 01:23,01.02.2023 02:23,01.02.2023 06:04,SLA Violated,01.02.2023 21:26,Within SLA,05.02.2023 14:02,2.0,4.0,Other,Tier 1,France,48.864716,2.349014,1
Closed,1292,Low,Chat,Product setup,1st line support,Kristos Westoll,01.02.2023 08:00,02.02.2023 08:00,01.02.2023 08:02,2023-02-01 08:02:38.068,Within SLA,01.02.2023 17:27,Within SLA,08.02.2023 06:53,8.0,2.0,Ready to use Software,Tier 1,Republic of Ireland,53.094024,-8.019675,1
In progress,1294,Low,Email,Feature request,1st line support,Bernard Beckley,02.02.2023 15:20,04.02.2023 15:20,02.02.2023 16:20,02.02.2023 15:44,Within SLA,,SLA Violated,,4.0,,Other,Tier 1,Republic of Ireland,53.094024,-8.019675,0
Resolved,1295,Low,Email,Feature request,1st line support,Connor Danielovitch,02.02.2023 00:08,04.02.2023 00:08,02.02.2023 01:08,2023-02-02 00:44:07.017,Within SLA,02.02.2023 04:25,Within SLA,,1.0,,Ready to use Software,Tier 1,Bulgaria,42.7249925,25.4833039,0
Closed,1296,Medium,Chat,Pricing and licensing,1st line support,Nicola Wane,02.02.2023 02:14,03.02.2023 02:14,02.02.2023 02:16,02.02.2023 02:14,Within SLA,2023-02-02 14:39:24.072,Within SLA,07.02.2023 16:43,4.0,1.0,Custom software development,Tier 1,Italy,43.036776,12.678565,1
Closed,1297,Low,Chat,Product setup,1st line support,Sheela Cutten,02.02.2023 23:36,03.02.2023 23:36,02.02.2023 23:38,02.02.2023 23:37,Within SLA,03.02.2023 22:56,Within SLA,06.02.2023 17:51,60.0,3.0,Ready to use Software,Tier 1,Czech Republic,49.8037633,15.4749126,1
Closed,1298,Low,Email,Feature request,1st line support,Connor Danielovitch,02.02.2023 16:29,04.02.2023 16:29,02.02.2023 17:29,02.02.2023 17:16,Within SLA,04.02.2023 08:41,Within SLA,05.02.2023 15:55,8.0,5.0,Ready to use Software,Tier 1,Spain,39.67337,-4.767726,1
Closed,1299,Low,Phone,Feature request,1st line support,Bernard Beckley,02.02.2023 07:41,04.02.2023 07:41,02.02.2023 07:43,02.02.2023 07:43,Within SLA,03.02.2023 00:33,Within SLA,05.02.2023 11:51,2.0,1.0,Custom software development,Tier 1,Slovenia,46.1491664,14.9860106,1
Resolved,1300,Medium,Chat,Pricing and Licensing,1st line support,Bernard Beckley,03.02.2023 14:41,04.02.2023 14:41,03.02.2023 14:43,03.02.2023 14:42,Within SLA,06.02.2023 03:29,SLA Violated,,6.0,,Custom software development,Tier 1,Czech Republic,49.8037633,15.4749126,0
Closed,1301,Low,Phone,Product setup,1st line support,Connor Danielovitch,03.02.2023 23:09,05.02.2023 23:09,03.02.2023 23:11,03.02.2023 23:09,Within SLA,05.02.2023 17:59,Within SLA,06.02.2023 16:06,1.0,3.0,Ready to use Software,Tier 1,Greece,39.368279,21.863141,1
Resolved,1302,High,Email,Pricing and licensing,1st line support,Sheela Cutten,03.02.2023 20:17,05.02.2023 20:17,03.02.2023 21:17,03.02.2023 21:10,Within SLA,05.02.2023 13:15,Within SLA,,3.0,,Custom software development,Tier 1,Italy,43.036776,12.678565,0
Resolved,1303,Low,Phone,Product setup,1st line support,Nicola Wane,03.02.2023 18:46,05.02.2023 18:46,03.02.2023 18:48,2023-02-03 18:49:43.043,SLA Violated,04.02.2023 05:03,Within SLA,,3.0,,Ready to use Software,Tier 1,Slovenia,46.1491664,14.9860106,0
Resolved,1304,Medium,Phone,Purchasing and invoicing,1st line support,Sheela Cutten,03.02.2023 19:19,05.02.2023 19:19,03.02.2023 19:21,2023-02-03 19:24:43.044,SLA Violated,05.02.2023 12:43,Within SLA,,5.0,,Other,Tier 1,Germany,51.165691,10.451526,0
Resolved,1305,Low,Email,Purchasing and invoicing,1st line support,Bernard Beckley,03.02.2023 01:50,05.02.2023 01:50,03.02.2023 02:50,2023-02-03 02:11:52.022,Within SLA,03.02.2023 05:17,Within SLA,,1.0,,Ready to use Software,Tier 1,Czech Republic,49.8037633,15.4749126,0
Closed,1306,High,Chat,Bug report,1st line support,Connor Danielovitch,04.02.2023 13:06,05.02.2023 13:06,04.02.2023 13:08,04.02.2023 13:08,Within SLA,04.02.2023 15:20,Within SLA,08.02.2023 02:49,7.0,5.0,Training and Consulting Services,Tier 1,United Kingdom,55.378052,-3.435973,1
Closed,1307,Low,Email,Product setup,1st line support,Kristos Westoll,04.02.2023 22:36,06.02.2023 22:36,04.02.2023 23:36,04.02.2023 23:15,Within SLA,05.02.2023 11:17,Within SLA,09.02.2023 00:46,10.0,5.0,Ready to use Software,Tier 1,Republic of Ireland,53.094024,-8.019675,1
Resolved,1317,High,Email,Feature request,2nd line support,Heather Urry,05.02.2023 00:18,07.02.2023 00:18,05.02.2023 01:18,05.02.2023 00:52,Within SLA,06.02.2023 21:46,Within SLA,,3.0,,Other,Tier 2,Austria,47.6964719,13.3457347,0
Closed,1318,Low,Email,Pricing and licensing,1st line support,Nicola Wane,05.02.2023 02:31,07.02.2023 02:31,05.02.2023 03:31,2023-02-05 03:30:22.062,Within SLA,06.02.2023 16:16,Within SLA,10.02.2023 19:21,2.0,4.0,Other,Tier 1,France,48.864716,2.349014,1
Resolved,1319,Medium,Chat,Bug report,2nd line support,Heather Urry,05.02.2023 05:01,06.02.2023 05:01,05.02.2023 05:03,05.02.2023 05:03,Within SLA,05.02.2023 17:35,Within SLA,,4.0,,Custom software development,Tier 2,Bulgaria,42.7249925,25.4833039,0
In progress,1321,Low,Email,Pricing and Licensing,1st line support,Kristos Westoll,05.02.2023 05:51,07.02.2023 05:51,05.02.2023 06:51,05.02.2023 06:46,Within SLA,,SLA Violated,,1.0,,Custom software development,Tier 1,Republic of Ireland,53.094024,-8.019675,0
Resolved,1323,Low,Email,Pricing and licensing,1st line support,Nicola Wane,06.02.2023 20:45,08.02.2023 20:45,06.02.2023 21:45,06.02.2023 21:14,Within SLA,06.02.2023 23:33,Within SLA,,3.0,,Ready to use Software,Tier 1,Austria,47.6964719,13.3457347,0
Resolved,1324,Medium,Email,Pricing and licensing,2nd line support,Michele Whyatt,06.02.2023 08:09,08.02.2023 08:09,06.02.2023 09:09,06.02.2023 08:19,Within SLA,10.02.2023 04:43,SLA Violated,,1.0,,Custom software development,Tier 2,Germany,51.165691,10.451526,0
Closed,1325,Medium,Email,Purchasing and invoicing,1st line support,Sheela Cutten,06.02.2023 02:27,08.02.2023 02:27,06.02.2023 03:27,06.02.2023 02:56,Within SLA,06.02.2023 09:55,Within SLA,08.02.2023 16:27,5.0,5.0,Custom software development,Tier 1,United Kingdom,55.378052,-3.435973,1
Closed,1326,Medium,Chat,Product setup,1st line support,Kristos Westoll,06.02.2023 08:26,07.02.2023 08:26,06.02.2023 08:28,2023-02-06 08:30:58.074,SLA Violated,06.02.2023 15:57,Within SLA,12.02.2023 09:14,4.0,4.0,Other,Tier 1,France,48.864716,2.349014,1
Resolved,1327,High,Chat,Bug report,1st line support,Bernard Beckley,06.02.2023 03:34,07.02.2023 03:34,06.02.2023 03:36,06.02.2023 03:35,Within SLA,06.02.2023 10:45,Within SLA,,6.0,,Ready to use Software,Tier 1,Republic of Ireland,53.094024,-8.019675,0
In progress,1328,Low,Email,Feature request,1st line support,Connor Danielovitch,06.02.2023 10:53,08.02.2023 10:53,06.02.2023 11:53,06.02.2023 11:49,Within SLA,,SLA Violated,,1.0,,Custom software development,Tier 1,Bulgaria,42.7249925,25.4833039,0
In progress,1329,Medium,Chat,Bug report,1st line support,Bernard Beckley,06.02.2023 12:00,07.02.2023 12:00,06.02.2023 12:02,06.02.2023 12:00,Within SLA,,SLA Violated,,6.0,,Ready to use Software,Tier 1,Republic of Ireland,53.094024,-8.019675,0
Resolved,1330,Low,Email,Purchasing and invoicing,1st line support,Bernard Beckley,06.02.2023 11:37,08.02.2023 11:37,06.02.2023 12:37,2023-02-06 11:58:14.085,Within SLA,07.02.2023 06:23,Within SLA,,3.0,,Custom software development,Tier 1,Republic of Ireland,53.094024,-8.019675,0
Resolved,1331,Medium,Email,Purchasing and invoicing,1st line support,Nicola Wane,07.02.2023 18:37,09.02.2023 18:37,07.02.2023 19:37,2023-02-08 02:30:10.069,SLA Violated,07.02.2023 23:03,Within SLA,,9.0,,Other,Tier 1,Slovenia,46.1491664,14.9860106,0
Resolved,1332,High,Email,Product setup,1st line support,Sheela Cutten,07.02.2023 11:38,09.02.2023 11:38,07.02.2023 12:38,07.02.2023 11:58,Within SLA,2023-02-08 23:29:06.037,Within SLA,,4.0,,Training and Consulting Services,Tier 1,Austria,47.6964719,13.3457347,0
Closed,1333,Medium,Chat,Feature request,1st line support,Sheela Cutten,07.02.2023 11:08,08.02.2023 11:08,07.02.2023 11:10,07.02.2023 11:09,Within SLA,10.02.2023 19:19,SLA Violated,10.02.2023 23:38,6.0,3.0,Ready to use Software,Tier 1,Slovenia,46.1491664,14.9860106,1
Closed,1334,Low,Phone,Product setup,1st line support,Nicola Wane,07.02.2023 01:47,09.02.2023 01:47,07.02.2023 01:49,07.02.2023 01:49,Within SLA,08.02.2023 23:23,Within SLA,12.02.2023 13:38,5.0,2.0,Training and Consulting Services,Tier 1,Spain,39.67337,-4.767726,1
In progress,1335,High,Email,Bug report,1st line support,Sheela Cutten,07.02.2023 04:06,09.02.2023 04:06,07.02.2023 05:06,07.02.2023 04:24,Within SLA,,SLA Violated,,1.0,,Custom software development,Tier 1,France,48.864716,2.349014,0
Closed,1336,Low,Email,Other,1st line support,Connor Danielovitch,07.02.2023 19:03,09.02.2023 19:03,07.02.2023 20:03,07.02.2023 19:33,Within SLA,2023-02-08 08:23:06.081,Within SLA,14.02.2023 00:58,2.0,4.0,Custom software development,Tier 1,Germany,51.165691,10.451526,1
Closed,1337,High,Chat,Pricing and licensing,1st line support,Nicola Wane,08.02.2023 04:57,09.02.2023 04:57,08.02.2023 04:59,08.02.2023 04:58,Within SLA,08.02.2023 16:56,Within SLA,12.02.2023 05:52,2.0,4.0,Ready to use Software,Tier 1,United Kingdom,55.378052,-3.435973,1
Closed,1338,Low,Email,Product setup,1st line support,Sheela Cutten,08.02.2023 16:09,10.02.2023 16:09,08.02.2023 17:09,08.02.2023 16:23,Within SLA,10.02.2023 04:36,Within SLA,10.02.2023 19:50,2.0,3.0,Training and Consulting Services,Tier 1,United Kingdom,55.378052,-3.435973,1
Resolved,1339,Low,Email,Pricing and licensing,1st line support,Kristos Westoll,08.02.2023 16:05,10.02.2023 16:05,08.02.2023 17:05,08.02.2023 16:37,Within SLA,09.02.2023 16:52,Within SLA,,1.0,,Training and Consulting Services,Tier 1,Austria,47.6964719,13.3457347,0
Closed,1340,Low,Phone,Other,2nd line support,Michele Whyatt,08.02.2023 04:38,10.02.2023 04:38,08.02.2023 04:40,08.02.2023 04:39,Within SLA,09.02.2023 03:39,Within SLA,2023-02-08 14:20:06.012,3.0,5.0,Ready to use Software,Tier 2,Poland,52.536273,19.050639,1
In progress,1341,Medium,Phone,Pricing and Licensing,1st line support,Kristos Westoll,08.02.2023 13:44,10.02.2023 13:44,08.02.2023 13:46,08.02.2023 13:46,Within SLA,,SLA Violated,,1.0,,Custom software development,Tier 1,Poland,52.536273,19.050639,0
Resolved,1342,Low,Email,Pricing and licensing,2nd line support,Michele Whyatt,09.02.2023 08:50,11.02.2023 08:50,09.02.2023 09:50,2023-02-09 09:22:37.044,Within SLA,10.02.2023 13:49,Within SLA,,1.0,,Training and Consulting Services,Tier 2,Slovenia,46.1491664,14.9860106,0
Resolved,1343,Low,Chat,Pricing and licensing,1st line support,Kristos Westoll,09.02.2023 06:38,10.02.2023 06:38,09.02.2023 06:40,09.02.2023 06:39,Within SLA,10.02.2023 02:18,Within SLA,,60.0,,Ready to use Software,Tier 1,Germany,51.165691,10.451526,0
In progress,1344,High,Chat,Product setup,1st line support,Sheela Cutten,09.02.2023 07:54,10.02.2023 07:54,09.02.2023 07:56,09.02.2023 07:59,SLA Violated,,SLA Violated,,4.0,,Other,Tier 1,Italy,43.036776,12.678565,0
Resolved,1345,Medium,Email,Product setup,2nd line support,Adolpho Messingham,09.02.2023 19:20,11.02.2023 19:20,09.02.2023 20:20,09.02.2023 19:27,Within SLA,10.02.2023 06:49,Within SLA,,2.0,,Custom software development,Tier 2,Slovenia,46.1491664,14.9860106,0
In progress,1346,Medium,Chat,Bug report,1st line support,Sheela Cutten,09.02.2023 03:51,10.02.2023 03:51,09.02.2023 03:53,09.02.2023 03:51,Within SLA,,SLA Violated,,6.0,,Custom software development,Tier 1,Austria,47.6964719,13.3457347,0
In progress,1347,Low,Email,Product setup,1st line support,Nicola Wane,09.02.2023 20:42,11.02.2023 20:42,09.02.2023 21:42,09.02.2023 21:34,Within SLA,,SLA Violated,,9.0,,Ready to use Software,Tier 1,Italy,43.036776,12.678565,0
Resolved,1348,High,Email,Bug report,2nd line support,Michele Whyatt,09.02.2023 20:34,11.02.2023 20:34,09.02.2023 21:34,09.02.2023 21:19,Within SLA,10.02.2023 10:21,Within SLA,,6.0,,Training and Consulting Services,Tier 2,Germany,51.165691,10.451526,0
Resolved,1349,Low,Email,Bug report,1st line support,Sheela Cutten,09.02.2023 03:04,11.02.2023 03:04,09.02.2023 04:04,09.02.2023 03:32,Within SLA,10.02.2023 09:37,Within SLA,,5.0,,Ready to use Software,Tier 1,Greece,39.368279,21.863141,0
Closed,1350,Low,Email,Feature request,1st line support,Kristos Westoll,09.02.2023 10:01,11.02.2023 10:01,09.02.2023 11:01,09.02.2023 10:55,Within SLA,09.02.2023 14:23,Within SLA,2023-02-11 20:32:34.057,10.0,5.0,Other,Tier 1,Spain,39.67337,-4.767726,1
In progress,1351,Medium,Email,Purchasing and invoicing,1st line support,Sheela Cutten,09.02.2023 11:28,11.02.2023 11:28,09.02.2023 12:28,09.02.2023 11:52,Within SLA,,SLA Violated,,3.0,,Custom software development,Tier 1,Greece,39.368279,21.863141,0
In progress,1352,Medium,Email,Product setup,1st line support,Connor Danielovitch,10.02.2023 23:16,12.02.2023 23:16,11.02.2023 00:16,10.02.2023 23:39,Within SLA,,SLA Violated,,2.0,,Other,Tier 1,Republic of Ireland,53.094024,-8.019675,0
Resolved,1353,Low,Phone,Other,1st line support,Connor Danielovitch,10.02.2023 21:21,12.02.2023 21:21,10.02.2023 21:23,10.02.2023 21:22,Within SLA,2023-02-11 05:27:01.006,Within SLA,,3.0,,Custom software development,Tier 1,Germany,51.165691,10.451526,0
Closed,1354,Medium,Email,Other,1st line support,Nicola Wane,10.02.2023 03:56,12.02.2023 03:56,10.02.2023 04:56,10.02.2023 04:01,Within SLA,13.02.2023 07:35,SLA Violated,13.02.2023 13:26,10.0,5.0,Ready to use Software,Tier 1,Poland,52.536273,19.050639,1
Closed,1355,High,Phone,Pricing and licensing,1st line support,Connor Danielovitch,10.02.2023 10:39,12.02.2023 10:39,10.02.2023 10:41,10.02.2023 10:43,SLA Violated,13.02.2023 09:15,SLA Violated,14.02.2023 08:33,2.0,3.0,Ready to use Software,Tier 1,United Kingdom,55.378052,-3.435973,1
Resolved,1356,High,Chat,Pricing and licensing,1st line support,Nicola Wane,10.02.2023 07:48,11.02.2023 07:48,10.02.2023 07:50,10.02.2023 07:49,Within SLA,11.02.2023 00:46,Within SLA,,6.0,,Custom software development,Tier 1,Italy,43.036776,12.678565,0
Resolved,1357,Low,Email,Product setup,1st line support,Kristos Westoll,11.02.2023 23:15,13.02.2023 23:15,12.02.2023 00:15,12.02.2023 00:10,Within SLA,13.02.2023 08:12,Within SLA,,6.0,,Training and Consulting Services,Tier 1,Spain,39.67337,-4.767726,0
In progress,1358,Medium,Email,Bug report,1st line support,Nicola Wane,11.02.2023 17:13,13.02.2023 17:13,11.02.2023 18:13,11.02.2023 22:22,SLA Violated,,SLA Violated,,4.0,,Custom software development,Tier 1,Italy,43.036776,12.678565,0
Closed,1359,Medium,Chat,Product setup,1st line support,Bernard Beckley,11.02.2023 23:00,12.02.2023 23:00,11.02.2023 23:02,2023-02-11 23:02:37.030,Within SLA,12.02.2023 22:01,Within SLA,16.02.2023 07:06,2.0,3.0,Ready to use Software,Tier 1,United Kingdom,55.378052,-3.435973,1
Resolved,1368,High,Chat,Other,1st line support,Kristos Westoll,12.02.2023 17:55,13.02.2023 17:55,12.02.2023 17:57,12.02.2023 18:00,SLA Violated,13.02.2023 17:09,Within SLA,,6.0,,Other,Tier 1,Spain,39.67337,-4.767726,0
Closed,1372,Low,Email,Other,1st line support,Nicola Wane,12.02.2023 20:50,14.02.2023 20:50,12.02.2023 21:50,12.02.2023 21:02,Within SLA,13.02.2023 14:36,Within SLA,14.02.2023 10:17,5.0,3.0,Training and Consulting Services,Tier 1,United Kingdom,55.378052,-3.435973,1
Resolved,1373,High,Chat,Product setup,1st line support,Bernard Beckley,12.02.2023 13:46,13.02.2023 13:46,12.02.2023 13:48,12.02.2023 13:47,Within SLA,13.02.2023 08:21,Within SLA,,6.0,,Ready to use Software,Tier 1,Bulgaria,42.7249925,25.4833039,0
Closed,1374,High,Email,Product setup,1st line support,Sheela Cutten,13.02.2023 16:58,15.02.2023 16:58,13.02.2023 17:58,13.02.2023 17:26,Within SLA,15.02.2023 02:51,Within SLA,2023-02-19 15:33:51.059,7.0,4.0,Ready to use Software,Tier 1,Greece,39.368279,21.863141,1
Closed,1375,High,Chat,Feature request,1st line support,Kristos Westoll,13.02.2023 05:54,14.02.2023 05:54,13.02.2023 05:56,2023-02-13 05:54:13.005,Within SLA,13.02.2023 09:43,Within SLA,15.02.2023 09:20,8.0,4.0,Custom software development,Tier 1,United Kingdom,55.378052,-3.435973,1
Closed,1376,Medium,Email,Feature request,2nd line support,Heather Urry,13.02.2023 22:00,15.02.2023 22:00,13.02.2023 23:00,13.02.2023 22:38,Within SLA,14.02.2023 18:30,Within SLA,17.02.2023 00:45,1.0,5.0,Custom software development,Tier 2,France,48.864716,2.349014,1
Closed,1377,Medium,Chat,Product setup,1st line support,Kristos Westoll,13.02.2023 15:35,14.02.2023 15:35,13.02.2023 15:37,13.02.2023 15:36,Within SLA,13.02.2023 21:59,Within SLA,2023-02-18 12:49:55.035,2.0,5.0,Ready to use Software,Tier 1,Austria,47.6964719,13.3457347,1
In progress,1378,High,Chat,Pricing and licensing,1st line support,Nicola Wane,13.02.2023 11:51,14.02.2023 11:51,13.02.2023 11:53,13.02.2023 11:53,Within SLA,,SLA Violated,,6.0,,Other,Tier 1,Germany,51.165691,10.451526,0
Closed,1379,Low,Email,Product setup,1st line support,Sheela Cutten,14.02.2023 15:59,16.02.2023 15:59,14.02.2023 16:59,14.02.2023 16:11,Within SLA,16.02.2023 12:20,Within SLA,15.02.2023 19:54,3.0,4.0,Ready to use Software,Tier 1,Poland,52.536273,19.050639,1
In progress,1380,Low,Email,Bug report,2nd line support,Adolpho Messingham,14.02.2023 14:37,16.02.2023 14:37,14.02.2023 15:37,14.02.2023 15:28,Within SLA,,SLA Violated,,2.0,,Ready to use Software,Tier 2,United Kingdom,55.378052,-3.435973,0
Closed,1381,Medium,Email,Pricing and licensing,2nd line support,Heather Urry,14.02.2023 13:50,16.02.2023 13:50,14.02.2023 14:50,14.02.2023 14:34,Within SLA,15.02.2023 09:50,Within SLA,20.02.2023 00:57,1.0,1.0,Custom software development,Tier 2,Germany,51.165691,10.451526,1
Resolved,1382,High,Email,Pricing and licensing,1st line support,Connor Danielovitch,14.02.2023 22:46,16.02.2023 22:46,14.02.2023 23:46,14.02.2023 23:57,SLA Violated,15.02.2023 07:22,Within SLA,,3.0,,Other,Tier 1,Greece,39.368279,21.863141,0
Resolved,1383,Low,Chat,Product setup,1st line support,Kristos Westoll,14.02.2023 05:47,15.02.2023 05:47,14.02.2023 05:49,14.02.2023 05:48,Within SLA,14.02.2023 09:08,Within SLA,,7.0,,Ready to use Software,Tier 1,Bulgaria,42.7249925,25.4833039,0
Resolved,1384,Low,Phone,Pricing and licensing,1st line support,Kristos Westoll,14.02.2023 15:54,16.02.2023 15:54,14.02.2023 15:56,14.02.2023 15:56,SLA Violated,14.02.2023 20:39,Within SLA,,6.0,,Ready to use Software,Tier 1,Germany,51.165691,10.451526,0
Closed,1385,Low,Email,Product setup,2nd line support,Michele Whyatt,14.02.2023 10:28,16.02.2023 10:28,14.02.2023 11:28,14.02.2023 10:59,Within SLA,15.02.2023 08:28,Within SLA,20.02.2023 05:47,1.0,1.0,Ready to use Software,Tier 2,Austria,47.6964719,13.3457347,1
Closed,1386,High,Phone,Feature request,2nd line support,Michele Whyatt,14.02.2023 08:24,16.02.2023 08:24,14.02.2023 08:26,14.02.2023 08:27,SLA Violated,2023-02-14 17:14:24.069,Within SLA,16.02.2023 03:22,2.0,1.0,Other,Tier 2,Italy,43.036776,12.678565,1
In progress,1387,Medium,Phone,Other,1st line support,Kristos Westoll,15.02.2023 18:19,17.02.2023 18:19,15.02.2023 18:21,15.02.2023 18:19,Within SLA,,SLA Violated,,2.0,,Ready to use Software,Tier 1,Poland,52.536273,19.050639,0
Closed,1388,Low,Email,Pricing and licensing,1st line support,Sheela Cutten,15.02.2023 17:28,17.02.2023 17:28,15.02.2023 18:28,15.02.2023 18:02,Within SLA,17.02.2023 12:53,Within SLA,21.02.2023 07:14,7.0,5.0,Ready to use Software,Tier 1,Italy,43.036776,12.678565,1
Closed,1389,Low,Email,Pricing and licensing,2nd line support,Michele Whyatt,15.02.2023 17:13,17.02.2023 17:13,15.02.2023 18:13,15.02.2023 17:23,Within SLA,16.02.2023 14:43,Within SLA,17.02.2023 13:39,6.0,1.0,Custom software development,Tier 2,Greece,39.368279,21.863141,1
Resolved,1390,High,Email,Product setup,1st line support,Nicola Wane,15.02.2023 02:01,17.02.2023 02:01,15.02.2023 03:01,15.02.2023 02:27,Within SLA,17.02.2023 00:02,Within SLA,,10.0,,Ready to use Software,Tier 1,Poland,52.536273,19.050639,0
Resolved,1391,Low,Email,Bug report,1st line support,Sheela Cutten,15.02.2023 00:06,17.02.2023 00:06,15.02.2023 01:06,15.02.2023 00:23,Within SLA,15.02.2023 11:07,Within SLA,,8.0,,Ready to use Software,Tier 1,United Kingdom,55.378052,-3.435973,0
Closed,1392,Low,Email,Pricing and Licensing,1st line support,Bernard Beckley,15.02.2023 12:18,17.02.2023 12:18,15.02.2023 13:18,15.02.2023 12:20,Within SLA,18.02.2023 15:38,SLA Violated,20.02.2023 05:56,5.0,5.0,Custom software development,Tier 1,Spain,39.67337,-4.767726,1
Resolved,1393,High,Phone,Pricing and Licensing,1st line support,Kristos Westoll,15.02.2023 00:29,17.02.2023 00:29,15.02.2023 00:31,15.02.2023 00:29,Within SLA,15.02.2023 17:52,Within SLA,,1.0,,Custom software development,Tier 1,Italy,43.036776,12.678565,0
Resolved,1394,High,Email,Pricing and licensing,2nd line support,Heather Urry,15.02.2023 16:04,17.02.2023 16:04,15.02.2023 17:04,15.02.2023 16:15,Within SLA,17.02.2023 07:27,Within SLA,,1.0,,Ready to use Software,Tier 2,United Kingdom,55.378052,-3.435973,0
Closed,1395,Medium,Chat,Product setup,1st line support,Bernard Beckley,15.02.2023 10:04,16.02.2023 10:04,15.02.2023 10:06,15.02.2023 10:05,Within SLA,15.02.2023 17:21,Within SLA,21.02.2023 04:09,6.0,4.0,Other,Tier 1,Poland,52.536273,19.050639,1
Resolved,1396,Low,Email,Purchasing and invoicing,1st line support,Kristos Westoll,15.02.2023 04:35,17.02.2023 04:35,15.02.2023 05:35,15.02.2023 06:58,SLA Violated,16.02.2023 12:44,Within SLA,,1.0,,Ready to use Software,Tier 1,Italy,43.036776,12.678565,0
Resolved,1397,Low,Email,Product setup,1st line support,Sheela Cutten,16.02.2023 00:26,18.02.2023 00:26,16.02.2023 01:26,16.02.2023 00:55,Within SLA,16.02.2023 06:30,Within SLA,,1.0,,Other,Tier 1,Bulgaria,42.7249925,25.4833039,0
Closed,1398,High,Email,Feature request,1st line support,Sheela Cutten,16.02.2023 07:38,18.02.2023 07:38,16.02.2023 08:38,16.02.2023 08:18,Within SLA,17.02.2023 18:32,Within SLA,19.02.2023 09:43,9.0,4.0,Ready to use Software,Tier 1,Germany,51.165691,10.451526,1
In progress,1399,Medium,Chat,Pricing and licensing,2nd line support,Michele Whyatt,16.02.2023 12:00,17.02.2023 12:00,16.02.2023 12:02,16.02.2023 12:01,Within SLA,,SLA Violated,,60.0,,Custom software development,Tier 2,Poland,52.536273,19.050639,0
Closed,1400,Medium,Chat,Product setup,1st line support,Nicola Wane,16.02.2023 18:57,17.02.2023 18:57,16.02.2023 18:59,16.02.2023 18:57,Within SLA,16.02.2023 23:33,Within SLA,22.02.2023 23:05,6.0,4.0,Training and Consulting Services,Tier 1,Slovenia,46.1491664,14.9860106,1
Resolved,1401,Low,Email,Product setup,2nd line support,Heather Urry,16.02.2023 06:49,18.02.2023 06:49,16.02.2023 07:49,16.02.2023 07:09,Within SLA,16.02.2023 21:16,Within SLA,,1.0,,Custom software development,Tier 2,Poland,52.536273,19.050639,0
Resolved,1402,Low,Chat,Product setup,1st line support,Bernard Beckley,17.02.2023 21:06,18.02.2023 21:06,17.02.2023 21:08,17.02.2023 21:11,SLA Violated,18.02.2023 15:04,Within SLA,,6.0,,Training and Consulting Services,Tier 1,Germany,51.165691,10.451526,0
In progress,1403,Low,Email,Product setup,1st line support,Bernard Beckley,17.02.2023 07:44,19.02.2023 07:44,17.02.2023 08:44,17.02.2023 08:16,Within SLA,,SLA Violated,,5.0,,Other,Tier 1,Italy,43.036776,12.678565,0
Resolved,1404,Low,Email,Product setup,2nd line support,Heather Urry,17.02.2023 15:53,19.02.2023 15:53,17.02.2023 16:53,17.02.2023 15:59,Within SLA,19.02.2023 07:10,Within SLA,,4.0,,Other,Tier 2,Poland,52.536273,19.050639,0
Resolved,1405,Low,Email,Pricing and licensing,1st line support,Sheela Cutten,17.02.2023 02:42,19.02.2023 02:42,17.02.2023 03:42,17.02.2023 03:25,Within SLA,18.02.2023 12:14,Within SLA,,1.0,,Custom software development,Tier 1,Germany,51.165691,10.451526,0
In progress,1406,Low,Email,Pricing and licensing,1st line support,Connor Danielovitch,17.02.2023 04:27,19.02.2023 04:27,17.02.2023 05:27,17.02.2023 05:02,Within SLA,,SLA Violated,,2.0,,Other,Tier 1,United Kingdom,55.378052,-3.435973,0
In progress,1407,Medium,Email,Pricing and Licensing,1st line support,Bernard Beckley,17.02.2023 19:44,19.02.2023 19:44,17.02.2023 20:44,18.02.2023 00:25,SLA Violated,,SLA Violated,,1.0,,Custom software development,Tier 1,Italy,43.036776,12.678565,0
Closed,1408,Low,Email,Feature request,1st line support,Kristos Westoll,17.02.2023 03:04,19.02.2023 03:04,17.02.2023 04:04,17.02.2023 03:15,Within SLA,17.02.2023 05:15,Within SLA,18.02.2023 20:05,9.0,2.0,Custom software development,Tier 1,Poland,52.536273,19.050639,1
Resolved,1409,High,Phone,Feature request,2nd line support,Heather Urry,17.02.2023 12:53,19.02.2023 12:53,17.02.2023 12:55,17.02.2023 12:54,Within SLA,17.02.2023 18:56,Within SLA,,2.0,,Ready to use Software,Tier 2,Slovenia,46.1491664,14.9860106,0
Closed,1410,High,Email,Product setup,2nd line support,Adolpho Messingham,17.02.2023 11:53,19.02.2023 11:53,17.02.2023 12:53,17.02.2023 12:50,Within SLA,2023-02-17 20:58:47.082,Within SLA,18.02.2023 08:33,5.0,5.0,Other,Tier 2,Republic of Ireland,53.094024,-8.019675,1
Open,1411,Medium,Email,Pricing and licensing,1st line support,Kristos Westoll,18.02.2023 01:40,20.02.2023 01:40,18.02.2023 02:40,,SLA Violated,,SLA Violated,,,,Ready to use Software,Tier 1,Spain,39.67337,-4.767726,0
Resolved,1412,High,Email,Feature request,2nd line support,Adolpho Messingham,18.02.2023 01:11,20.02.2023 01:11,18.02.2023 02:11,18.02.2023 01:56,SLA Violated,23.02.2023 10:16,SLA Violated,,2.0,,Ready to use Software,Tier 2,Greece,39.368279,21.863141,0
Closed,1413,High,Email,Product setup,2nd line support,Heather Urry,18.02.2023 10:17,20.02.2023 10:17,18.02.2023 11:17,18.02.2023 11:00,SLA Violated,2023-02-20 15:00:00.082,SLA Violated,22.02.2023 10:52,1.0,4.0,Ready to use Software,Tier 2,Austria,47.6964719,13.3457347,1
Closed,1420,Low,Email,Purchasing and invoicing,1st line support,Bernard Beckley,19.02.2023 00:43,21.02.2023 00:43,19.02.2023 01:43,19.02.2023 01:01,SLA Violated,20.02.2023 06:53,Within SLA,2023-02-22 10:28:50.024,10.0,4.0,Other,Tier 1,United Kingdom,55.378052,-3.435973,1
Closed,1421,Medium,Email,Purchasing and invoicing,1st line support,Kristos Westoll,19.02.2023 22:39,21.02.2023 22:39,19.02.2023 23:39,19.02.2023 23:27,SLA Violated,2023-02-21 00:56:25.003,Within SLA,23.02.2023 11:23,9.0,5.0,Other,Tier 1,Spain,39.67337,-4.767726,1
Resolved,1422,Medium,Phone,Feature request,1st line support,Connor Danielovitch,19.02.2023 22:29,21.02.2023 22:29,19.02.2023 22:31,19.02.2023 22:32,SLA Violated,21.02.2023 18:37,Within SLA,,1.0,,Other,Tier 1,United Kingdom,55.378052,-3.435973,0
Open,1423,Low,Email,Feature request,1st line support,Kristos Westoll,19.02.2023 07:26,21.02.2023 07:26,19.02.2023 08:26,,SLA Violated,,SLA Violated,,,,Other,Tier 1,United Kingdom,55.378052,-3.435973,0
Closed,1424,Low,Phone,Pricing and licensing,1st line support,Bernard Beckley,19.02.2023 00:21,21.02.2023 00:21,19.02.2023 00:23,19.02.2023 00:22,SLA Violated,2023-02-20 02:58:47.066,Within SLA,23.02.2023 11:24,2.0,5.0,Ready to use Software,Tier 1,Poland,52.536273,19.050639,1
Closed,1425,Medium,Email,Pricing and licensing,1st line support,Bernard Beckley,19.02.2023 04:46,21.02.2023 04:46,19.02.2023 05:46,19.02.2023 04:50,SLA Violated,20.02.2023 10:42,Within SLA,22.02.2023 18:21,8.0,1.0,Custom software development,Tier 1,United Kingdom,55.378052,-3.435973,1
Resolved,1426,Medium,Phone,Training request,2nd line support,Michele Whyatt,20.02.2023 03:12,22.02.2023 03:12,20.02.2023 03:14,2023-02-20 03:12:05.084,SLA Violated,21.02.2023 15:04,Within SLA,,6.0,,Training and Consulting Services,Tier 2,Germany,51.165691,10.451526,0
Resolved,1427,Medium,Email,Bug report,1st line support,Nicola Wane,20.02.2023 06:04,22.02.2023 06:04,20.02.2023 07:04,20.02.2023 06:39,SLA Violated,21.02.2023 23:56,Within SLA,,2.0,,Ready to use Software,Tier 1,Greece,39.368279,21.863141,0
Resolved,1428,Medium,Email,Purchasing and invoicing,1st line support,Nicola Wane,20.02.2023 08:22,22.02.2023 08:22,20.02.2023 09:22,2023-02-20 09:19:06.088,SLA Violated,21.02.2023 19:47,Within SLA,,3.0,,Other,Tier 1,Czech Republic,49.8037633,15.4749126,0
Resolved,1429,Low,Email,Feature request,2nd line support,Adolpho Messingham,20.02.2023 17:13,22.02.2023 17:13,20.02.2023 18:13,20.02.2023 18:04,SLA Violated,21.02.2023 18:04,Within SLA,,2.0,,Other,Tier 2,Italy,43.036776,12.678565,0
Closed,1430,Low,Email,Product setup,1st line support,Nicola Wane,20.02.2023 21:22,22.02.2023 21:22,20.02.2023 22:22,20.02.2023 21:55,SLA Violated,20.02.2023 23:14,Within SLA,22.02.2023 22:01,1.0,1.0,Other,Tier 1,Slovenia,46.1491664,14.9860106,1
Resolved,1431,Low,Chat,Purchasing and invoicing,2nd line support,Heather Urry,20.02.2023 22:01,21.02.2023 22:01,20.02.2023 22:03,20.02.2023 22:04,SLA Violated,21.02.2023 10:33,Within SLA,,2.0,,Custom software development,Tier 2,Germany,51.165691,10.451526,0
Resolved,1432,Medium,Email,Feature request,1st line support,Bernard Beckley,20.02.2023 02:07,22.02.2023 02:07,20.02.2023 03:07,20.02.2023 02:46,SLA Violated,20.02.2023 17:37,Within SLA,,1.0,,Other,Tier 1,Greece,39.368279,21.863141,0
Closed,1433,Low,Chat,Pricing and licensing,2nd line support,Heather Urry,20.02.2023 21:27,21.02.2023 21:27,20.02.2023 21:29,20.02.2023 21:29,SLA Violated,2023-02-21 21:00:53.035,Within SLA,26.02.2023 07:53,2.0,5.0,Ready to use Software,Tier 2,Italy,43.036776,12.678565,1
In progress,1434,Low,Email,Pricing and licensing,2nd line support,Michele Whyatt,20.02.2023 11:10,22.02.2023 11:10,20.02.2023 12:10,20.02.2023 11:14,SLA Violated,,SLA Violated,,2.0,,Training and Consulting Services,Tier 2,Austria,47.6964719,13.3457347,0
Closed,1435,High,Phone,Product setup,2nd line support,Heather Urry,21.02.2023 19:30,23.02.2023 19:30,21.02.2023 19:32,21.02.2023 19:31,Within SLA,22.02.2023 21:05,Within SLA,2023-02-22 05:19:21.092,1.0,3.0,Ready to use Software,Tier 2,Italy,43.036776,12.678565,1
In progress,1436,High,Chat,Product setup,1st line support,Sheela Cutten,21.02.2023 04:21,22.02.2023 04:21,21.02.2023 04:23,21.02.2023 04:23,Within SLA,,SLA Violated,,4.0,,Training and Consulting Services,Tier 1,Italy,43.036776,12.678565,0
In progress,1437,Low,Chat,Pricing and licensing,1st line support,Nicola Wane,21.02.2023 11:56,22.02.2023 11:56,21.02.2023 11:58,21.02.2023 11:57,Within SLA,,SLA Violated,,6.0,,Other,Tier 1,Germany,51.165691,10.451526,0
In progress,1438,High,Email,Other,1st line support,Bernard Beckley,21.02.2023 17:45,23.02.2023 17:45,21.02.2023 18:45,21.02.2023 18:16,Within SLA,,SLA Violated,,1.0,,Custom software development,Tier 1,Poland,52.536273,19.050639,0
Closed,1439,Medium,Email,Pricing and licensing,1st line support,Nicola Wane,21.02.2023 21:30,23.02.2023 21:30,21.02.2023 22:30,21.02.2023 22:08,Within SLA,23.02.2023 11:59,Within SLA,24.02.2023 14:43,2.0,1.0,Ready to use Software,Tier 1,Austria,47.6964719,13.3457347,1
Resolved,1440,Medium,Email,Bug report,1st line support,Kristos Westoll,22.02.2023 01:36,24.02.2023 01:36,22.02.2023 02:36,22.02.2023 01:47,Within SLA,25.02.2023 15:30,SLA Violated,,6.0,,Ready to use Software,Tier 1,Poland,52.536273,19.050639,0
Resolved,1441,Medium,Chat,Pricing and licensing,1st line support,Connor Danielovitch,22.02.2023 15:41,23.02.2023 15:41,22.02.2023 15:43,22.02.2023 15:43,Within SLA,22.02.2023 23:55,Within SLA,,4.0,,Ready to use Software,Tier 1,Italy,43.036776,12.678565,0
In progress,1442,Low,Email,Pricing and licensing,1st line support,Kristos Westoll,22.02.2023 16:13,24.02.2023 16:13,22.02.2023 17:13,22.02.2023 20:30,SLA Violated,,SLA Violated,,2.0,,Custom software development,Tier 1,Austria,47.6964719,13.3457347,0
Resolved,1443,Low,Email,Training request,2nd line support,Heather Urry,22.02.2023 03:36,24.02.2023 03:36,22.02.2023 04:36,22.02.2023 04:07,Within SLA,22.02.2023 23:45,Within SLA,,1.0,,Training and Consulting Services,Tier 2,Czech Republic,49.8037633,15.4749126,0
Resolved,1444,Low,Email,Pricing and licensing,1st line support,Kristos Westoll,22.02.2023 17:31,24.02.2023 17:31,22.02.2023 18:31,22.02.2023 18:07,Within SLA,23.02.2023 22:15,Within SLA,,10.0,,Training and Consulting Services,Tier 1,France,48.864716,2.349014,0
Closed,1445,Medium,Email,Bug report,2nd line support,Michele Whyatt,23.02.2023 07:34,25.02.2023 07:34,23.02.2023 08:34,23.02.2023 08:27,Within SLA,24.02.2023 03:24,Within SLA,28.02.2023 12:38,10.0,5.0,Custom software development,Tier 2,Poland,52.536273,19.050639,1
In progress,1446,Low,Email,Training request,1st line support,Kristos Westoll,23.02.2023 12:45,25.02.2023 12:45,23.02.2023 13:45,23.02.2023 13:20,Within SLA,,SLA Violated,,9.0,,Training and Consulting Services,Tier 1,Germany,51.165691,10.451526,0
In progress,1447,High,Email,Product setup,1st line support,Bernard Beckley,23.02.2023 01:02,25.02.2023 01:02,23.02.2023 02:02,23.02.2023 01:19,Within SLA,,SLA Violated,,3.0,,Ready to use Software,Tier 1,Czech Republic,49.8037633,15.4749126,0
In progress,1448,Low,Chat,Pricing and Licensing,1st line support,Nicola Wane,23.02.2023 20:11,24.02.2023 20:11,23.02.2023 20:13,23.02.2023 20:12,Within SLA,,SLA Violated,,6.0,,Custom software development,Tier 1,Italy,43.036776,12.678565,0
Closed,1449,High,Chat,Purchasing and invoicing,2nd line support,Adolpho Messingham,24.02.2023 04:39,25.02.2023 04:39,24.02.2023 04:41,24.02.2023 04:43,SLA Violated,25.02.2023 00:35,Within SLA,2023-02-26 15:56:24.087,6.0,3.0,Ready to use Software,Tier 2,Italy,43.036776,12.678565,1
Closed,1450,Low,Chat,Bug report,1st line support,Nicola Wane,24.02.2023 09:50,25.02.2023 09:50,24.02.2023 09:52,24.02.2023 09:52,Within SLA,24.02.2023 12:22,Within SLA,28.02.2023 04:34,2.0,4.0,Ready to use Software,Tier 1,France,48.864716,2.349014,1
In progress,1451,High,Email,Purchasing and invoicing,1st line support,Nicola Wane,24.02.2023 09:10,26.02.2023 09:10,24.02.2023 10:10,24.02.2023 09:15,Within SLA,,SLA Violated,,2.0,,Training and Consulting Services,Tier 1,France,48.864716,2.349014,0
In progress,1452,Low,Email,Other,2nd line support,Heather Urry,24.02.2023 04:28,26.02.2023 04:28,24.02.2023 05:28,24.02.2023 04:44,Within SLA,,SLA Violated,,7.0,,Custom software development,Tier 2,Austria,47.6964719,13.3457347,0
Closed,1453,High,Email,Pricing and licensing,1st line support,Nicola Wane,24.02.2023 21:10,26.02.2023 21:10,24.02.2023 22:10,24.02.2023 21:40,Within SLA,26.02.2023 03:21,Within SLA,27.02.2023 07:36,6.0,1.0,Custom software development,Tier 1,Germany,51.165691,10.451526,1
In progress,1454,Low,Email,Pricing and Licensing,1st line support,Nicola Wane,25.02.2023 01:51,27.02.2023 01:51,25.02.2023 02:51,25.02.2023 06:52,SLA Violated,,SLA Violated,,1.0,,Custom software development,Tier 1,Germany,51.165691,10.451526,0
Closed,1455,Medium,Email,Bug report,1st line support,Bernard Beckley,25.02.2023 14:45,27.02.2023 14:45,25.02.2023 15:45,25.02.2023 14:59,Within SLA,26.02.2023 22:23,Within SLA,02.03.2023 14:33,10.0,5.0,Ready to use Software,Tier 1,Czech Republic,49.8037633,15.4749126,1
Closed,1466,High,Email,Product setup,1st line support,Kristos Westoll,26.02.2023 08:44,28.02.2023 08:44,26.02.2023 09:44,26.02.2023 08:44,Within SLA,28.02.2023 05:27,Within SLA,05.03.2023 10:09,10.0,3.0,Other,Tier 1,Republic of Ireland,53.094024,-8.019675,1
Resolved,1467,High,Chat,Other,1st line support,Sheela Cutten,26.02.2023 03:47,27.02.2023 03:47,26.02.2023 03:49,26.02.2023 03:48,Within SLA,26.02.2023 06:00,Within SLA,,2.0,,Ready to use Software,Tier 1,Greece,39.368279,21.863141,0
Closed,1468,Low,Email,Feature request,1st line support,Kristos Westoll,26.02.2023 21:50,28.02.2023 21:50,26.02.2023 22:50,2023-02-26 22:39:15.032,Within SLA,04.03.2023 00:05,SLA Violated,05.03.2023 10:04,1.0,2.0,Ready to use Software,Tier 1,Germany,51.165691,10.451526,1
Closed,1469,High,Phone,Pricing and licensing,1st line support,Sheela Cutten,26.02.2023 18:41,28.02.2023 18:41,26.02.2023 18:43,26.02.2023 18:42,Within SLA,28.02.2023 18:30,Within SLA,05.03.2023 14:00,1.0,2.0,Ready to use Software,Tier 1,Czech Republic,49.8037633,15.4749126,1
Closed,1470,Medium,Chat,Pricing and Licensing,1st line support,Connor Danielovitch,27.02.2023 17:25,28.02.2023 17:25,27.02.2023 17:27,27.02.2023 17:26,Within SLA,27.02.2023 17:58,Within SLA,02.03.2023 17:34,2.0,5.0,Custom software development,Tier 1,Slovenia,46.1491664,14.9860106,1
In progress,1471,Medium,Chat,Pricing and licensing,2nd line support,Michele Whyatt,27.02.2023 02:21,28.02.2023 02:21,27.02.2023 02:23,27.02.2023 02:23,Within SLA,,SLA Violated,,6.0,,Custom software development,Tier 2,Germany,51.165691,10.451526,0
Closed,1472,Medium,Chat,Feature request,1st line support,Kristos Westoll,27.02.2023 15:33,28.02.2023 15:33,27.02.2023 15:35,27.02.2023 15:34,Within SLA,2023-02-27 23:50:12.054,Within SLA,03.03.2023 07:29,4.0,5.0,Ready to use Software,Tier 1,Greece,39.368279,21.863141,1
Closed,1473,Medium,Chat,Pricing and licensing,1st line support,Nicola Wane,27.02.2023 22:04,28.02.2023 22:04,27.02.2023 22:06,2023-02-27 22:06:20.013,Within SLA,28.02.2023 01:25,Within SLA,04.03.2023 02:32,4.0,4.0,Custom software development,Tier 1,Austria,47.6964719,13.3457347,1
Closed,1474,Low,Chat,Product setup,2nd line support,Adolpho Messingham,28.02.2023 07:57,01.03.2023 07:57,28.02.2023 07:59,28.02.2023 08:00,SLA Violated,28.02.2023 20:26,Within SLA,03.03.2023 21:52,5.0,4.0,Ready to use Software,Tier 2,Slovenia,46.1491664,14.9860106,1
In progress,1475,High,Chat,Bug report,1st line support,Bernard Beckley,28.02.2023 12:00,01.03.2023 12:00,28.02.2023 12:02,28.02.2023 12:00,Within SLA,,SLA Violated,,6.0,,Custom software development,Tier 1,Poland,52.536273,19.050639,0
Resolved,1476,Low,Chat,Pricing and Licensing,1st line support,Kristos Westoll,28.02.2023 22:29,01.03.2023 22:29,28.02.2023 22:31,28.02.2023 22:30,Within SLA,01.03.2023 17:11,Within SLA,,8.0,,Custom software development,Tier 1,Bulgaria,42.7249925,25.4833039,0
Resolved,1477,Low,Chat,Purchasing and invoicing,1st line support,Sheela Cutten,28.02.2023 18:38,01.03.2023 18:38,28.02.2023 18:40,28.02.2023 18:42,SLA Violated,28.02.2023 21:58,Within SLA,,6.0,,Custom software development,Tier 1,Poland,52.536273,19.050639,0
Closed,1478,High,Email,Bug report,1st line support,Bernard Beckley,28.02.2023 17:42,02.03.2023 17:42,28.02.2023 18:42,28.02.2023 17:46,Within SLA,01.03.2023 13:03,Within SLA,04.03.2023 18:32,2.0,4.0,Custom software development,Tier 1,Czech Republic,49.8037633,15.4749126,1
In progress,1479,Medium,Phone,Pricing and Licensing,1st line support,Connor Danielovitch,28.02.2023 04:14,02.03.2023 04:14,28.02.2023 04:16,28.02.2023 04:14,Within SLA,,SLA Violated,,1.0,,Custom software development,Tier 1,Germany,51.165691,10.451526,0
Closed,1480,Low,Chat,Other,2nd line support,Michele Whyatt,28.02.2023 10:13,01.03.2023 10:13,28.02.2023 10:15,28.02.2023 10:14,Within SLA,2023-03-01 03:14:59.045,Within SLA,2023-03-04 04:04:02.018,9.0,1.0,Ready to use Software,Tier 2,Poland,52.536273,19.050639,1
Closed,1481,Low,Phone,Product setup,1st line support,Bernard Beckley,28.02.2023 13:27,02.03.2023 13:27,28.02.2023 13:29,28.02.2023 13:28,Within SLA,01.03.2023 20:46,Within SLA,02.03.2023 23:09,7.0,5.0,Other,Tier 1,United Kingdom,55.378052,-3.435973,1
Closed,1482,Low,Email,Bug report,2nd line support,Michele Whyatt,01.03.2023 22:02,03.03.2023 22:02,01.03.2023 23:02,01.03.2023 22:54,Within SLA,2023-03-02 10:58:24.084,Within SLA,06.03.2023 13:52,8.0,5.0,Training and Consulting Services,Tier 2,Poland,52.536273,19.050639,1
Closed,1483,Low,Phone,Product setup,1st line support,Connor Danielovitch,01.03.2023 23:03,03.03.2023 23:03,01.03.2023 23:05,01.03.2023 23:04,Within SLA,03.03.2023 15:08,Within SLA,04.03.2023 03:05,4.0,4.0,Ready to use Software,Tier 1,Republic of Ireland,53.094024,-8.019675,1
Closed,1484,Low,Phone,Purchasing and invoicing,1st line support,Kristos Westoll,01.03.2023 09:33,03.03.2023 09:33,01.03.2023 09:35,01.03.2023 09:36,SLA Violated,02.03.2023 05:13,Within SLA,03.03.2023 05:21,4.0,4.0,Ready to use Software,Tier 1,Italy,43.036776,12.678565,1
Resolved,1485,Low,Email,Product setup,2nd line support,Michele Whyatt,01.03.2023 18:50,03.03.2023 18:50,01.03.2023 19:50,01.03.2023 19:11,Within SLA,02.03.2023 20:50,Within SLA,,2.0,,Custom software development,Tier 2,Italy,43.036776,12.678565,0
Closed,1486,Low,Email,Product setup,1st line support,Nicola Wane,01.03.2023 06:21,03.03.2023 06:21,01.03.2023 07:21,01.03.2023 06:23,Within SLA,02.03.2023 04:46,Within SLA,02.03.2023 18:53,7.0,3.0,Other,Tier 1,Italy,43.036776,12.678565,1
Closed,1487,Low,Chat,Pricing and licensing,1st line support,Nicola Wane,02.03.2023 23:55,03.03.2023 23:55,02.03.2023 23:57,02.03.2023 23:57,Within SLA,03.03.2023 04:43,Within SLA,07.03.2023 05:05,5.0,4.0,Ready to use Software,Tier 1,France,48.864716,2.349014,1
Resolved,1488,Low,Email,Pricing and licensing,1st line support,Connor Danielovitch,02.03.2023 03:37,04.03.2023 03:37,02.03.2023 04:37,02.03.2023 06:50,SLA Violated,03.03.2023 02:13,Within SLA,,1.0,,Ready to use Software,Tier 1,Spain,39.67337,-4.767726,0
Closed,1489,High,Phone,Feature request,1st line support,Kristos Westoll,02.03.2023 07:15,04.03.2023 07:15,02.03.2023 07:17,02.03.2023 07:21,SLA Violated,03.03.2023 09:51,Within SLA,05.03.2023 08:03,2.0,4.0,Ready to use Software,Tier 1,Germany,51.165691,10.451526,1
Resolved,1490,Low,Chat,Bug report,2nd line support,Heather Urry,02.03.2023 20:46,03.03.2023 20:46,02.03.2023 20:48,02.03.2023 20:47,Within SLA,03.03.2023 07:27,Within SLA,,5.0,,Ready to use Software,Tier 2,Greece,39.368279,21.863141,0
Resolved,1491,Low,Chat,Other,2nd line support,Adolpho Messingham,02.03.2023 00:14,03.03.2023 00:14,02.03.2023 00:16,02.03.2023 00:16,Within SLA,02.03.2023 06:22,Within SLA,,3.0,,Custom software development,Tier 2,Bulgaria,42.7249925,25.4833039,0
Resolved,1492,Low,Email,Feature request,1st line support,Nicola Wane,02.03.2023 12:11,04.03.2023 12:11,02.03.2023 13:11,02.03.2023 12:58,Within SLA,03.03.2023 04:06,Within SLA,,1.0,,Ready to use Software,Tier 1,Italy,43.036776,12.678565,0
Closed,1493,Low,Email,Product setup,1st line support,Connor Danielovitch,02.03.2023 04:22,04.03.2023 04:22,02.03.2023 05:22,02.03.2023 04:34,Within SLA,03.03.2023 20:18,Within SLA,05.03.2023 09:38,9.0,5.0,Ready to use Software,Tier 1,Bulgaria,42.7249925,25.4833039,1
Closed,1494,Medium,Email,Product setup,1st line support,Bernard Beckley,02.03.2023 15:32,04.03.2023 15:32,02.03.2023 16:32,2023-03-02 15:34:54.081,Within SLA,02.03.2023 21:26,Within SLA,07.03.2023 10:27,9.0,1.0,Other,Tier 1,United Kingdom,55.378052,-3.435973,1
In progress,1495,Medium,Chat,Feature request,1st line support,Connor Danielovitch,02.03.2023 17:46,03.03.2023 17:46,02.03.2023 17:48,02.03.2023 17:48,Within SLA,,SLA Violated,,6.0,,Ready to use Software,Tier 1,France,48.864716,2.349014,0
Resolved,1496,Medium,Phone,Feature request,1st line support,Kristos Westoll,02.03.2023 22:28,04.03.2023 22:28,02.03.2023 22:30,02.03.2023 22:30,SLA Violated,07.03.2023 10:24,SLA Violated,,1.0,,Ready to use Software,Tier 1,Slovenia,46.1491664,14.9860106,0
Resolved,1497,Medium,Chat,Purchasing and invoicing,1st line support,Kristos Westoll,03.03.2023 16:18,04.03.2023 16:18,03.03.2023 16:20,03.03.2023 16:19,Within SLA,09.03.2023 02:46,SLA Violated,,6.0,,Ready to use Software,Tier 1,Slovenia,46.1491664,14.9860106,0
In progress,1498,Low,Email,Product setup,1st line support,Kristos Westoll,03.03.2023 13:32,05.03.2023 13:32,03.03.2023 14:32,03.03.2023 14:28,Within SLA,,SLA Violated,,2.0,,Training and Consulting Services,Tier 1,Poland,52.536273,19.050639,0
Resolved,1499,Low,Chat,Product setup,1st line support,Kristos Westoll,03.03.2023 21:03,04.03.2023 21:03,03.03.2023 21:05,2023-03-03 21:03:46.012,Within SLA,04.03.2023 14:17,Within SLA,,8.0,,Ready to use Software,Tier 1,Spain,39.67337,-4.767726,0
In progress,1500,Medium,Email,Pricing and licensing,1st line support,Nicola Wane,03.03.2023 06:08,05.03.2023 06:08,03.03.2023 07:08,03.03.2023 06:46,Within SLA,,SLA Violated,,1.0,,Custom software development,Tier 1,Greece,39.368279,21.863141,0
Closed,1501,Low,Email,Purchasing and invoicing,1st line support,Connor Danielovitch,04.03.2023 07:14,06.03.2023 07:14,04.03.2023 08:14,04.03.2023 08:13,Within SLA,05.03.2023 06:47,Within SLA,07.03.2023 16:51,6.0,3.0,Custom software development,Tier 1,United Kingdom,55.378052,-3.435973,1
Resolved,1502,Low,Chat,Other,1st line support,Connor Danielovitch,04.03.2023 18:27,05.03.2023 18:27,04.03.2023 18:29,04.03.2023 18:27,Within SLA,05.03.2023 06:00,Within SLA,,60.0,,Ready to use Software,Tier 1,Greece,39.368279,21.863141,0
In progress,1503,Low,Email,Other,1st line support,Nicola Wane,04.03.2023 10:20,06.03.2023 10:20,04.03.2023 11:20,2023-03-04 15:18:01.092,SLA Violated,,SLA Violated,,9.0,,Custom software development,Tier 1,Austria,47.6964719,13.3457347,0
Resolved,1504,Low,Email,Purchasing and invoicing,1st line support,Nicola Wane,04.03.2023 17:46,06.03.2023 17:46,04.03.2023 18:46,04.03.2023 18:36,Within SLA,05.03.2023 18:51,Within SLA,,5.0,,Other,Tier 1,Poland,52.536273,19.050639,0
Closed,1512,High,Email,Pricing and licensing,1st line support,Nicola Wane,05.03.2023 15:14,07.03.2023 15:14,05.03.2023 16:14,05.03.2023 15:41,Within SLA,06.03.2023 10:13,Within SLA,07.03.2023 15:04,1.0,4.0,Custom software development,Tier 1,Poland,52.536273,19.050639,1
Closed,1513,Low,Chat,Training request,2nd line support,Adolpho Messingham,05.03.2023 03:42,06.03.2023 03:42,05.03.2023 03:44,05.03.2023 03:43,Within SLA,05.03.2023 04:06,Within SLA,07.03.2023 23:00,6.0,4.0,Training and Consulting Services,Tier 2,Greece,39.368279,21.863141,1
Closed,1514,Low,Email,Feature request,1st line support,Nicola Wane,05.03.2023 07:03,07.03.2023 07:03,05.03.2023 08:03,05.03.2023 08:00,Within SLA,2023-03-07 04:09:54.002,Within SLA,11.03.2023 16:51,3.0,3.0,Ready to use Software,Tier 1,Austria,47.6964719,13.3457347,1
Resolved,1515,Low,Email,Feature request,1st line support,Nicola Wane,05.03.2023 04:57,07.03.2023 04:57,05.03.2023 05:57,05.03.2023 05:36,Within SLA,06.03.2023 23:59,Within SLA,,2.0,,Custom software development,Tier 1,Czech Republic,49.8037633,15.4749126,0
Resolved,1516,Low,Email,Other,1st line support,Kristos Westoll,05.03.2023 07:34,07.03.2023 07:34,05.03.2023 08:34,05.03.2023 07:45,Within SLA,06.03.2023 16:20,Within SLA,,2.0,,Custom software development,Tier 1,Germany,51.165691,10.451526,0
Closed,1517,Low,Chat,Pricing and licensing,1st line support,Sheela Cutten,06.03.2023 10:44,07.03.2023 10:44,06.03.2023 10:46,06.03.2023 10:45,Within SLA,09.03.2023 07:26,SLA Violated,10.03.2023 00:31,6.0,4.0,Ready to use Software,Tier 1,Greece,39.368279,21.863141,1
Closed,1518,Low,Chat,Feature request,1st line support,Connor Danielovitch,06.03.2023 10:48,07.03.2023 10:48,06.03.2023 10:50,06.03.2023 10:49,Within SLA,2023-03-06 11:41:58.096,Within SLA,11.03.2023 23:48,7.0,4.0,Ready to use Software,Tier 1,Italy,43.036776,12.678565,1
Closed,1519,Low,Phone,Pricing and licensing,2nd line support,Heather Urry,06.03.2023 07:01,08.03.2023 07:01,06.03.2023 07:03,06.03.2023 07:03,Within SLA,06.03.2023 12:51,Within SLA,12.03.2023 16:05,4.0,4.0,Custom software development,Tier 2,United Kingdom,55.378052,-3.435973,1
In progress,1520,Low,Chat,Pricing and licensing,1st line support,Bernard Beckley,06.03.2023 21:19,07.03.2023 21:19,06.03.2023 21:21,06.03.2023 21:21,Within SLA,,SLA Violated,,6.0,,Custom software development,Tier 1,Bulgaria,42.7249925,25.4833039,0
In progress,1521,Low,Chat,Pricing and licensing,2nd line support,Heather Urry,06.03.2023 10:20,07.03.2023 10:20,06.03.2023 10:22,2023-03-06 10:23:37.021,SLA Violated,,SLA Violated,,6.0,,Ready to use Software,Tier 2,Italy,43.036776,12.678565,0
Closed,1522,Medium,Email,Purchasing and invoicing,1st line support,Bernard Beckley,06.03.2023 06:16,08.03.2023 06:16,06.03.2023 07:16,06.03.2023 10:22,SLA Violated,07.03.2023 21:24,Within SLA,08.03.2023 08:17,8.0,4.0,Other,Tier 1,Czech Republic,49.8037633,15.4749126,1
Closed,1523,High,Chat,Pricing and licensing,1st line support,Sheela Cutten,06.03.2023 12:24,07.03.2023 12:24,06.03.2023 12:26,06.03.2023 12:24,Within SLA,06.03.2023 23:54,Within SLA,12.03.2023 03:34,3.0,3.0,Other,Tier 1,Republic of Ireland,53.094024,-8.019675,1
Closed,1524,Medium,Chat,Feature request,1st line support,Bernard Beckley,06.03.2023 07:24,07.03.2023 07:24,06.03.2023 07:26,06.03.2023 07:25,Within SLA,06.03.2023 13:09,Within SLA,09.03.2023 07:28,4.0,4.0,Custom software development,Tier 1,France,48.864716,2.349014,1
Resolved,1525,High,Email,Pricing and licensing,1st line support,Sheela Cutten,06.03.2023 15:56,08.03.2023 15:56,06.03.2023 16:56,06.03.2023 16:19,Within SLA,07.03.2023 08:25,Within SLA,,4.0,,Ready to use Software,Tier 1,Slovenia,46.1491664,14.9860106,0
In progress,1526,Medium,Email,Bug report,1st line support,Nicola Wane,06.03.2023 07:21,08.03.2023 07:21,06.03.2023 08:21,06.03.2023 07:57,Within SLA,,SLA Violated,,2.0,,Ready to use Software,Tier 1,Italy,43.036776,12.678565,0
In progress,1527,High,Email,Product setup,2nd line support,Adolpho Messingham,06.03.2023 18:06,08.03.2023 18:06,06.03.2023 19:06,06.03.2023 18:27,Within SLA,,SLA Violated,,7.0,,Training and Consulting Services,Tier 2,United Kingdom,55.378052,-3.435973,0
Resolved,1528,Low,Phone,Pricing and licensing,1st line support,Connor Danielovitch,06.03.2023 04:37,08.03.2023 04:37,06.03.2023 04:39,06.03.2023 04:37,Within SLA,07.03.2023 18:57,Within SLA,,3.0,,Ready to use Software,Tier 1,United Kingdom,55.378052,-3.435973,0
Closed,1529,Medium,Chat,Feature request,2nd line support,Adolpho Messingham,06.03.2023 04:25,07.03.2023 04:25,06.03.2023 04:27,06.03.2023 04:26,Within SLA,06.03.2023 08:39,Within SLA,10.03.2023 17:48,9.0,5.0,Ready to use Software,Tier 2,Germany,51.165691,10.451526,1
Resolved,1530,Low,Chat,Pricing and licensing,1st line support,Nicola Wane,07.03.2023 13:30,08.03.2023 13:30,07.03.2023 13:32,07.03.2023 13:31,Within SLA,11.03.2023 01:36,SLA Violated,,4.0,,Ready to use Software,Tier 1,Czech Republic,49.8037633,15.4749126,0
Closed,1531,Low,Phone,Product setup,1st line support,Connor Danielovitch,07.03.2023 21:19,09.03.2023 21:19,07.03.2023 21:21,07.03.2023 21:24,SLA Violated,09.03.2023 18:59,Within SLA,10.03.2023 14:58,1.0,5.0,Ready to use Software,Tier 1,Germany,51.165691,10.451526,1
Resolved,1532,Low,Email,Feature request,1st line support,Kristos Westoll,07.03.2023 05:15,09.03.2023 05:15,07.03.2023 06:15,07.03.2023 06:03,Within SLA,08.03.2023 19:41,Within SLA,,1.0,,Other,Tier 1,United Kingdom,55.378052,-3.435973,0
Resolved,1533,High,Email,Purchasing and invoicing,1st line support,Sheela Cutten,07.03.2023 23:13,09.03.2023 23:13,08.03.2023 00:13,07.03.2023 23:20,Within SLA,09.03.2023 07:21,Within SLA,,9.0,,Training and Consulting Services,Tier 1,United Kingdom,55.378052,-3.435973,0
Closed,1534,High,Email,Pricing and licensing,1st line support,Sheela Cutten,07.03.2023 20:40,09.03.2023 20:40,07.03.2023 21:40,07.03.2023 21:03,Within SLA,08.03.2023 18:36,Within SLA,11.03.2023 16:22,1.0,4.0,Custom software development,Tier 1,Austria,47.6964719,13.3457347,1
Resolved,1535,Medium,Email,Feature request,2nd line support,Michele Whyatt,07.03.2023 19:26,09.03.2023 19:26,07.03.2023 20:26,07.03.2023 19:29,Within SLA,09.03.2023 16:27,Within SLA,,2.0,,Other,Tier 2,United Kingdom,55.378052,-3.435973,0
Resolved,1536,Medium,Email,Product setup,1st line support,Nicola Wane,07.03.2023 02:09,09.03.2023 02:09,07.03.2023 03:09,2023-03-07 02:27:03.017,Within SLA,08.03.2023 13:46,Within SLA,,5.0,,Custom software development,Tier 1,Slovenia,46.1491664,14.9860106,0
Closed,1537,Low,Chat,Product setup,1st line support,Bernard Beckley,08.03.2023 01:02,09.03.2023 01:02,08.03.2023 01:04,08.03.2023 01:03,Within SLA,08.03.2023 12:54,Within SLA,14.03.2023 12:24,5.0,4.0,Custom software development,Tier 1,Slovenia,46.1491664,14.9860106,1
Closed,1538,High,Email,Product setup,1st line support,Nicola Wane,08.03.2023 10:00,10.03.2023 10:00,08.03.2023 11:00,08.03.2023 10:02,Within SLA,09.03.2023 18:21,Within SLA,13.03.2023 06:45,1.0,5.0,Training and Consulting Services,Tier 1,Italy,43.036776,12.678565,1
Resolved,1539,Low,Email,Bug report,2nd line support,Heather Urry,08.03.2023 19:03,10.03.2023 19:03,08.03.2023 20:03,08.03.2023 19:17,Within SLA,08.03.2023 23:27,Within SLA,,10.0,,Ready to use Software,Tier 2,Germany,51.165691,10.451526,0
Closed,1540,Low,Email,Bug report,2nd line support,Heather Urry,08.03.2023 02:37,10.03.2023 02:37,08.03.2023 03:37,08.03.2023 02:43,Within SLA,09.03.2023 09:09,Within SLA,15.03.2023 07:13,4.0,3.0,Training and Consulting Services,Tier 2,Germany,51.165691,10.451526,1
Resolved,1541,Medium,Chat,Product setup,1st line support,Kristos Westoll,08.03.2023 19:55,09.03.2023 19:55,08.03.2023 19:57,08.03.2023 19:56,Within SLA,08.03.2023 22:25,Within SLA,,60.0,,Ready to use Software,Tier 1,United Kingdom,55.378052,-3.435973,0
Closed,1542,Low,Chat,Product setup,1st line support,Connor Danielovitch,08.03.2023 06:49,09.03.2023 06:49,08.03.2023 06:51,2023-03-08 06:52:21.025,SLA Violated,11.03.2023 03:05,SLA Violated,11.03.2023 05:12,6.0,4.0,Ready to use Software,Tier 1,United Kingdom,55.378052,-3.435973,1
Closed,1543,Medium,Chat,Pricing and licensing,1st line support,Bernard Beckley,08.03.2023 18:53,09.03.2023 18:53,08.03.2023 18:55,08.03.2023 18:54,Within SLA,10.03.2023 15:18,SLA Violated,11.03.2023 22:21,9.0,4.0,Training and Consulting Services,Tier 1,Poland,52.536273,19.050639,1
Closed,1544,Low,Chat,Product setup,1st line support,Connor Danielovitch,08.03.2023 21:01,09.03.2023 21:01,08.03.2023 21:03,08.03.2023 21:02,Within SLA,09.03.2023 11:28,Within SLA,12.03.2023 02:19,6.0,4.0,Custom software development,Tier 1,France,48.864716,2.349014,1
In progress,1545,Low,Chat,Feature request,1st line support,Bernard Beckley,08.03.2023 19:24,09.03.2023 19:24,08.03.2023 19:26,08.03.2023 19:30,SLA Violated,,SLA Violated,,6.0,,Custom software development,Tier 1,Bulgaria,42.7249925,25.4833039,0
In progress,1546,Medium,Chat,Other,2nd line support,Heather Urry,08.03.2023 01:14,09.03.2023 01:14,08.03.2023 01:16,08.03.2023 01:16,Within SLA,,SLA Violated,,4.0,,Custom software development,Tier 2,Italy,43.036776,12.678565,0
Resolved,1547,Low,Email,Other,2nd line support,Adolpho Messingham,08.03.2023 16:10,10.03.2023 16:10,08.03.2023 17:10,08.03.2023 17:01,Within SLA,2023-03-10 06:07:39.025,Within SLA,,3.0,,Ready to use Software,Tier 2,Austria,47.6964719,13.3457347,0
Closed,1548,Medium,Email,Other,1st line support,Nicola Wane,08.03.2023 07:47,10.03.2023 07:47,08.03.2023 08:47,08.03.2023 15:27,SLA Violated,09.03.2023 17:09,Within SLA,15.03.2023 20:16,4.0,2.0,Training and Consulting Services,Tier 1,Italy,43.036776,12.678565,1
In progress,1549,Low,Chat,Purchasing and invoicing,1st line support,Sheela Cutten,08.03.2023 19:22,09.03.2023 19:22,08.03.2023 19:24,08.03.2023 19:22,Within SLA,,SLA Violated,,9.0,,Training and Consulting Services,Tier 1,Republic of Ireland,53.094024,-8.019675,0
Resolved,1550,Low,Chat,Feature request,1st line support,Bernard Beckley,09.03.2023 07:31,10.03.2023 07:31,09.03.2023 07:33,09.03.2023 07:31,Within SLA,09.03.2023 18:22,Within SLA,,5.0,,Ready to use Software,Tier 1,Poland,52.536273,19.050639,0
Closed,1551,High,Email,Pricing and licensing,1st line support,Kristos Westoll,09.03.2023 18:37,11.03.2023 18:37,09.03.2023 19:37,2023-03-09 18:50:07.066,Within SLA,10.03.2023 18:31,Within SLA,15.03.2023 04:39,3.0,4.0,Other,Tier 1,Bulgaria,42.7249925,25.4833039,1
Closed,1552,Low,Email,Pricing and licensing,1st line support,Nicola Wane,09.03.2023 05:24,11.03.2023 05:24,09.03.2023 06:24,09.03.2023 06:07,Within SLA,10.03.2023 19:09,Within SLA,10.03.2023 17:01,2.0,1.0,Custom software development,Tier 1,Austria,47.6964719,13.3457347,1
In progress,1553,Medium,Email,Feature request,1st line support,Connor Danielovitch,09.03.2023 22:52,11.03.2023 22:52,09.03.2023 23:52,09.03.2023 22:53,Within SLA,,SLA Violated,,2.0,,Ready to use Software,Tier 1,Italy,43.036776,12.678565,0
Closed,1556,High,Email,Product setup,1st line support,Bernard Beckley,09.03.2023 20:08,11.03.2023 20:08,09.03.2023 21:08,09.03.2023 20:26,Within SLA,10.03.2023 17:53,Within SLA,11.03.2023 06:54,3.0,3.0,Other,Tier 1,United Kingdom,55.378052,-3.435973,1
Resolved,1557,Medium,Email,Pricing and licensing,1st line support,Sheela Cutten,09.03.2023 01:51,11.03.2023 01:51,09.03.2023 02:51,09.03.2023 02:21,Within SLA,11.03.2023 00:55,Within SLA,,3.0,,Training and Consulting Services,Tier 1,Republic of Ireland,53.094024,-8.019675,0
Closed,1560,High,Email,Feature request,2nd line support,Michele Whyatt,10.03.2023 04:09,12.03.2023 04:09,10.03.2023 05:09,10.03.2023 04:34,Within SLA,11.03.2023 15:42,Within SLA,13.03.2023 15:37,2.0,3.0,Ready to use Software,Tier 2,Austria,47.6964719,13.3457347,1
Closed,1561,Low,Chat,Feature request,2nd line support,Adolpho Messingham,10.03.2023 17:41,11.03.2023 17:41,10.03.2023 17:43,10.03.2023 17:42,Within SLA,11.03.2023 03:12,Within SLA,11.03.2023 18:26,6.0,3.0,Other,Tier 2,United Kingdom,55.378052,-3.435973,1
In progress,1562,Low,Email,Feature request,2nd line support,Adolpho Messingham,10.03.2023 00:32,12.03.2023 00:32,10.03.2023 01:32,10.03.2023 01:13,Within SLA,,SLA Violated,,2.0,,Other,Tier 2,United Kingdom,55.378052,-3.435973,0
Resolved,1563,Low,Chat,Feature request,1st line support,Sheela Cutten,10.03.2023 00:43,11.03.2023 00:43,10.03.2023 00:45,10.03.2023 00:45,Within SLA,10.03.2023 14:07,Within SLA,,3.0,,Custom software development,Tier 1,Bulgaria,42.7249925,25.4833039,0
Closed,1565,Medium,Email,Pricing and licensing,1st line support,Bernard Beckley,10.03.2023 06:44,12.03.2023 06:44,10.03.2023 07:44,10.03.2023 07:40,Within SLA,10.03.2023 22:31,Within SLA,13.03.2023 13:36,8.0,3.0,Custom software development,Tier 1,United Kingdom,55.378052,-3.435973,1
In progress,1567,Medium,Email,Other,1st line support,Connor Danielovitch,11.03.2023 22:08,13.03.2023 22:08,11.03.2023 23:08,11.03.2023 22:37,Within SLA,,SLA Violated,,3.0,,Ready to use Software,Tier 1,Austria,47.6964719,13.3457347,0
Resolved,1568,Medium,Email,Product setup,1st line support,Sheela Cutten,11.03.2023 04:34,13.03.2023 04:34,11.03.2023 05:34,11.03.2023 05:02,Within SLA,12.03.2023 00:49,Within SLA,,4.0,,Ready to use Software,Tier 1,Czech Republic,49.8037633,15.4749126,0
Resolved,1573,Low,Email,Product setup,2nd line support,Heather Urry,11.03.2023 01:06,13.03.2023 01:06,11.03.2023 02:06,11.03.2023 01:50,Within SLA,12.03.2023 00:53,Within SLA,,2.0,,Ready to use Software,Tier 2,United Kingdom,55.378052,-3.435973,0
Resolved,1574,Medium,Chat,Other,1st line support,Nicola Wane,11.03.2023 15:34,12.03.2023 15:34,11.03.2023 15:36,11.03.2023 15:35,Within SLA,12.03.2023 09:31,Within SLA,,6.0,,Ready to use Software,Tier 1,United Kingdom,55.378052,-3.435973,0
Resolved,1575,High,Email,Feature request,1st line support,Sheela Cutten,12.03.2023 03:04,14.03.2023 03:04,12.03.2023 04:04,12.03.2023 03:31,Within SLA,15.03.2023 23:42,SLA Violated,,3.0,,Custom software development,Tier 1,Italy,43.036776,12.678565,0
Resolved,1576,Low,Email,Purchasing and invoicing,2nd line support,Michele Whyatt,12.03.2023 01:00,14.03.2023 01:00,12.03.2023 02:00,12.03.2023 01:46,Within SLA,2023-03-12 05:29:28.060,Within SLA,,2.0,,Ready to use Software,Tier 2,Austria,47.6964719,13.3457347,0
Closed,1577,Medium,Email,Bug report,1st line support,Connor Danielovitch,12.03.2023 19:12,14.03.2023 19:12,12.03.2023 20:12,12.03.2023 19:48,Within SLA,2023-03-13 03:38:18.000,Within SLA,18.03.2023 07:48,8.0,3.0,Ready to use Software,Tier 1,United Kingdom,55.378052,-3.435973,1
Closed,1581,Low,Email,Bug report,2nd line support,Michele Whyatt,13.03.2023 15:58,15.03.2023 15:58,13.03.2023 16:58,13.03.2023 16:19,Within SLA,14.03.2023 23:11,Within SLA,16.03.2023 15:44,6.0,4.0,Ready to use Software,Tier 2,Bulgaria,42.7249925,25.4833039,1
Resolved,1582,Low,Phone,Purchasing and invoicing,1st line support,Nicola Wane,13.03.2023 11:05,15.03.2023 11:05,13.03.2023 11:07,13.03.2023 11:05,Within SLA,15.03.2023 09:34,Within SLA,,3.0,,Ready to use Software,Tier 1,Poland,52.536273,19.050639,0
Closed,1583,Medium,Chat,Training request,1st line support,Kristos Westoll,13.03.2023 05:33,14.03.2023 05:33,13.03.2023 05:35,13.03.2023 05:35,Within SLA,2023-03-14 00:01:28.087,Within SLA,17.03.2023 06:57,3.0,5.0,Training and Consulting Services,Tier 1,Poland,52.536273,19.050639,1
In progress,1584,Low,Chat,Feature request,1st line support,Connor Danielovitch,13.03.2023 13:19,14.03.2023 13:19,13.03.2023 13:21,2023-03-13 13:20:29.078,Within SLA,,SLA Violated,,9.0,,Other,Tier 1,United Kingdom,55.378052,-3.435973,0
Closed,1585,Low,Email,Product setup,2nd line support,Michele Whyatt,13.03.2023 21:36,15.03.2023 21:36,13.03.2023 22:36,13.03.2023 22:31,Within SLA,2023-03-14 19:08:44.063,Within SLA,16.03.2023 16:20,6.0,2.0,Training and Consulting Services,Tier 2,Slovenia,46.1491664,14.9860106,1
Open,1586,Medium,Email,Product setup,1st line support,Nicola Wane,13.03.2023 17:00,15.03.2023 17:00,13.03.2023 18:00,,SLA Violated,,SLA Violated,,,,Ready to use Software,Tier 1,Greece,39.368279,21.863141,0
Closed,1587,Medium,Email,Pricing and licensing,1st line support,Connor Danielovitch,13.03.2023 08:21,15.03.2023 08:21,13.03.2023 09:21,13.03.2023 09:04,Within SLA,13.03.2023 12:09,Within SLA,15.03.2023 15:22,8.0,3.0,Other,Tier 1,United Kingdom,55.378052,-3.435973,1
Resolved,1588,Low,Chat,Purchasing and invoicing,2nd line support,Heather Urry,13.03.2023 15:59,14.03.2023 15:59,13.03.2023 16:01,13.03.2023 16:00,Within SLA,15.03.2023 07:19,SLA Violated,,4.0,,Ready to use Software,Tier 2,Greece,39.368279,21.863141,0
Closed,1589,Low,Chat,Feature request,1st line support,Sheela Cutten,13.03.2023 20:46,14.03.2023 20:46,13.03.2023 20:48,13.03.2023 20:47,Within SLA,14.03.2023 16:57,Within SLA,16.03.2023 00:58,8.0,2.0,Other,Tier 1,Greece,39.368279,21.863141,1
In progress,1590,Low,Email,Purchasing and invoicing,1st line support,Nicola Wane,13.03.2023 10:15,15.03.2023 10:15,13.03.2023 11:15,13.03.2023 10:41,Within SLA,,SLA Violated,,2.0,,Training and Consulting Services,Tier 1,Czech Republic,49.8037633,15.4749126,0
Closed,1591,Low,Chat,Feature request,1st line support,Sheela Cutten,13.03.2023 11:05,14.03.2023 11:05,13.03.2023 11:07,2023-03-13 11:06:20.062,Within SLA,13.03.2023 18:27,Within SLA,14.03.2023 17:06,6.0,3.0,Other,Tier 1,Italy,43.036776,12.678565,1
In progress,1592,Low,Email,Other,1st line support,Sheela Cutten,13.03.2023 07:20,15.03.2023 07:20,13.03.2023 08:20,13.03.2023 08:03,Within SLA,,SLA Violated,,5.0,,Ready to use Software,Tier 1,Slovenia,46.1491664,14.9860106,0
Resolved,1593,Medium,Email,Product setup,2nd line support,Michele Whyatt,14.03.2023 09:39,16.03.2023 09:39,14.03.2023 10:39,14.03.2023 10:12,Within SLA,16.03.2023 06:05,Within SLA,,1.0,,Ready to use Software,Tier 2,Italy,43.036776,12.678565,0
Closed,1594,High,Email,Product setup,1st line support,Kristos Westoll,14.03.2023 10:08,16.03.2023 10:08,14.03.2023 11:08,14.03.2023 10:18,Within SLA,14.03.2023 14:26,Within SLA,21.03.2023 16:13,3.0,5.0,Custom software development,Tier 1,United Kingdom,55.378052,-3.435973,1
Resolved,1595,Low,Email,Pricing and licensing,1st line support,Sheela Cutten,14.03.2023 18:42,16.03.2023 18:42,14.03.2023 19:42,14.03.2023 19:30,Within SLA,16.03.2023 16:46,Within SLA,,10.0,,Other,Tier 1,Spain,39.67337,-4.767726,0
Closed,1596,Low,Chat,Product setup,1st line support,Bernard Beckley,14.03.2023 03:18,15.03.2023 03:18,14.03.2023 03:20,14.03.2023 03:22,SLA Violated,14.03.2023 04:59,Within SLA,18.03.2023 12:26,3.0,3.0,Custom software development,Tier 1,Slovenia,46.1491664,14.9860106,1
Closed,1597,Low,Email,Pricing and licensing,1st line support,Connor Danielovitch,14.03.2023 19:42,16.03.2023 19:42,14.03.2023 20:42,14.03.2023 20:04,Within SLA,16.03.2023 01:11,Within SLA,17.03.2023 22:23,2.0,5.0,Training and Consulting Services,Tier 1,Italy,43.036776,12.678565,1
Closed,1598,Medium,Email,Product setup,1st line support,Kristos Westoll,14.03.2023 12:18,16.03.2023 12:18,14.03.2023 13:18,14.03.2023 13:01,Within SLA,16.03.2023 02:47,Within SLA,20.03.2023 18:49,4.0,3.0,Other,Tier 1,Italy,43.036776,12.678565,1
Closed,1599,Medium,Phone,Product setup,1st line support,Kristos Westoll,14.03.2023 10:19,16.03.2023 10:19,14.03.2023 10:21,2023-03-14 10:21:17.022,SLA Violated,2023-03-16 07:07:00.026,Within SLA,16.03.2023 11:08,3.0,1.0,Custom software development,Tier 1,Bulgaria,42.7249925,25.4833039,1
Closed,1600,Medium,Email,Other,1st line support,Sheela Cutten,14.03.2023 11:12,16.03.2023 11:12,14.03.2023 12:12,14.03.2023 11:37,Within SLA,15.03.2023 02:27,Within SLA,19.03.2023 09:35,2.0,4.0,Training and Consulting Services,Tier 1,United Kingdom,55.378052,-3.435973,1
Closed,1601,Low,Email,Product setup,1st line support,Sheela Cutten,15.03.2023 00:21,17.03.2023 00:21,15.03.2023 01:21,15.03.2023 00:31,Within SLA,16.03.2023 10:55,Within SLA,17.03.2023 06:27,2.0,3.0,Other,Tier 1,Austria,47.6964719,13.3457347,1
Resolved,1602,High,Email,Feature request,2nd line support,Michele Whyatt,15.03.2023 00:44,17.03.2023 00:44,15.03.2023 01:44,15.03.2023 01:35,Within SLA,16.03.2023 12:29,Within SLA,,2.0,,Ready to use Software,Tier 2,Germany,51.165691,10.451526,0
Resolved,1603,Medium,Email,Feature request,1st line support,Sheela Cutten,15.03.2023 12:59,17.03.2023 12:59,15.03.2023 13:59,15.03.2023 13:35,Within SLA,20.03.2023 04:08,SLA Violated,,10.0,,Ready to use Software,Tier 1,Poland,52.536273,19.050639,0
In progress,1604,High,Email,Product setup,1st line support,Sheela Cutten,15.03.2023 03:33,17.03.2023 03:33,15.03.2023 04:33,15.03.2023 03:48,Within SLA,,SLA Violated,,9.0,,Custom software development,Tier 1,Poland,52.536273,19.050639,0
Closed,1605,High,Phone,Product setup,1st line support,Bernard Beckley,15.03.2023 10:58,17.03.2023 10:58,15.03.2023 11:00,15.03.2023 11:04,SLA Violated,16.03.2023 02:19,Within SLA,17.03.2023 08:48,5.0,3.0,Custom software development,Tier 1,Poland,52.536273,19.050639,1
Resolved,1606,High,Chat,Bug report,1st line support,Bernard Beckley,15.03.2023 12:11,16.03.2023 12:11,15.03.2023 12:13,15.03.2023 12:12,Within SLA,16.03.2023 03:56,Within SLA,,3.0,,Custom software development,Tier 1,Italy,43.036776,12.678565,0
Closed,1607,Low,Email,Pricing and licensing,1st line support,Bernard Beckley,15.03.2023 16:08,17.03.2023 16:08,15.03.2023 17:08,15.03.2023 16:37,Within SLA,17.03.2023 09:02,Within SLA,19.03.2023 05:52,9.0,2.0,Custom software development,Tier 1,Germany,51.165691,10.451526,1
Closed,1608,High,Email,Product setup,1st line support,Nicola Wane,16.03.2023 17:09,18.03.2023 17:09,16.03.2023 18:09,16.03.2023 17:58,Within SLA,18.03.2023 00:10,Within SLA,19.03.2023 05:58,1.0,1.0,Ready to use Software,Tier 1,Austria,47.6964719,13.3457347,1
Resolved,1609,Medium,Chat,Pricing and licensing,1st line support,Sheela Cutten,16.03.2023 20:58,17.03.2023 20:58,16.03.2023 21:00,16.03.2023 20:58,Within SLA,2023-03-17 06:49:58.096,Within SLA,,6.0,,Training and Consulting Services,Tier 1,Slovenia,46.1491664,14.9860106,0
Closed,1610,Low,Chat,Pricing and licensing,1st line support,Kristos Westoll,16.03.2023 04:46,17.03.2023 04:46,16.03.2023 04:48,16.03.2023 04:46,Within SLA,16.03.2023 12:23,Within SLA,19.03.2023 16:08,8.0,3.0,Ready to use Software,Tier 1,France,48.864716,2.349014,1
Closed,1611,High,Email,Purchasing and invoicing,1st line support,Kristos Westoll,16.03.2023 18:51,18.03.2023 18:51,16.03.2023 19:51,16.03.2023 19:21,Within SLA,17.03.2023 05:58,Within SLA,23.03.2023 06:20,9.0,3.0,Custom software development,Tier 1,Italy,43.036776,12.678565,1
Resolved,1612,High,Chat,Bug report,1st line support,Connor Danielovitch,16.03.2023 02:30,17.03.2023 02:30,16.03.2023 02:32,16.03.2023 02:31,Within SLA,16.03.2023 09:24,Within SLA,,4.0,,Custom software development,Tier 1,United Kingdom,55.378052,-3.435973,0
Closed,1613,Medium,Chat,Product setup,1st line support,Connor Danielovitch,16.03.2023 15:56,17.03.2023 15:56,16.03.2023 15:58,2023-03-16 15:56:36.025,Within SLA,17.03.2023 03:32,Within SLA,19.03.2023 08:11,4.0,4.0,Ready to use Software,Tier 1,Bulgaria,42.7249925,25.4833039,1
Resolved,1614,High,Email,Bug report,1st line support,Sheela Cutten,16.03.2023 18:30,18.03.2023 18:30,16.03.2023 19:30,16.03.2023 21:29,SLA Violated,17.03.2023 12:24,Within SLA,,2.0,,Custom software development,Tier 1,France,48.864716,2.349014,0
Closed,1615,Medium,Email,Training request,1st line support,Connor Danielovitch,16.03.2023 13:15,18.03.2023 13:15,16.03.2023 14:15,16.03.2023 13:16,Within SLA,17.03.2023 20:06,Within SLA,21.03.2023 22:32,1.0,5.0,Training and Consulting Services,Tier 1,Italy,43.036776,12.678565,1
Resolved,1616,Low,Email,Pricing and licensing,1st line support,Sheela Cutten,16.03.2023 06:25,18.03.2023 06:25,16.03.2023 07:25,16.03.2023 06:26,Within SLA,16.03.2023 09:04,Within SLA,,1.0,,Ready to use Software,Tier 1,Austria,47.6964719,13.3457347,0
Resolved,1617,Medium,Email,Product setup,1st line support,Sheela Cutten,16.03.2023 12:36,18.03.2023 12:36,16.03.2023 13:36,16.03.2023 12:49,Within SLA,16.03.2023 23:25,Within SLA,,1.0,,Ready to use Software,Tier 1,Republic of Ireland,53.094024,-8.019675,0
Closed,1618,Medium,Email,Product setup,1st line support,Bernard Beckley,17.03.2023 02:32,19.03.2023 02:32,17.03.2023 03:32,17.03.2023 03:00,Within SLA,22.03.2023 03:02,SLA Violated,24.03.2023 01:48,6.0,5.0,Ready to use Software,Tier 1,Italy,43.036776,12.678565,1
Resolved,1619,Low,Email,Product setup,1st line support,Kristos Westoll,17.03.2023 10:58,19.03.2023 10:58,17.03.2023 11:58,17.03.2023 11:04,Within SLA,2023-03-23 00:12:07.025,SLA Violated,,6.0,,Other,Tier 1,Austria,47.6964719,13.3457347,0
Resolved,1626,High,Email,Feature request,1st line support,Nicola Wane,18.03.2023 00:21,20.03.2023 00:21,18.03.2023 01:21,18.03.2023 00:33,Within SLA,18.03.2023 14:39,Within SLA,,2.0,,Ready to use Software,Tier 1,Germany,51.165691,10.451526,0
Closed,1627,Low,Email,Product setup,1st line support,Sheela Cutten,18.03.2023 06:34,20.03.2023 06:34,18.03.2023 07:34,18.03.2023 07:05,Within SLA,20.03.2023 05:12,Within SLA,21.03.2023 02:40,2.0,4.0,Training and Consulting Services,Tier 1,Bulgaria,42.7249925,25.4833039,1
Resolved,1628,High,Email,Bug report,1st line support,Sheela Cutten,18.03.2023 08:08,20.03.2023 08:08,18.03.2023 09:08,18.03.2023 09:00,Within SLA,20.03.2023 04:11,Within SLA,,7.0,,Ready to use Software,Tier 1,Czech Republic,49.8037633,15.4749126,0
Closed,1629,Low,Chat,Feature request,1st line support,Bernard Beckley,18.03.2023 23:00,19.03.2023 23:00,18.03.2023 23:02,18.03.2023 23:01,Within SLA,19.03.2023 08:24,Within SLA,25.03.2023 02:09,6.0,4.0,Custom software development,Tier 1,Slovenia,46.1491664,14.9860106,1
Resolved,1630,Low,Phone,Feature request,1st line support,Sheela Cutten,18.03.2023 08:59,20.03.2023 08:59,18.03.2023 09:01,18.03.2023 09:01,Within SLA,18.03.2023 15:41,Within SLA,,2.0,,Ready to use Software,Tier 1,Slovenia,46.1491664,14.9860106,0
In progress,1631,Low,Phone,Product setup,1st line support,Connor Danielovitch,19.03.2023 18:00,21.03.2023 18:00,19.03.2023 18:02,19.03.2023 18:04,SLA Violated,,SLA Violated,,1.0,,Ready to use Software,Tier 1,Poland,52.536273,19.050639,0
Resolved,1632,Low,Email,Feature request,1st line support,Sheela Cutten,19.03.2023 21:00,21.03.2023 21:00,19.03.2023 22:00,20.03.2023 01:55,SLA Violated,2023-03-21 13:11:42.073,Within SLA,,2.0,,Custom software development,Tier 1,Germany,51.165691,10.451526,0
Closed,1633,High,Email,Purchasing and invoicing,1st line support,Kristos Westoll,19.03.2023 14:00,21.03.2023 14:00,19.03.2023 15:00,19.03.2023 14:44,Within SLA,20.03.2023 12:31,Within SLA,22.03.2023 21:20,4.0,5.0,Training and Consulting Services,Tier 1,United Kingdom,55.378052,-3.435973,1
Closed,1634,Medium,Chat,Other,1st line support,Sheela Cutten,19.03.2023 22:55,20.03.2023 22:55,19.03.2023 22:57,19.03.2023 23:00,SLA Violated,21.03.2023 06:46,SLA Violated,2023-03-21 22:25:45.004,6.0,4.0,Ready to use Software,Tier 1,Bulgaria,42.7249925,25.4833039,1
Closed,1635,Medium,Email,Pricing and licensing,1st line support,Sheela Cutten,19.03.2023 22:09,21.03.2023 22:09,19.03.2023 23:09,19.03.2023 22:28,Within SLA,20.03.2023 11:03,Within SLA,2023-03-22 04:18:02.024,5.0,5.0,Ready to use Software,Tier 1,Greece,39.368279,21.863141,1
Closed,1636,Low,Chat,Product setup,1st line support,Connor Danielovitch,19.03.2023 22:50,20.03.2023 22:50,19.03.2023 22:52,19.03.2023 22:50,Within SLA,2023-03-20 17:39:07.038,Within SLA,24.03.2023 19:58,5.0,3.0,Custom software development,Tier 1,Greece,39.368279,21.863141,1
In progress,1637,Low,Phone,Product setup,1st line support,Connor Danielovitch,19.03.2023 12:53,21.03.2023 12:53,19.03.2023 12:55,19.03.2023 12:59,SLA Violated,,SLA Violated,,3.0,,Custom software development,Tier 1,Italy,43.036776,12.678565,0
Closed,1638,Medium,Email,Feature request,1st line support,Nicola Wane,20.03.2023 13:23,22.03.2023 13:23,20.03.2023 14:23,2023-03-20 14:05:28.060,Within SLA,22.03.2023 08:53,Within SLA,26.03.2023 10:19,2.0,3.0,Ready to use Software,Tier 1,Poland,52.536273,19.050639,1
In progress,1639,Low,Email,Feature request,2nd line support,Adolpho Messingham,20.03.2023 19:10,22.03.2023 19:10,20.03.2023 20:10,2023-03-20 19:28:28.082,Within SLA,,SLA Violated,,1.0,,Other,Tier 2,Germany,51.165691,10.451526,0
Resolved,1640,High,Phone,Product setup,1st line support,Connor Danielovitch,20.03.2023 07:20,22.03.2023 07:20,20.03.2023 07:22,20.03.2023 07:21,Within SLA,20.03.2023 17:57,Within SLA,,3.0,,Custom software development,Tier 1,Slovenia,46.1491664,14.9860106,0
Resolved,1641,Medium,Email,Product setup,1st line support,Kristos Westoll,20.03.2023 22:27,22.03.2023 22:27,20.03.2023 23:27,20.03.2023 22:37,Within SLA,2023-03-21 12:54:25.015,Within SLA,,10.0,,Other,Tier 1,Slovenia,46.1491664,14.9860106,0
Closed,1642,Low,Phone,Product setup,2nd line support,Adolpho Messingham,20.03.2023 16:27,22.03.2023 16:27,20.03.2023 16:29,20.03.2023 16:28,Within SLA,22.03.2023 03:58,Within SLA,21.03.2023 11:47,3.0,2.0,Training and Consulting Services,Tier 2,United Kingdom,55.378052,-3.435973,1
Closed,1643,Low,Chat,Product setup,1st line support,Bernard Beckley,20.03.2023 21:49,21.03.2023 21:49,20.03.2023 21:51,20.03.2023 21:49,Within SLA,21.03.2023 18:09,Within SLA,27.03.2023 02:31,6.0,3.0,Custom software development,Tier 1,Spain,39.67337,-4.767726,1
Closed,1644,Low,Email,Feature request,1st line support,Sheela Cutten,20.03.2023 01:25,22.03.2023 01:25,20.03.2023 02:25,20.03.2023 02:23,Within SLA,21.03.2023 21:04,Within SLA,23.03.2023 12:14,2.0,3.0,Other,Tier 1,Spain,39.67337,-4.767726,1
Closed,1645,Medium,Email,Bug report,1st line support,Connor Danielovitch,20.03.2023 18:36,22.03.2023 18:36,20.03.2023 19:36,20.03.2023 19:32,Within SLA,20.03.2023 19:28,Within SLA,25.03.2023 11:04,5.0,4.0,Ready to use Software,Tier 1,United Kingdom,55.378052,-3.435973,1
Closed,1646,Low,Email,Purchasing and invoicing,1st line support,Sheela Cutten,21.03.2023 19:11,23.03.2023 19:11,21.03.2023 20:11,21.03.2023 20:10,Within SLA,23.03.2023 13:08,Within SLA,25.03.2023 01:06,1.0,3.0,Custom software development,Tier 1,France,48.864716,2.349014,1
Closed,1647,Low,Chat,Feature request,2nd line support,Michele Whyatt,21.03.2023 00:03,22.03.2023 00:03,21.03.2023 00:05,21.03.2023 00:03,Within SLA,21.03.2023 14:27,Within SLA,21.03.2023 20:08,6.0,3.0,Ready to use Software,Tier 2,Poland,52.536273,19.050639,1
Closed,1648,High,Phone,Product setup,2nd line support,Heather Urry,21.03.2023 08:43,23.03.2023 08:43,21.03.2023 08:45,21.03.2023 08:43,Within SLA,26.03.2023 13:07,SLA Violated,27.03.2023 16:18,3.0,4.0,Ready to use Software,Tier 2,Germany,51.165691,10.451526,1
Resolved,1649,Low,Chat,Training request,1st line support,Kristos Westoll,21.03.2023 10:42,22.03.2023 10:42,21.03.2023 10:44,21.03.2023 10:44,SLA Violated,22.03.2023 10:23,Within SLA,,9.0,,Training and Consulting Services,Tier 1,Italy,43.036776,12.678565,0
In progress,1650,Medium,Email,Other,1st line support,Bernard Beckley,22.03.2023 04:26,24.03.2023 04:26,22.03.2023 05:26,22.03.2023 05:00,Within SLA,,SLA Violated,,2.0,,Ready to use Software,Tier 1,France,48.864716,2.349014,0
Resolved,1651,Low,Email,Feature request,1st line support,Bernard Beckley,22.03.2023 00:13,24.03.2023 00:13,22.03.2023 01:13,22.03.2023 00:53,Within SLA,23.03.2023 02:09,Within SLA,,6.0,,Other,Tier 1,Greece,39.368279,21.863141,0
Closed,1652,Medium,Chat,Feature request,2nd line support,Heather Urry,22.03.2023 05:00,23.03.2023 05:00,22.03.2023 05:02,22.03.2023 05:02,Within SLA,22.03.2023 14:19,Within SLA,27.03.2023 22:56,6.0,3.0,Custom software development,Tier 2,Austria,47.6964719,13.3457347,1
Resolved,1653,Medium,Email,Product setup,1st line support,Nicola Wane,22.03.2023 01:30,24.03.2023 01:30,22.03.2023 02:30,22.03.2023 02:17,Within SLA,22.03.2023 05:08,Within SLA,,2.0,,Training and Consulting Services,Tier 1,Greece,39.368279,21.863141,0
Closed,1654,High,Email,Product setup,2nd line support,Heather Urry,22.03.2023 07:55,24.03.2023 07:55,22.03.2023 08:55,2023-03-22 08:43:58.021,Within SLA,23.03.2023 12:08,Within SLA,2023-03-26 09:47:14.007,8.0,2.0,Custom software development,Tier 2,United Kingdom,55.378052,-3.435973,1
Closed,1655,Low,Email,Product setup,1st line support,Connor Danielovitch,22.03.2023 18:21,24.03.2023 18:21,22.03.2023 19:21,22.03.2023 23:06,SLA Violated,23.03.2023 10:11,Within SLA,28.03.2023 09:44,3.0,4.0,Custom software development,Tier 1,Slovenia,46.1491664,14.9860106,1
Closed,1656,Low,Email,Product setup,2nd line support,Adolpho Messingham,23.03.2023 06:03,25.03.2023 06:03,23.03.2023 07:03,23.03.2023 06:50,Within SLA,26.03.2023 03:52,SLA Violated,27.03.2023 05:44,6.0,5.0,Ready to use Software,Tier 2,Bulgaria,42.7249925,25.4833039,1
Closed,1657,Medium,Phone,Bug report,1st line support,Nicola Wane,23.03.2023 13:40,25.03.2023 13:40,23.03.2023 13:42,23.03.2023 13:42,Within SLA,24.03.2023 09:24,Within SLA,26.03.2023 12:44,4.0,5.0,Ready to use Software,Tier 1,Spain,39.67337,-4.767726,1
Closed,1658,High,Email,Other,1st line support,Nicola Wane,23.03.2023 13:58,25.03.2023 13:58,23.03.2023 14:58,23.03.2023 14:27,Within SLA,25.03.2023 10:50,Within SLA,24.03.2023 10:57,1.0,4.0,Custom software development,Tier 1,United Kingdom,55.378052,-3.435973,1
Resolved,1659,Low,Email,Bug report,2nd line support,Adolpho Messingham,23.03.2023 14:27,25.03.2023 14:27,23.03.2023 15:27,23.03.2023 15:26,Within SLA,25.03.2023 11:18,Within SLA,,10.0,,Training and Consulting Services,Tier 2,Greece,39.368279,21.863141,0
In progress,1660,Low,Email,Feature request,2nd line support,Michele Whyatt,23.03.2023 22:39,25.03.2023 22:39,23.03.2023 23:39,23.03.2023 23:30,Within SLA,,SLA Violated,,8.0,,Other,Tier 2,Italy,43.036776,12.678565,0
Closed,1661,Medium,Chat,Pricing and licensing,1st line support,Bernard Beckley,23.03.2023 05:03,24.03.2023 05:03,23.03.2023 05:05,23.03.2023 05:05,Within SLA,24.03.2023 04:33,Within SLA,2023-03-25 12:11:32.025,3.0,3.0,Training and Consulting Services,Tier 1,Italy,43.036776,12.678565,1
Resolved,1665,Medium,Email,Feature request,1st line support,Nicola Wane,24.03.2023 07:33,26.03.2023 07:33,24.03.2023 08:33,24.03.2023 08:02,Within SLA,2023-03-25 12:21:56.021,Within SLA,,3.0,,Custom software development,Tier 1,France,48.864716,2.349014,0
In progress,1666,Medium,Email,Product setup,1st line support,Bernard Beckley,24.03.2023 22:12,26.03.2023 22:12,24.03.2023 23:12,24.03.2023 22:54,Within SLA,,SLA Violated,,2.0,,Custom software development,Tier 1,Greece,39.368279,21.863141,0
Closed,1668,Medium,Email,Purchasing and invoicing,1st line support,Nicola Wane,24.03.2023 04:18,26.03.2023 04:18,24.03.2023 05:18,24.03.2023 04:49,Within SLA,2023-03-25 22:13:45.032,Within SLA,26.03.2023 21:12,1.0,4.0,Custom software development,Tier 1,Germany,51.165691,10.451526,1
Closed,1669,Medium,Email,Feature request,1st line support,Nicola Wane,24.03.2023 11:22,26.03.2023 11:22,24.03.2023 12:22,24.03.2023 11:34,Within SLA,25.03.2023 18:18,Within SLA,25.03.2023 04:20,1.0,5.0,Ready to use Software,Tier 1,Greece,39.368279,21.863141,1
Closed,1670,Low,Email,Feature request,1st line support,Kristos Westoll,24.03.2023 20:23,26.03.2023 20:23,24.03.2023 21:23,24.03.2023 20:58,Within SLA,26.03.2023 04:36,Within SLA,2023-03-26 21:37:43.086,6.0,1.0,Custom software development,Tier 1,Germany,51.165691,10.451526,1
Closed,1671,High,Email,Purchasing and invoicing,1st line support,Kristos Westoll,24.03.2023 13:35,26.03.2023 13:35,24.03.2023 14:35,24.03.2023 16:45,SLA Violated,2023-03-28 02:36:52.037,SLA Violated,28.03.2023 03:42,1.0,3.0,Other,Tier 1,Germany,51.165691,10.451526,1
Closed,1673,High,Chat,Feature request,1st line support,Nicola Wane,24.03.2023 21:33,25.03.2023 21:33,24.03.2023 21:35,24.03.2023 21:35,Within SLA,2023-03-25 19:43:26.044,Within SLA,27.03.2023 16:01,4.0,4.0,Ready to use Software,Tier 1,France,48.864716,2.349014,1
Resolved,1674,Medium,Email,Feature request,1st line support,Sheela Cutten,24.03.2023 06:37,26.03.2023 06:37,24.03.2023 07:37,24.03.2023 07:34,Within SLA,24.03.2023 10:10,Within SLA,,2.0,,Ready to use Software,Tier 1,Poland,52.536273,19.050639,0
Closed,1675,Low,Email,Purchasing and invoicing,1st line support,Nicola Wane,25.03.2023 16:02,27.03.2023 16:02,25.03.2023 17:02,25.03.2023 16:54,Within SLA,2023-03-26 09:01:07.036,Within SLA,2023-03-31 13:22:17.080,1.0,5.0,Training and Consulting Services,Tier 1,Italy,43.036776,12.678565,1
In progress,1676,Low,Email,Product setup,1st line support,Bernard Beckley,25.03.2023 17:27,27.03.2023 17:27,25.03.2023 18:27,25.03.2023 18:02,Within SLA,,SLA Violated,,7.0,,Ready to use Software,Tier 1,Czech Republic,49.8037633,15.4749126,0
Closed,1677,Low,Email,Product setup,1st line support,Bernard Beckley,25.03.2023 02:51,27.03.2023 02:51,25.03.2023 03:51,2023-03-25 03:46:34.035,Within SLA,26.03.2023 21:21,Within SLA,28.03.2023 00:42,4.0,2.0,Ready to use Software,Tier 1,United Kingdom,55.378052,-3.435973,1
Closed,1690,Low,Chat,Bug report,2nd line support,Adolpho Messingham,26.03.2023 13:36,27.03.2023 13:36,26.03.2023 13:38,26.03.2023 13:37,Within SLA,27.03.2023 03:29,Within SLA,29.03.2023 19:50,6.0,3.0,Custom software development,Tier 2,Italy,43.036776,12.678565,1
Resolved,1691,Low,Phone,Other,1st line support,Connor Danielovitch,26.03.2023 01:47,28.03.2023 01:47,26.03.2023 01:49,26.03.2023 01:48,Within SLA,30.03.2023 20:51,SLA Violated,,1.0,,Ready to use Software,Tier 1,Austria,47.6964719,13.3457347,0
In progress,1692,Low,Email,Pricing and licensing,1st line support,Nicola Wane,27.03.2023 16:55,29.03.2023 16:55,27.03.2023 17:55,27.03.2023 17:24,Within SLA,,SLA Violated,,10.0,,Ready to use Software,Tier 1,Germany,51.165691,10.451526,0
Closed,1693,Medium,Chat,Bug report,1st line support,Bernard Beckley,27.03.2023 09:48,28.03.2023 09:48,27.03.2023 09:50,27.03.2023 09:48,Within SLA,31.03.2023 12:13,SLA Violated,01.04.2023 18:55,7.0,4.0,Ready to use Software,Tier 1,Bulgaria,42.7249925,25.4833039,1
In progress,1694,High,Email,Feature request,1st line support,Sheela Cutten,27.03.2023 19:39,29.03.2023 19:39,27.03.2023 20:39,27.03.2023 20:00,Within SLA,,SLA Violated,,1.0,,Ready to use Software,Tier 1,United Kingdom,55.378052,-3.435973,0
Resolved,1695,Low,Chat,Product setup,1st line support,Nicola Wane,27.03.2023 08:57,28.03.2023 08:57,27.03.2023 08:59,27.03.2023 08:57,Within SLA,2023-03-27 10:34:19.012,Within SLA,,4.0,,Custom software development,Tier 1,Republic of Ireland,53.094024,-8.019675,0
In progress,1696,Low,Phone,Other,1st line support,Sheela Cutten,27.03.2023 14:12,29.03.2023 14:12,27.03.2023 14:14,27.03.2023 14:12,Within SLA,,SLA Violated,,4.0,,Other,Tier 1,Austria,47.6964719,13.3457347,0
In progress,1697,Low,Phone,Product setup,1st line support,Sheela Cutten,28.03.2023 00:41,30.03.2023 00:41,28.03.2023 00:43,28.03.2023 00:44,SLA Violated,,SLA Violated,,1.0,,Other,Tier 1,Poland,52.536273,19.050639,0
Resolved,1698,Low,Chat,Feature request,1st line support,Nicola Wane,28.03.2023 05:44,29.03.2023 05:44,28.03.2023 05:46,28.03.2023 05:44,Within SLA,29.03.2023 03:29,Within SLA,,6.0,,Other,Tier 1,Italy,43.036776,12.678565,0
Closed,1699,Medium,Email,Product setup,1st line support,Connor Danielovitch,28.03.2023 15:16,30.03.2023 15:16,28.03.2023 16:16,2023-03-28 15:40:03.027,Within SLA,29.03.2023 10:34,Within SLA,01.04.2023 19:47,2.0,4.0,Training and Consulting Services,Tier 1,Slovenia,46.1491664,14.9860106,1
Closed,1700,High,Phone,Product setup,1st line support,Sheela Cutten,28.03.2023 16:37,30.03.2023 16:37,28.03.2023 16:39,28.03.2023 16:38,Within SLA,30.03.2023 03:53,Within SLA,2023-04-02 23:59:17.013,1.0,5.0,Ready to use Software,Tier 1,Czech Republic,49.8037633,15.4749126,1
In progress,1701,Low,Chat,Feature request,2nd line support,Adolpho Messingham,28.03.2023 20:46,29.03.2023 20:46,28.03.2023 20:48,28.03.2023 20:48,SLA Violated,,SLA Violated,,6.0,,Other,Tier 2,Italy,43.036776,12.678565,0
Resolved,1702,Low,Email,Purchasing and invoicing,1st line support,Nicola Wane,28.03.2023 08:09,30.03.2023 08:09,28.03.2023 09:09,2023-03-28 13:31:54.086,SLA Violated,29.03.2023 03:29,Within SLA,,6.0,,Ready to use Software,Tier 1,Greece,39.368279,21.863141,0
Closed,1703,High,Phone,Feature request,1st line support,Kristos Westoll,29.03.2023 11:10,31.03.2023 11:10,29.03.2023 11:12,2023-03-29 11:11:45.007,Within SLA,30.03.2023 12:09,Within SLA,01.04.2023 10:55,1.0,4.0,Ready to use Software,Tier 1,Italy,43.036776,12.678565,1
Resolved,1704,Medium,Email,Product setup,2nd line support,Michele Whyatt,29.03.2023 01:29,31.03.2023 01:29,29.03.2023 02:29,29.03.2023 02:07,Within SLA,29.03.2023 10:30,Within SLA,,9.0,,Training and Consulting Services,Tier 2,Poland,52.536273,19.050639,0
Closed,1705,Medium,Email,Pricing and licensing,2nd line support,Heather Urry,29.03.2023 03:32,31.03.2023 03:32,29.03.2023 04:32,29.03.2023 03:49,Within SLA,31.03.2023 03:02,Within SLA,03.04.2023 16:48,1.0,4.0,Training and Consulting Services,Tier 2,Italy,43.036776,12.678565,1
In progress,1706,Low,Email,Product setup,1st line support,Sheela Cutten,29.03.2023 17:06,31.03.2023 17:06,29.03.2023 18:06,29.03.2023 17:49,Within SLA,,SLA Violated,,1.0,,Ready to use Software,Tier 1,Bulgaria,42.7249925,25.4833039,0
Resolved,1707,Medium,Chat,Pricing and licensing,1st line support,Sheela Cutten,29.03.2023 08:39,30.03.2023 08:39,29.03.2023 08:41,29.03.2023 08:40,Within SLA,29.03.2023 09:17,Within SLA,,6.0,,Custom software development,Tier 1,France,48.864716,2.349014,0
Closed,1708,Low,Chat,Other,1st line support,Bernard Beckley,29.03.2023 04:00,30.03.2023 04:00,29.03.2023 04:02,29.03.2023 04:00,Within SLA,29.03.2023 23:29,Within SLA,02.04.2023 10:05,60.0,4.0,Custom software development,Tier 1,Czech Republic,49.8037633,15.4749126,1
In progress,1709,Low,Chat,Training request,2nd line support,Michele Whyatt,29.03.2023 20:14,30.03.2023 20:14,29.03.2023 20:16,29.03.2023 20:16,Within SLA,,SLA Violated,,6.0,,Training and Consulting Services,Tier 2,United Kingdom,55.378052,-3.435973,0
Closed,1710,Low,Email,Product setup,2nd line support,Heather Urry,30.03.2023 18:00,01.04.2023 18:00,30.03.2023 19:00,30.03.2023 18:01,Within SLA,31.03.2023 09:04,Within SLA,01.04.2023 00:57,1.0,4.0,Ready to use Software,Tier 2,Poland,52.536273,19.050639,1
Closed,1711,High,Email,Product setup,2nd line support,Adolpho Messingham,30.03.2023 15:51,01.04.2023 15:51,30.03.2023 16:51,30.03.2023 16:42,Within SLA,01.04.2023 04:03,Within SLA,2023-04-04 16:33:53.055,1.0,4.0,Ready to use Software,Tier 2,Spain,39.67337,-4.767726,1
Closed,1712,Low,Email,Feature request,2nd line support,Heather Urry,30.03.2023 13:19,01.04.2023 13:19,30.03.2023 14:19,30.03.2023 14:00,Within SLA,31.03.2023 19:26,Within SLA,05.04.2023 13:54,10.0,4.0,Ready to use Software,Tier 2,Italy,43.036776,12.678565,1
Closed,1713,High,Email,Feature request,2nd line support,Adolpho Messingham,30.03.2023 11:29,01.04.2023 11:29,30.03.2023 12:29,30.03.2023 11:45,Within SLA,2023-04-01 04:25:10.078,Within SLA,01.04.2023 07:01,2.0,4.0,Ready to use Software,Tier 2,Spain,39.67337,-4.767726,1
Closed,1714,High,Email,Bug report,2nd line support,Heather Urry,30.03.2023 17:10,01.04.2023 17:10,30.03.2023 18:10,30.03.2023 17:11,Within SLA,31.03.2023 22:27,Within SLA,03.04.2023 02:53,1.0,1.0,Ready to use Software,Tier 2,Republic of Ireland,53.094024,-8.019675,1
Closed,1715,Medium,Email,Pricing and licensing,1st line support,Kristos Westoll,30.03.2023 22:34,01.04.2023 22:34,30.03.2023 23:34,30.03.2023 22:58,Within SLA,04.04.2023 20:01,SLA Violated,05.04.2023 13:55,8.0,3.0,Custom software development,Tier 1,Germany,51.165691,10.451526,1
Closed,1717,Medium,Chat,Other,1st line support,Bernard Beckley,30.03.2023 04:23,31.03.2023 04:23,30.03.2023 04:25,30.03.2023 04:27,SLA Violated,31.03.2023 03:13,Within SLA,01.04.2023 22:37,4.0,3.0,Custom software development,Tier 1,Greece,39.368279,21.863141,1
Resolved,1718,Low,Chat,Pricing and licensing,1st line support,Bernard Beckley,30.03.2023 22:31,31.03.2023 22:31,30.03.2023 22:33,30.03.2023 22:32,Within SLA,31.03.2023 13:51,Within SLA,,4.0,,Ready to use Software,Tier 1,Slovenia,46.1491664,14.9860106,0
In progress,1719,Low,Chat,Product setup,1st line support,Nicola Wane,30.03.2023 07:13,31.03.2023 07:13,30.03.2023 07:15,30.03.2023 07:13,Within SLA,,SLA Violated,,7.0,,Ready to use Software,Tier 1,Slovenia,46.1491664,14.9860106,0
Resolved,1720,Low,Email,Bug report,1st line support,Nicola Wane,30.03.2023 12:29,01.04.2023 12:29,30.03.2023 13:29,30.03.2023 13:15,Within SLA,31.03.2023 21:35,Within SLA,,8.0,,Ready to use Software,Tier 1,Italy,43.036776,12.678565,0
Closed,1721,Low,Email,Product setup,1st line support,Sheela Cutten,30.03.2023 15:37,01.04.2023 15:37,30.03.2023 16:37,30.03.2023 15:38,Within SLA,2023-04-01 00:45:41.094,Within SLA,05.04.2023 16:32,2.0,3.0,Ready to use Software,Tier 1,Slovenia,46.1491664,14.9860106,1
Resolved,1722,Low,Chat,Feature request,1st line support,Connor Danielovitch,30.03.2023 20:59,31.03.2023 20:59,30.03.2023 21:01,30.03.2023 20:59,Within SLA,31.03.2023 19:19,Within SLA,,60.0,,Custom software development,Tier 1,France,48.864716,2.349014,0
Closed,1723,Low,Email,Bug report,1st line support,Connor Danielovitch,31.03.2023 04:57,02.04.2023 04:57,31.03.2023 05:57,31.03.2023 04:58,Within SLA,31.03.2023 20:37,Within SLA,04.04.2023 14:58,7.0,5.0,Ready to use Software,Tier 1,Germany,51.165691,10.451526,1
Closed,1725,Low,Email,Purchasing and invoicing,1st line support,Bernard Beckley,31.03.2023 03:10,02.04.2023 03:10,31.03.2023 04:10,31.03.2023 03:53,Within SLA,03.04.2023 18:45,SLA Violated,05.04.2023 14:21,1.0,4.0,Custom software development,Tier 1,Greece,39.368279,21.863141,1
Closed,1726,High,Chat,Feature request,1st line support,Kristos Westoll,31.03.2023 11:40,01.04.2023 11:40,31.03.2023 11:42,31.03.2023 11:41,Within SLA,31.03.2023 15:33,Within SLA,05.04.2023 13:53,8.0,4.0,Ready to use Software,Tier 1,Italy,43.036776,12.678565,1
Resolved,1727,Low,Chat,Feature request,1st line support,Connor Danielovitch,31.03.2023 08:54,01.04.2023 08:54,31.03.2023 08:56,31.03.2023 08:56,Within SLA,01.04.2023 04:59,Within SLA,,6.0,,Ready to use Software,Tier 1,Greece,39.368279,21.863141,0
Resolved,1728,High,Email,Feature request,2nd line support,Adolpho Messingham,31.03.2023 17:02,02.04.2023 17:02,31.03.2023 18:02,31.03.2023 17:30,Within SLA,02.04.2023 14:44,Within SLA,,10.0,,Ready to use Software,Tier 2,Poland,52.536273,19.050639,0
In progress,1729,High,Email,Product setup,1st line support,Nicola Wane,31.03.2023 22:38,02.04.2023 22:38,31.03.2023 23:38,2023-03-31 22:59:12.068,Within SLA,,SLA Violated,,1.0,,Ready to use Software,Tier 1,Bulgaria,42.7249925,25.4833039,0
In progress,1730,Medium,Chat,Product setup,2nd line support,Adolpho Messingham,01.04.2023 04:42,02.04.2023 04:42,01.04.2023 04:44,01.04.2023 04:44,Within SLA,,SLA Violated,,7.0,,Custom software development,Tier 2,Poland,52.536273,19.050639,0
Resolved,1731,Low,Email,Feature request,1st line support,Sheela Cutten,01.04.2023 19:34,03.04.2023 19:34,01.04.2023 20:34,01.04.2023 20:12,Within SLA,03.04.2023 01:12,Within SLA,,2.0,,Other,Tier 1,Germany,51.165691,10.451526,0
In progress,1732,Low,Email,Training request,1st line support,Nicola Wane,01.04.2023 19:44,03.04.2023 19:44,01.04.2023 20:44,02.04.2023 00:46,SLA Violated,,SLA Violated,,6.0,,Training and Consulting Services,Tier 1,Greece,39.368279,21.863141,0
Closed,1733,Medium,Email,Pricing and licensing,1st line support,Sheela Cutten,01.04.2023 19:19,03.04.2023 19:19,01.04.2023 20:19,01.04.2023 20:07,Within SLA,02.04.2023 13:38,Within SLA,05.04.2023 08:00,4.0,2.0,Other,Tier 1,Slovenia,46.1491664,14.9860106,1
Closed,1748,Low,Chat,Feature request,2nd line support,Adolpho Messingham,02.04.2023 15:10,03.04.2023 15:10,02.04.2023 15:12,02.04.2023 15:15,SLA Violated,05.04.2023 16:34,SLA Violated,07.04.2023 14:40,6.0,3.0,Custom software development,Tier 2,Czech Republic,49.8037633,15.4749126,1
In progress,1749,Medium,Phone,Purchasing and invoicing,1st line support,Kristos Westoll,02.04.2023 04:44,04.04.2023 04:44,02.04.2023 04:46,02.04.2023 04:45,Within SLA,,SLA Violated,,1.0,,Other,Tier 1,Germany,51.165691,10.451526,0
Resolved,1750,Low,Phone,Pricing and licensing,1st line support,Sheela Cutten,02.04.2023 16:03,04.04.2023 16:03,02.04.2023 16:05,2023-04-02 16:03:59.045,Within SLA,2023-04-06 10:28:20.097,SLA Violated,,4.0,,Custom software development,Tier 1,Italy,43.036776,12.678565,0
Resolved,1751,High,Email,Product setup,2nd line support,Adolpho Messingham,02.04.2023 15:53,04.04.2023 15:53,02.04.2023 16:53,02.04.2023 16:17,Within SLA,03.04.2023 18:13,Within SLA,,2.0,,Other,Tier 2,Poland,52.536273,19.050639,0
Closed,1752,Low,Chat,Pricing and licensing,1st line support,Sheela Cutten,02.04.2023 23:30,03.04.2023 23:30,02.04.2023 23:32,02.04.2023 23:35,SLA Violated,03.04.2023 20:34,Within SLA,04.04.2023 15:18,6.0,4.0,Custom software development,Tier 1,Germany,51.165691,10.451526,1
Closed,1753,Low,Email,Pricing and licensing,2nd line support,Heather Urry,03.04.2023 05:55,05.04.2023 05:55,03.04.2023 06:55,03.04.2023 06:06,Within SLA,04.04.2023 16:03,Within SLA,09.04.2023 19:16,5.0,4.0,Ready to use Software,Tier 2,Austria,47.6964719,13.3457347,1
Closed,1754,Medium,Chat,Bug report,1st line support,Connor Danielovitch,03.04.2023 00:18,04.04.2023 00:18,03.04.2023 00:20,03.04.2023 00:19,Within SLA,03.04.2023 09:32,Within SLA,05.04.2023 01:39,3.0,5.0,Ready to use Software,Tier 1,Spain,39.67337,-4.767726,1
Closed,1755,High,Email,Product setup,1st line support,Sheela Cutten,03.04.2023 04:51,05.04.2023 04:51,03.04.2023 05:51,03.04.2023 05:44,Within SLA,2023-04-04 18:05:12.020,Within SLA,07.04.2023 10:02,8.0,5.0,Ready to use Software,Tier 1,Poland,52.536273,19.050639,1
Resolved,1756,Low,Email,Product setup,1st line support,Bernard Beckley,03.04.2023 05:19,05.04.2023 05:19,03.04.2023 06:19,03.04.2023 05:47,Within SLA,04.04.2023 09:47,Within SLA,,2.0,,Other,Tier 1,Germany,51.165691,10.451526,0
In progress,1757,High,Chat,Product setup,1st line support,Kristos Westoll,03.04.2023 07:05,04.04.2023 07:05,03.04.2023 07:07,2023-04-03 07:05:26.004,Within SLA,,SLA Violated,,7.0,,Ready to use Software,Tier 1,Austria,47.6964719,13.3457347,0
Closed,1759,Low,Chat,Feature request,1st line support,Bernard Beckley,03.04.2023 17:17,04.04.2023 17:17,03.04.2023 17:19,03.04.2023 17:18,Within SLA,04.04.2023 14:06,Within SLA,06.04.2023 04:50,6.0,3.0,Custom software development,Tier 1,Austria,47.6964719,13.3457347,1
Closed,1761,Low,Email,Other,1st line support,Sheela Cutten,04.04.2023 13:34,06.04.2023 13:34,04.04.2023 14:34,04.04.2023 20:15,SLA Violated,05.04.2023 02:47,Within SLA,06.04.2023 09:45,2.0,4.0,Custom software development,Tier 1,Austria,47.6964719,13.3457347,1
Closed,1762,Low,Chat,Product setup,1st line support,Kristos Westoll,04.04.2023 22:42,05.04.2023 22:42,04.04.2023 22:44,04.04.2023 22:44,Within SLA,06.04.2023 16:31,SLA Violated,06.04.2023 18:42,6.0,3.0,Ready to use Software,Tier 1,France,48.864716,2.349014,1
Resolved,1763,Low,Chat,Bug report,1st line support,Kristos Westoll,04.04.2023 12:31,05.04.2023 12:31,04.04.2023 12:33,04.04.2023 12:36,SLA Violated,05.04.2023 02:55,Within SLA,,6.0,,Ready to use Software,Tier 1,Poland,52.536273,19.050639,0
Closed,1764,Low,Chat,Bug report,1st line support,Bernard Beckley,04.04.2023 08:56,05.04.2023 08:56,04.04.2023 08:58,04.04.2023 08:57,Within SLA,04.04.2023 18:34,Within SLA,11.04.2023 13:23,5.0,4.0,Training and Consulting Services,Tier 1,Austria,47.6964719,13.3457347,1
Resolved,1765,Low,Chat,Pricing and licensing,2nd line support,Heather Urry,04.04.2023 11:05,05.04.2023 11:05,04.04.2023 11:07,04.04.2023 11:05,Within SLA,2023-04-05 01:55:44.008,Within SLA,,6.0,,Ready to use Software,Tier 2,United Kingdom,55.378052,-3.435973,0
Closed,1766,Low,Email,Other,2nd line support,Michele Whyatt,05.04.2023 02:02,07.04.2023 02:02,05.04.2023 03:02,2023-04-05 02:51:18.094,Within SLA,05.04.2023 08:47,Within SLA,10.04.2023 05:37,1.0,4.0,Other,Tier 2,United Kingdom,55.378052,-3.435973,1
Closed,1767,High,Chat,Product setup,1st line support,Connor Danielovitch,05.04.2023 10:03,06.04.2023 10:03,05.04.2023 10:05,05.04.2023 10:04,Within SLA,07.04.2023 11:19,SLA Violated,07.04.2023 19:31,5.0,3.0,Ready to use Software,Tier 1,Poland,52.536273,19.050639,1
In progress,1768,Low,Chat,Product setup,1st line support,Nicola Wane,05.04.2023 21:15,06.04.2023 21:15,05.04.2023 21:17,05.04.2023 21:16,Within SLA,,SLA Violated,,8.0,,Training and Consulting Services,Tier 1,Bulgaria,42.7249925,25.4833039,0
In progress,1769,Low,Email,Feature request,2nd line support,Heather Urry,05.04.2023 11:07,07.04.2023 11:07,05.04.2023 12:07,05.04.2023 11:37,Within SLA,,SLA Violated,,3.0,,Custom software development,Tier 2,Germany,51.165691,10.451526,0
Open,1770,Medium,Email,Pricing and licensing,1st line support,Nicola Wane,05.04.2023 16:27,07.04.2023 16:27,05.04.2023 17:27,,SLA Violated,,SLA Violated,,,,Ready to use Software,Tier 1,Germany,51.165691,10.451526,0
Closed,1771,High,Chat,Product setup,1st line support,Connor Danielovitch,05.04.2023 07:14,06.04.2023 07:14,05.04.2023 07:16,2023-04-05 07:15:05.002,Within SLA,06.04.2023 02:39,Within SLA,10.04.2023 11:50,4.0,4.0,Ready to use Software,Tier 1,Poland,52.536273,19.050639,1
Closed,1772,Medium,Chat,Feature request,1st line support,Nicola Wane,06.04.2023 03:30,07.04.2023 03:30,06.04.2023 03:32,06.04.2023 03:32,Within SLA,06.04.2023 04:31,Within SLA,10.04.2023 06:27,4.0,5.0,Ready to use Software,Tier 1,Germany,51.165691,10.451526,1
Resolved,1773,High,Email,Pricing and Licensing,1st line support,Sheela Cutten,06.04.2023 17:18,08.04.2023 17:18,06.04.2023 18:18,06.04.2023 17:45,Within SLA,07.04.2023 07:13,Within SLA,,8.0,,Custom software development,Tier 1,Italy,43.036776,12.678565,0
Closed,1774,Medium,Email,Bug report,2nd line support,Heather Urry,06.04.2023 02:59,08.04.2023 02:59,06.04.2023 03:59,06.04.2023 03:39,Within SLA,2023-04-07 02:15:49.015,Within SLA,10.04.2023 20:43,5.0,4.0,Custom software development,Tier 2,Slovenia,46.1491664,14.9860106,1
Closed,1775,Medium,Email,Product setup,1st line support,Connor Danielovitch,06.04.2023 18:15,08.04.2023 18:15,06.04.2023 19:15,06.04.2023 19:00,Within SLA,08.04.2023 07:58,Within SLA,11.04.2023 18:33,2.0,4.0,Ready to use Software,Tier 1,Republic of Ireland,53.094024,-8.019675,1
Closed,1777,Medium,Email,Product setup,1st line support,Sheela Cutten,06.04.2023 04:54,08.04.2023 04:54,06.04.2023 05:54,06.04.2023 05:44,Within SLA,06.04.2023 14:47,Within SLA,13.04.2023 05:41,2.0,4.0,Other,Tier 1,Italy,43.036776,12.678565,1
In progress,1778,Medium,Email,Training request,2nd line support,Heather Urry,06.04.2023 18:43,08.04.2023 18:43,06.04.2023 19:43,06.04.2023 19:34,Within SLA,,SLA Violated,,4.0,,Training and Consulting Services,Tier 2,France,48.864716,2.349014,0
Closed,1779,Medium,Email,Product setup,1st line support,Connor Danielovitch,07.04.2023 02:13,09.04.2023 02:13,07.04.2023 03:13,07.04.2023 03:01,Within SLA,08.04.2023 13:42,Within SLA,08.04.2023 22:53,3.0,3.0,Ready to use Software,Tier 1,Bulgaria,42.7249925,25.4833039,1
Resolved,1780,Low,Chat,Product setup,2nd line support,Adolpho Messingham,07.04.2023 22:19,08.04.2023 22:19,07.04.2023 22:21,07.04.2023 22:24,SLA Violated,09.04.2023 11:25,SLA Violated,,4.0,,Ready to use Software,Tier 2,Germany,51.165691,10.451526,0
In progress,1782,Low,Email,Pricing and licensing,1st line support,Nicola Wane,07.04.2023 18:21,09.04.2023 18:21,07.04.2023 19:21,07.04.2023 18:39,Within SLA,,SLA Violated,,1.0,,Ready to use Software,Tier 1,Germany,51.165691,10.451526,0
Closed,1783,Medium,Email,Feature request,2nd line support,Heather Urry,07.04.2023 05:02,09.04.2023 05:02,07.04.2023 06:02,07.04.2023 05:18,Within SLA,07.04.2023 21:08,Within SLA,13.04.2023 14:00,1.0,1.0,Ready to use Software,Tier 2,Slovenia,46.1491664,14.9860106,1
Closed,1784,Medium,Email,Product setup,1st line support,Kristos Westoll,07.04.2023 07:46,09.04.2023 07:46,07.04.2023 08:46,2023-04-07 08:03:59.019,Within SLA,08.04.2023 18:08,Within SLA,08.04.2023 18:41,2.0,4.0,Ready to use Software,Tier 1,Italy,43.036776,12.678565,1
In progress,1801,High,Phone,Feature request,1st line support,Connor Danielovitch,09.04.2023 11:16,11.04.2023 11:16,09.04.2023 11:18,09.04.2023 11:17,Within SLA,,SLA Violated,,2.0,,Custom software development,Tier 1,Poland,52.536273,19.050639,0
In progress,1802,Low,Chat,Pricing and Licensing,1st line support,Nicola Wane,09.04.2023 18:24,10.04.2023 18:24,09.04.2023 18:26,09.04.2023 18:24,Within SLA,,SLA Violated,,7.0,,Custom software development,Tier 1,Greece,39.368279,21.863141,0
Closed,1803,Low,Email,Other,1st line support,Connor Danielovitch,09.04.2023 01:54,11.04.2023 01:54,09.04.2023 02:54,2023-04-09 02:31:16.053,Within SLA,10.04.2023 22:57,Within SLA,16.04.2023 04:28,1.0,4.0,Custom software development,Tier 1,Spain,39.67337,-4.767726,1
In progress,1804,Medium,Chat,Product setup,2nd line support,Michele Whyatt,09.04.2023 17:35,10.04.2023 17:35,09.04.2023 17:37,09.04.2023 17:36,Within SLA,,SLA Violated,,6.0,,Ready to use Software,Tier 2,Bulgaria,42.7249925,25.4833039,0
Resolved,1805,Low,Email,Pricing and licensing,1st line support,Connor Danielovitch,09.04.2023 16:50,11.04.2023 16:50,09.04.2023 17:50,09.04.2023 17:34,Within SLA,10.04.2023 08:09,Within SLA,,1.0,,Ready to use Software,Tier 1,Austria,47.6964719,13.3457347,0
Closed,1806,Low,Email,Pricing and licensing,1st line support,Kristos Westoll,09.04.2023 01:08,11.04.2023 01:08,09.04.2023 02:08,09.04.2023 03:45,SLA Violated,10.04.2023 08:28,Within SLA,13.04.2023 05:14,4.0,1.0,Custom software development,Tier 1,France,48.864716,2.349014,1
In progress,1807,Medium,Email,Product setup,1st line support,Nicola Wane,10.04.2023 16:07,12.04.2023 16:07,10.04.2023 17:07,10.04.2023 16:39,Within SLA,,SLA Violated,,10.0,,Other,Tier 1,France,48.864716,2.349014,0
Resolved,1808,Low,Chat,Feature request,1st line support,Kristos Westoll,10.04.2023 22:37,11.04.2023 22:37,10.04.2023 22:39,10.04.2023 22:37,Within SLA,11.04.2023 11:57,Within SLA,,60.0,,Ready to use Software,Tier 1,Italy,43.036776,12.678565,0
Closed,1809,High,Chat,Feature request,1st line support,Nicola Wane,10.04.2023 12:36,11.04.2023 12:36,10.04.2023 12:38,10.04.2023 12:38,Within SLA,10.04.2023 12:50,Within SLA,12.04.2023 22:16,3.0,4.0,Ready to use Software,Tier 1,United Kingdom,55.378052,-3.435973,1
Closed,1810,Medium,Chat,Product setup,1st line support,Sheela Cutten,10.04.2023 12:46,11.04.2023 12:46,10.04.2023 12:48,10.04.2023 12:50,SLA Violated,11.04.2023 00:11,Within SLA,14.04.2023 15:06,3.0,2.0,Training and Consulting Services,Tier 1,Bulgaria,42.7249925,25.4833039,1
Closed,1811,Medium,Email,Pricing and Licensing,1st line support,Kristos Westoll,10.04.2023 16:21,12.04.2023 16:21,10.04.2023 17:21,10.04.2023 16:40,Within SLA,12.04.2023 07:12,Within SLA,17.04.2023 09:26,1.0,4.0,Custom software development,Tier 1,Italy,43.036776,12.678565,1
In progress,1812,High,Phone,Product setup,1st line support,Kristos Westoll,10.04.2023 19:44,12.04.2023 19:44,10.04.2023 19:46,10.04.2023 19:44,Within SLA,,SLA Violated,,1.0,,Ready to use Software,Tier 1,United Kingdom,55.378052,-3.435973,0
In progress,1813,High,Chat,Purchasing and invoicing,2nd line support,Heather Urry,10.04.2023 22:39,11.04.2023 22:39,10.04.2023 22:41,10.04.2023 22:41,Within SLA,,SLA Violated,,60.0,,Ready to use Software,Tier 2,Greece,39.368279,21.863141,0
Closed,1814,Medium,Email,Pricing and licensing,1st line support,Connor Danielovitch,11.04.2023 08:22,13.04.2023 08:22,11.04.2023 09:22,11.04.2023 09:17,Within SLA,13.04.2023 10:31,SLA Violated,14.04.2023 13:24,1.0,4.0,Other,Tier 1,Greece,39.368279,21.863141,1
Closed,1815,Low,Chat,Training request,1st line support,Sheela Cutten,11.04.2023 17:54,12.04.2023 17:54,11.04.2023 17:56,2023-04-11 17:54:44.069,Within SLA,11.04.2023 19:39,Within SLA,17.04.2023 12:34,4.0,5.0,Training and Consulting Services,Tier 1,Italy,43.036776,12.678565,1
Closed,1816,Low,Phone,Feature request,1st line support,Bernard Beckley,11.04.2023 01:46,13.04.2023 01:46,11.04.2023 01:48,11.04.2023 01:50,SLA Violated,11.04.2023 05:46,Within SLA,13.04.2023 14:50,5.0,1.0,Ready to use Software,Tier 1,Austria,47.6964719,13.3457347,1
Resolved,1817,Low,Email,Purchasing and invoicing,1st line support,Bernard Beckley,11.04.2023 01:35,13.04.2023 01:35,11.04.2023 02:35,2023-04-11 01:46:52.065,Within SLA,11.04.2023 22:55,Within SLA,,2.0,,Ready to use Software,Tier 1,Germany,51.165691,10.451526,0
Resolved,1818,Low,Chat,Pricing and Licensing,1st line support,Sheela Cutten,11.04.2023 09:01,12.04.2023 09:01,11.04.2023 09:03,11.04.2023 09:01,Within SLA,11.04.2023 11:41,Within SLA,,4.0,,Custom software development,Tier 1,United Kingdom,55.378052,-3.435973,0
Resolved,1819,Low,Email,Product setup,2nd line support,Heather Urry,11.04.2023 11:17,13.04.2023 11:17,11.04.2023 12:17,11.04.2023 11:43,Within SLA,2023-04-12 05:01:52.062,Within SLA,,3.0,,Other,Tier 2,Republic of Ireland,53.094024,-8.019675,0
Resolved,1820,Low,Email,Other,1st line support,Bernard Beckley,11.04.2023 17:12,13.04.2023 17:12,11.04.2023 18:12,11.04.2023 17:38,Within SLA,13.04.2023 04:22,Within SLA,,5.0,,Ready to use Software,Tier 1,Slovenia,46.1491664,14.9860106,0
In progress,1821,Low,Email,Feature request,2nd line support,Heather Urry,11.04.2023 17:28,13.04.2023 17:28,11.04.2023 18:28,11.04.2023 17:57,Within SLA,,SLA Violated,,9.0,,Custom software development,Tier 2,United Kingdom,55.378052,-3.435973,0
Closed,1822,Low,Phone,Pricing and licensing,1st line support,Nicola Wane,11.04.2023 17:15,13.04.2023 17:15,11.04.2023 17:17,2023-04-11 17:16:14.068,Within SLA,13.04.2023 14:36,Within SLA,16.04.2023 23:25,1.0,3.0,Ready to use Software,Tier 1,Italy,43.036776,12.678565,1
In progress,1823,Medium,Chat,Product setup,1st line support,Bernard Beckley,11.04.2023 07:16,12.04.2023 07:16,11.04.2023 07:18,2023-04-11 07:18:12.058,Within SLA,,SLA Violated,,7.0,,Other,Tier 1,Italy,43.036776,12.678565,0
Resolved,1824,Low,Chat,Purchasing and invoicing,1st line support,Kristos Westoll,11.04.2023 00:07,12.04.2023 00:07,11.04.2023 00:09,11.04.2023 00:08,Within SLA,11.04.2023 11:06,Within SLA,,4.0,,Ready to use Software,Tier 1,France,48.864716,2.349014,0
Closed,1825,Low,Email,Feature request,1st line support,Sheela Cutten,11.04.2023 13:44,13.04.2023 13:44,11.04.2023 14:44,11.04.2023 13:49,Within SLA,12.04.2023 15:40,Within SLA,18.04.2023 01:29,2.0,4.0,Ready to use Software,Tier 1,Poland,52.536273,19.050639,1
Resolved,1826,Low,Chat,Pricing and licensing,2nd line support,Michele Whyatt,12.04.2023 05:24,13.04.2023 05:24,12.04.2023 05:26,12.04.2023 05:24,Within SLA,12.04.2023 06:26,Within SLA,,4.0,,Ready to use Software,Tier 2,Germany,51.165691,10.451526,0
Resolved,1827,Medium,Email,Pricing and Licensing,1st line support,Connor Danielovitch,12.04.2023 02:54,14.04.2023 02:54,12.04.2023 03:54,12.04.2023 09:25,SLA Violated,14.04.2023 02:45,Within SLA,,2.0,,Custom software development,Tier 1,Italy,43.036776,12.678565,0
Closed,1828,Low,Phone,Pricing and Licensing,1st line support,Kristos Westoll,12.04.2023 15:36,14.04.2023 15:36,12.04.2023 15:38,12.04.2023 15:36,Within SLA,2023-04-15 13:19:55.038,SLA Violated,17.04.2023 09:41,7.0,4.0,Custom software development,Tier 1,United Kingdom,55.378052,-3.435973,1
Resolved,1829,Low,Chat,Feature request,2nd line support,Adolpho Messingham,12.04.2023 23:18,13.04.2023 23:18,12.04.2023 23:20,12.04.2023 23:22,SLA Violated,15.04.2023 21:38,SLA Violated,,6.0,,Ready to use Software,Tier 2,Poland,52.536273,19.050639,0
Closed,1830,High,Chat,Pricing and licensing,1st line support,Bernard Beckley,12.04.2023 23:28,13.04.2023 23:28,12.04.2023 23:30,12.04.2023 23:29,Within SLA,16.04.2023 14:22,SLA Violated,17.04.2023 08:07,60.0,5.0,Ready to use Software,Tier 1,Bulgaria,42.7249925,25.4833039,1
In progress,1831,Medium,Email,Feature request,1st line support,Nicola Wane,12.04.2023 08:21,14.04.2023 08:21,12.04.2023 09:21,12.04.2023 08:59,Within SLA,,SLA Violated,,7.0,,Custom software development,Tier 1,United Kingdom,55.378052,-3.435973,0
In progress,1832,Medium,Email,Feature request,1st line support,Connor Danielovitch,12.04.2023 08:29,14.04.2023 08:29,12.04.2023 09:29,12.04.2023 09:00,Within SLA,,SLA Violated,,1.0,,Custom software development,Tier 1,Italy,43.036776,12.678565,0
Resolved,1833,High,Email,Product setup,1st line support,Nicola Wane,12.04.2023 14:38,14.04.2023 14:38,12.04.2023 15:38,12.04.2023 15:07,Within SLA,14.04.2023 04:45,Within SLA,,1.0,,Other,Tier 1,Republic of Ireland,53.094024,-8.019675,0
Resolved,1834,Medium,Email,Purchasing and invoicing,1st line support,Nicola Wane,13.04.2023 18:53,15.04.2023 18:53,13.04.2023 19:53,13.04.2023 19:51,Within SLA,14.04.2023 03:27,Within SLA,,1.0,,Ready to use Software,Tier 1,United Kingdom,55.378052,-3.435973,0
Closed,1835,Low,Phone,Pricing and licensing,1st line support,Connor Danielovitch,13.04.2023 19:59,15.04.2023 19:59,13.04.2023 20:01,13.04.2023 20:01,Within SLA,15.04.2023 15:27,Within SLA,19.04.2023 10:09,2.0,5.0,Training and Consulting Services,Tier 1,United Kingdom,55.378052,-3.435973,1
Closed,1836,Low,Chat,Product setup,2nd line support,Heather Urry,13.04.2023 22:21,14.04.2023 22:21,13.04.2023 22:23,13.04.2023 22:23,Within SLA,14.04.2023 10:07,Within SLA,2023-04-20 04:09:59.004,5.0,3.0,Ready to use Software,Tier 2,Czech Republic,49.8037633,15.4749126,1
Resolved,1838,Low,Chat,Bug report,1st line support,Bernard Beckley,13.04.2023 01:38,14.04.2023 01:38,13.04.2023 01:40,2023-04-13 01:39:04.045,Within SLA,13.04.2023 15:40,Within SLA,,6.0,,Custom software development,Tier 1,Poland,52.536273,19.050639,0
Closed,1839,Low,Email,Training request,1st line support,Nicola Wane,13.04.2023 21:53,15.04.2023 21:53,13.04.2023 22:53,13.04.2023 22:01,Within SLA,14.04.2023 11:07,Within SLA,19.04.2023 17:15,10.0,5.0,Training and Consulting Services,Tier 1,Poland,52.536273,19.050639,1
In progress,1840,Low,Chat,Bug report,1st line support,Sheela Cutten,13.04.2023 00:46,14.04.2023 00:46,13.04.2023 00:48,13.04.2023 00:47,Within SLA,,SLA Violated,,6.0,,Custom software development,Tier 1,United Kingdom,55.378052,-3.435973,0
Closed,1841,Low,Email,Purchasing and invoicing,1st line support,Nicola Wane,13.04.2023 03:49,15.04.2023 03:49,13.04.2023 04:49,13.04.2023 03:51,Within SLA,14.04.2023 14:03,Within SLA,16.04.2023 09:35,6.0,5.0,Training and Consulting Services,Tier 1,Slovenia,46.1491664,14.9860106,1
Closed,1842,Medium,Chat,Pricing and licensing,1st line support,Nicola Wane,14.04.2023 10:24,15.04.2023 10:24,14.04.2023 10:26,14.04.2023 10:25,Within SLA,15.04.2023 09:53,Within SLA,15.04.2023 10:06,6.0,3.0,Training and Consulting Services,Tier 1,Spain,39.67337,-4.767726,1
Resolved,1844,Low,Chat,Feature request,1st line support,Kristos Westoll,14.04.2023 01:08,15.04.2023 01:08,14.04.2023 01:10,14.04.2023 01:08,Within SLA,16.04.2023 12:44,SLA Violated,,3.0,,Custom software development,Tier 1,Greece,39.368279,21.863141,0
Closed,1845,Medium,Chat,Bug report,1st line support,Kristos Westoll,14.04.2023 13:04,15.04.2023 13:04,14.04.2023 13:06,14.04.2023 13:10,SLA Violated,14.04.2023 15:01,Within SLA,18.04.2023 01:11,60.0,5.0,Ready to use Software,Tier 1,Germany,51.165691,10.451526,1
Closed,1846,Medium,Email,Purchasing and invoicing,2nd line support,Michele Whyatt,15.04.2023 19:19,17.04.2023 19:19,15.04.2023 20:19,15.04.2023 19:25,Within SLA,2023-04-16 09:26:26.061,Within SLA,16.04.2023 13:58,5.0,4.0,Ready to use Software,Tier 2,Bulgaria,42.7249925,25.4833039,1
Closed,1847,Medium,Email,Feature request,2nd line support,Adolpho Messingham,15.04.2023 19:16,17.04.2023 19:16,15.04.2023 20:16,15.04.2023 19:58,Within SLA,17.04.2023 13:55,Within SLA,20.04.2023 13:10,1.0,1.0,Ready to use Software,Tier 2,Italy,43.036776,12.678565,1
In progress,1849,High,Chat,Pricing and licensing,1st line support,Connor Danielovitch,15.04.2023 14:20,16.04.2023 14:20,15.04.2023 14:22,15.04.2023 14:23,SLA Violated,,SLA Violated,,4.0,,Custom software development,Tier 1,Italy,43.036776,12.678565,0
Resolved,1858,Low,Chat,Purchasing and invoicing,1st line support,Bernard Beckley,16.04.2023 08:24,17.04.2023 08:24,16.04.2023 08:26,16.04.2023 08:25,Within SLA,16.04.2023 11:39,Within SLA,,9.0,,Ready to use Software,Tier 1,Italy,43.036776,12.678565,0
In progress,1859,High,Chat,Other,1st line support,Nicola Wane,16.04.2023 21:38,17.04.2023 21:38,16.04.2023 21:40,16.04.2023 21:40,Within SLA,,SLA Violated,,3.0,,Custom software development,Tier 1,Bulgaria,42.7249925,25.4833039,0
Resolved,1860,Medium,Email,Bug report,1st line support,Nicola Wane,16.04.2023 08:37,18.04.2023 08:37,16.04.2023 09:37,16.04.2023 09:12,Within SLA,18.04.2023 14:42,SLA Violated,,1.0,,Custom software development,Tier 1,Germany,51.165691,10.451526,0
Resolved,1861,Medium,Email,Product setup,1st line support,Bernard Beckley,16.04.2023 08:28,18.04.2023 08:28,16.04.2023 09:28,16.04.2023 12:58,SLA Violated,16.04.2023 08:51,Within SLA,,4.0,,Training and Consulting Services,Tier 1,Czech Republic,49.8037633,15.4749126,0
Resolved,1862,Medium,Chat,Purchasing and invoicing,2nd line support,Adolpho Messingham,16.04.2023 22:55,17.04.2023 22:55,16.04.2023 22:57,2023-04-16 22:56:49.060,Within SLA,17.04.2023 08:29,Within SLA,,4.0,,Training and Consulting Services,Tier 2,Germany,51.165691,10.451526,0
Closed,1863,High,Email,Purchasing and invoicing,2nd line support,Adolpho Messingham,17.04.2023 15:18,19.04.2023 15:18,17.04.2023 16:18,17.04.2023 15:45,Within SLA,19.04.2023 11:13,Within SLA,23.04.2023 12:00,1.0,3.0,Other,Tier 2,Italy,43.036776,12.678565,1
Closed,1864,Medium,Email,Feature request,1st line support,Bernard Beckley,17.04.2023 16:20,19.04.2023 16:20,17.04.2023 17:20,17.04.2023 17:14,Within SLA,17.04.2023 20:16,Within SLA,24.04.2023 09:26,2.0,4.0,Custom software development,Tier 1,Germany,51.165691,10.451526,1
Closed,1865,Low,Chat,Feature request,2nd line support,Adolpho Messingham,17.04.2023 12:14,18.04.2023 12:14,17.04.2023 12:16,17.04.2023 12:16,Within SLA,17.04.2023 17:46,Within SLA,2023-04-22 19:46:28.047,4.0,4.0,Custom software development,Tier 2,United Kingdom,55.378052,-3.435973,1
In progress,1866,Medium,Email,Purchasing and invoicing,1st line support,Connor Danielovitch,17.04.2023 19:02,19.04.2023 19:02,17.04.2023 20:02,18.04.2023 01:19,SLA Violated,,SLA Violated,,7.0,,Custom software development,Tier 1,Slovenia,46.1491664,14.9860106,0
Closed,1867,Medium,Chat,Product setup,1st line support,Kristos Westoll,17.04.2023 15:48,18.04.2023 15:48,17.04.2023 15:50,17.04.2023 15:48,Within SLA,18.04.2023 11:31,Within SLA,2023-04-21 01:58:28.038,4.0,1.0,Ready to use Software,Tier 1,Poland,52.536273,19.050639,1
Resolved,1868,Low,Phone,Pricing and licensing,1st line support,Bernard Beckley,17.04.2023 13:01,19.04.2023 13:01,17.04.2023 13:03,17.04.2023 13:01,Within SLA,22.04.2023 06:28,SLA Violated,,2.0,,Custom software development,Tier 1,Austria,47.6964719,13.3457347,0
Resolved,1869,Medium,Email,Purchasing and invoicing,1st line support,Connor Danielovitch,17.04.2023 04:59,19.04.2023 04:59,17.04.2023 05:59,17.04.2023 05:06,Within SLA,2023-04-18 18:14:34.093,Within SLA,,2.0,,Custom software development,Tier 1,Poland,52.536273,19.050639,0
Closed,1870,High,Email,Product setup,1st line support,Kristos Westoll,18.04.2023 21:47,20.04.2023 21:47,18.04.2023 22:47,2023-04-18 21:51:37.001,Within SLA,19.04.2023 08:04,Within SLA,2023-04-20 18:48:35.089,8.0,5.0,Ready to use Software,Tier 1,Italy,43.036776,12.678565,1
Closed,1871,Low,Email,Training request,1st line support,Nicola Wane,18.04.2023 17:48,20.04.2023 17:48,18.04.2023 18:48,18.04.2023 18:19,Within SLA,19.04.2023 06:10,Within SLA,23.04.2023 15:41,1.0,1.0,Training and Consulting Services,Tier 1,Slovenia,46.1491664,14.9860106,1
Closed,1872,High,Email,Product setup,2nd line support,Michele Whyatt,18.04.2023 13:56,20.04.2023 13:56,18.04.2023 14:56,18.04.2023 14:25,Within SLA,19.04.2023 02:06,Within SLA,20.04.2023 14:58,3.0,5.0,Ready to use Software,Tier 2,Slovenia,46.1491664,14.9860106,1
Closed,1873,Low,Phone,Feature request,1st line support,Kristos Westoll,18.04.2023 16:22,20.04.2023 16:22,18.04.2023 16:24,18.04.2023 16:23,Within SLA,19.04.2023 09:22,Within SLA,19.04.2023 04:02,5.0,1.0,Custom software development,Tier 1,Poland,52.536273,19.050639,1
In progress,1874,Low,Email,Other,2nd line support,Michele Whyatt,18.04.2023 08:58,20.04.2023 08:58,18.04.2023 09:58,18.04.2023 09:04,Within SLA,,SLA Violated,,10.0,,Ready to use Software,Tier 2,Italy,43.036776,12.678565,0
Resolved,1875,Medium,Chat,Pricing and licensing,2nd line support,Adolpho Messingham,18.04.2023 12:00,19.04.2023 12:00,18.04.2023 12:02,18.04.2023 12:02,Within SLA,18.04.2023 17:27,Within SLA,,3.0,,Ready to use Software,Tier 2,Germany,51.165691,10.451526,0
Closed,1876,Low,Email,Feature request,1st line support,Kristos Westoll,18.04.2023 18:29,20.04.2023 18:29,18.04.2023 19:29,2023-04-18 18:48:22.082,Within SLA,19.04.2023 10:02,Within SLA,24.04.2023 00:05,6.0,4.0,Ready to use Software,Tier 1,Poland,52.536273,19.050639,1
Resolved,1877,Medium,Email,Product setup,1st line support,Kristos Westoll,18.04.2023 17:37,20.04.2023 17:37,18.04.2023 18:37,18.04.2023 17:41,Within SLA,20.04.2023 13:23,Within SLA,,5.0,,Other,Tier 1,Germany,51.165691,10.451526,0
Closed,1878,Low,Email,Product setup,1st line support,Bernard Beckley,18.04.2023 12:51,20.04.2023 12:51,18.04.2023 13:51,18.04.2023 13:00,Within SLA,20.04.2023 02:33,Within SLA,19.04.2023 03:52,7.0,4.0,Ready to use Software,Tier 1,Austria,47.6964719,13.3457347,1
In progress,1879,Low,Email,Purchasing and invoicing,1st line support,Sheela Cutten,18.04.2023 22:00,20.04.2023 22:00,18.04.2023 23:00,18.04.2023 22:02,Within SLA,,SLA Violated,,3.0,,Ready to use Software,Tier 1,Italy,43.036776,12.678565,0
Resolved,1880,Low,Email,Bug report,1st line support,Kristos Westoll,19.04.2023 13:44,21.04.2023 13:44,19.04.2023 14:44,19.04.2023 14:41,Within SLA,20.04.2023 15:08,Within SLA,,1.0,,Custom software development,Tier 1,Germany,51.165691,10.451526,0
Resolved,1881,High,Chat,Purchasing and invoicing,1st line support,Bernard Beckley,19.04.2023 22:56,20.04.2023 22:56,19.04.2023 22:58,19.04.2023 22:58,Within SLA,20.04.2023 22:01,Within SLA,,6.0,,Ready to use Software,Tier 1,Italy,43.036776,12.678565,0
Resolved,1882,Medium,Chat,Feature request,1st line support,Sheela Cutten,19.04.2023 02:54,20.04.2023 02:54,19.04.2023 02:56,2023-04-19 02:59:46.073,SLA Violated,22.04.2023 03:55,SLA Violated,,4.0,,Ready to use Software,Tier 1,United Kingdom,55.378052,-3.435973,0
In progress,1883,Low,Chat,Feature request,1st line support,Connor Danielovitch,19.04.2023 15:12,20.04.2023 15:12,19.04.2023 15:14,19.04.2023 15:14,Within SLA,,SLA Violated,,4.0,,Custom software development,Tier 1,Slovenia,46.1491664,14.9860106,0
Closed,1884,High,Email,Bug report,2nd line support,Heather Urry,19.04.2023 13:35,21.04.2023 13:35,19.04.2023 14:35,19.04.2023 20:51,SLA Violated,19.04.2023 16:33,Within SLA,24.04.2023 01:51,5.0,3.0,Custom software development,Tier 2,Spain,39.67337,-4.767726,1
Closed,1885,Medium,Phone,Other,1st line support,Sheela Cutten,19.04.2023 00:38,21.04.2023 00:38,19.04.2023 00:40,2023-04-19 00:40:54.091,SLA Violated,20.04.2023 13:31,Within SLA,22.04.2023 22:31,5.0,3.0,Ready to use Software,Tier 1,Italy,43.036776,12.678565,1
Resolved,1886,Low,Chat,Bug report,2nd line support,Michele Whyatt,19.04.2023 05:03,20.04.2023 05:03,19.04.2023 05:05,19.04.2023 05:04,Within SLA,20.04.2023 00:54,Within SLA,,6.0,,Ready to use Software,Tier 2,France,48.864716,2.349014,0
Closed,1887,Low,Chat,Pricing and licensing,1st line support,Sheela Cutten,19.04.2023 05:08,20.04.2023 05:08,19.04.2023 05:10,19.04.2023 05:09,Within SLA,21.04.2023 12:57,SLA Violated,23.04.2023 09:56,6.0,2.0,Custom software development,Tier 1,Germany,51.165691,10.451526,1
In progress,1888,Low,Email,Purchasing and invoicing,1st line support,Sheela Cutten,20.04.2023 05:20,22.04.2023 05:20,20.04.2023 06:20,20.04.2023 06:12,Within SLA,,SLA Violated,,7.0,,Ready to use Software,Tier 1,Poland,52.536273,19.050639,0
Closed,1889,Low,Email,Pricing and licensing,1st line support,Nicola Wane,20.04.2023 03:15,22.04.2023 03:15,20.04.2023 04:15,20.04.2023 04:02,Within SLA,21.04.2023 03:15,Within SLA,24.04.2023 13:20,7.0,1.0,Custom software development,Tier 1,Italy,43.036776,12.678565,1
Resolved,1890,High,Email,Purchasing and invoicing,1st line support,Connor Danielovitch,20.04.2023 02:50,22.04.2023 02:50,20.04.2023 03:50,2023-04-20 02:54:32.078,Within SLA,21.04.2023 03:23,Within SLA,,7.0,,Ready to use Software,Tier 1,Greece,39.368279,21.863141,0
Resolved,1891,Low,Email,Pricing and licensing,1st line support,Bernard Beckley,20.04.2023 04:04,22.04.2023 04:04,20.04.2023 05:04,20.04.2023 04:17,Within SLA,21.04.2023 06:25,Within SLA,,4.0,,Other,Tier 1,Germany,51.165691,10.451526,0
Resolved,1892,Low,Email,Other,1st line support,Sheela Cutten,20.04.2023 10:08,22.04.2023 10:08,20.04.2023 11:08,20.04.2023 10:24,Within SLA,2023-04-20 19:51:38.004,Within SLA,,8.0,,Custom software development,Tier 1,Republic of Ireland,53.094024,-8.019675,0
Closed,1893,Low,Phone,Feature request,1st line support,Sheela Cutten,20.04.2023 08:25,22.04.2023 08:25,20.04.2023 08:27,20.04.2023 08:26,Within SLA,21.04.2023 04:14,Within SLA,24.04.2023 10:46,4.0,4.0,Ready to use Software,Tier 1,Slovenia,46.1491664,14.9860106,1
Resolved,1894,Medium,Chat,Feature request,1st line support,Nicola Wane,20.04.2023 23:58,21.04.2023 23:58,21.04.2023 00:00,20.04.2023 23:58,Within SLA,25.04.2023 04:53,SLA Violated,,6.0,,Other,Tier 1,Germany,51.165691,10.451526,0
Closed,1895,Low,Email,Product setup,1st line support,Connor Danielovitch,20.04.2023 00:51,22.04.2023 00:51,20.04.2023 01:51,20.04.2023 01:28,Within SLA,21.04.2023 10:08,Within SLA,22.04.2023 20:20,6.0,3.0,Other,Tier 1,Republic of Ireland,53.094024,-8.019675,1
Closed,1896,Low,Email,Other,1st line support,Connor Danielovitch,20.04.2023 19:33,22.04.2023 19:33,20.04.2023 20:33,20.04.2023 20:16,Within SLA,22.04.2023 16:26,Within SLA,22.04.2023 04:49,10.0,4.0,Training and Consulting Services,Tier 1,Republic of Ireland,53.094024,-8.019675,1
Resolved,1897,Medium,Chat,Purchasing and invoicing,1st line support,Nicola Wane,21.04.2023 14:40,22.04.2023 14:40,21.04.2023 14:42,21.04.2023 14:40,Within SLA,22.04.2023 04:29,Within SLA,,6.0,,Training and Consulting Services,Tier 1,Germany,51.165691,10.451526,0
Resolved,1898,Low,Email,Product setup,2nd line support,Adolpho Messingham,21.04.2023 18:39,23.04.2023 18:39,21.04.2023 19:39,21.04.2023 18:42,Within SLA,22.04.2023 00:37,Within SLA,,5.0,,Custom software development,Tier 2,Germany,51.165691,10.451526,0
In progress,1899,Low,Email,Purchasing and invoicing,2nd line support,Michele Whyatt,21.04.2023 15:42,23.04.2023 15:42,21.04.2023 16:42,21.04.2023 15:55,Within SLA,,SLA Violated,,2.0,,Training and Consulting Services,Tier 2,Italy,43.036776,12.678565,0
In progress,1900,Low,Email,Other,2nd line support,Adolpho Messingham,21.04.2023 18:14,23.04.2023 18:14,21.04.2023 19:14,21.04.2023 18:56,Within SLA,,SLA Violated,,7.0,,Other,Tier 2,Spain,39.67337,-4.767726,0
Closed,1901,Medium,Email,Feature request,1st line support,Bernard Beckley,21.04.2023 03:00,23.04.2023 03:00,21.04.2023 04:00,21.04.2023 03:19,Within SLA,22.04.2023 07:33,Within SLA,2023-04-27 14:31:30.072,1.0,4.0,Ready to use Software,Tier 1,Republic of Ireland,53.094024,-8.019675,1
Resolved,1902,Low,Chat,Product setup,1st line support,Connor Danielovitch,21.04.2023 22:59,22.04.2023 22:59,21.04.2023 23:01,21.04.2023 23:02,SLA Violated,25.04.2023 06:52,SLA Violated,,60.0,,Training and Consulting Services,Tier 1,Germany,51.165691,10.451526,0
Resolved,1903,High,Phone,Training request,1st line support,Sheela Cutten,21.04.2023 17:29,23.04.2023 17:29,21.04.2023 17:31,2023-04-21 17:34:48.030,SLA Violated,23.04.2023 04:28,Within SLA,,2.0,,Training and Consulting Services,Tier 1,Bulgaria,42.7249925,25.4833039,0
Resolved,1904,Low,Chat,Other,2nd line support,Heather Urry,21.04.2023 06:37,22.04.2023 06:37,21.04.2023 06:39,21.04.2023 06:38,Within SLA,21.04.2023 16:34,Within SLA,,8.0,,Ready to use Software,Tier 2,Spain,39.67337,-4.767726,0
In progress,1905,Low,Email,Product setup,2nd line support,Michele Whyatt,22.04.2023 22:56,24.04.2023 22:56,22.04.2023 23:56,2023-04-23 00:51:10.020,SLA Violated,,SLA Violated,,9.0,,Ready to use Software,Tier 2,United Kingdom,55.378052,-3.435973,0
Closed,1911,High,Email,Product setup,2nd line support,Adolpho Messingham,23.04.2023 06:37,25.04.2023 06:37,23.04.2023 07:37,2023-04-23 07:11:55.098,Within SLA,23.04.2023 15:12,Within SLA,27.04.2023 17:42,1.0,5.0,Other,Tier 2,Republic of Ireland,53.094024,-8.019675,1
Resolved,1912,Medium,Chat,Product setup,1st line support,Bernard Beckley,23.04.2023 16:15,24.04.2023 16:15,23.04.2023 16:17,23.04.2023 16:17,Within SLA,24.04.2023 02:33,Within SLA,,4.0,,Other,Tier 1,Germany,51.165691,10.451526,0
Resolved,1913,Medium,Chat,Other,1st line support,Bernard Beckley,23.04.2023 17:18,24.04.2023 17:18,23.04.2023 17:20,23.04.2023 17:19,Within SLA,2023-04-24 10:50:46.021,Within SLA,,9.0,,Training and Consulting Services,Tier 1,Slovenia,46.1491664,14.9860106,0
Closed,1914,Low,Email,Product setup,1st line support,Nicola Wane,24.04.2023 11:26,26.04.2023 11:26,24.04.2023 12:26,24.04.2023 12:13,Within SLA,24.04.2023 13:32,Within SLA,24.04.2023 19:02,8.0,1.0,Ready to use Software,Tier 1,Greece,39.368279,21.863141,1
In progress,1915,Low,Phone,Product setup,1st line support,Connor Danielovitch,24.04.2023 07:32,26.04.2023 07:32,24.04.2023 07:34,24.04.2023 07:33,Within SLA,,SLA Violated,,5.0,,Ready to use Software,Tier 1,Czech Republic,49.8037633,15.4749126,0
Closed,1916,Low,Email,Product setup,1st line support,Sheela Cutten,24.04.2023 08:29,26.04.2023 08:29,24.04.2023 09:29,24.04.2023 08:30,Within SLA,2023-04-26 00:55:27.002,Within SLA,2023-04-28 01:09:48.054,2.0,4.0,Ready to use Software,Tier 1,United Kingdom,55.378052,-3.435973,1
Closed,1917,Low,Email,Bug report,1st line support,Connor Danielovitch,24.04.2023 09:05,26.04.2023 09:05,24.04.2023 10:05,24.04.2023 09:46,Within SLA,24.04.2023 19:12,Within SLA,27.04.2023 15:40,5.0,4.0,Custom software development,Tier 1,Republic of Ireland,53.094024,-8.019675,1
Resolved,1918,Medium,Email,Product setup,1st line support,Sheela Cutten,24.04.2023 02:39,26.04.2023 02:39,24.04.2023 03:39,24.04.2023 03:23,Within SLA,26.04.2023 01:17,Within SLA,,10.0,,Ready to use Software,Tier 1,Italy,43.036776,12.678565,0
In progress,1919,Low,Chat,Other,1st line support,Sheela Cutten,24.04.2023 05:18,25.04.2023 05:18,24.04.2023 05:20,2023-04-24 05:22:48.089,SLA Violated,,SLA Violated,,60.0,,Other,Tier 1,Germany,51.165691,10.451526,0
Closed,1920,Medium,Email,Purchasing and invoicing,2nd line support,Adolpho Messingham,24.04.2023 17:08,26.04.2023 17:08,24.04.2023 18:08,24.04.2023 17:16,Within SLA,25.04.2023 16:33,Within SLA,29.04.2023 19:56,6.0,5.0,Custom software development,Tier 2,Slovenia,46.1491664,14.9860106,1
Resolved,1921,Medium,Chat,Other,1st line support,Sheela Cutten,24.04.2023 13:49,25.04.2023 13:49,24.04.2023 13:51,24.04.2023 13:49,Within SLA,24.04.2023 18:16,Within SLA,,3.0,,Ready to use Software,Tier 1,United Kingdom,55.378052,-3.435973,0
In progress,1922,Low,Email,Feature request,1st line support,Connor Danielovitch,24.04.2023 01:45,26.04.2023 01:45,24.04.2023 02:45,2023-04-24 01:49:11.007,Within SLA,,SLA Violated,,8.0,,Custom software development,Tier 1,Germany,51.165691,10.451526,0
Closed,1923,Medium,Chat,Feature request,1st line support,Connor Danielovitch,25.04.2023 19:44,26.04.2023 19:44,25.04.2023 19:46,25.04.2023 19:46,Within SLA,2023-04-29 19:50:10.060,SLA Violated,01.05.2023 03:22,6.0,4.0,Custom software development,Tier 1,United Kingdom,55.378052,-3.435973,1
Closed,1924,High,Chat,Pricing and licensing,1st line support,Connor Danielovitch,25.04.2023 21:29,26.04.2023 21:29,25.04.2023 21:31,25.04.2023 21:31,Within SLA,28.04.2023 17:26,SLA Violated,30.04.2023 08:26,4.0,3.0,Training and Consulting Services,Tier 1,Austria,47.6964719,13.3457347,1
Resolved,1925,High,Email,Product setup,2nd line support,Heather Urry,25.04.2023 04:12,27.04.2023 04:12,25.04.2023 05:12,25.04.2023 09:34,SLA Violated,2023-04-25 07:22:50.074,Within SLA,,8.0,,Ready to use Software,Tier 2,Poland,52.536273,19.050639,0
In progress,1927,Low,Chat,Other,2nd line support,Adolpho Messingham,25.04.2023 15:06,26.04.2023 15:06,25.04.2023 15:08,25.04.2023 15:07,Within SLA,,SLA Violated,,4.0,,Custom software development,Tier 2,France,48.864716,2.349014,0
In progress,1928,Medium,Email,Training request,2nd line support,Adolpho Messingham,25.04.2023 00:40,27.04.2023 00:40,25.04.2023 01:40,2023-04-25 00:55:20.044,Within SLA,,SLA Violated,,1.0,,Training and Consulting Services,Tier 2,United Kingdom,55.378052,-3.435973,0
Closed,1929,Medium,Email,Other,1st line support,Bernard Beckley,25.04.2023 23:46,27.04.2023 23:46,26.04.2023 00:46,25.04.2023 23:49,Within SLA,27.04.2023 06:08,Within SLA,2023-04-27 22:46:32.011,2.0,1.0,Other,Tier 1,France,48.864716,2.349014,1
Closed,1930,Low,Chat,Feature request,1st line support,Kristos Westoll,25.04.2023 16:29,26.04.2023 16:29,25.04.2023 16:31,2023-04-25 16:29:48.033,Within SLA,25.04.2023 21:14,Within SLA,29.04.2023 19:03,4.0,2.0,Ready to use Software,Tier 1,Italy,43.036776,12.678565,1
Closed,1931,Low,Email,Bug report,2nd line support,Adolpho Messingham,26.04.2023 03:07,28.04.2023 03:07,26.04.2023 04:07,26.04.2023 03:24,Within SLA,28.04.2023 01:51,Within SLA,01.05.2023 13:19,2.0,4.0,Training and Consulting Services,Tier 2,Spain,39.67337,-4.767726,1
Open,1932,High,Email,Training request,1st line support,Connor Danielovitch,26.04.2023 11:36,28.04.2023 11:36,26.04.2023 12:36,,SLA Violated,,SLA Violated,,,,Training and Consulting Services,Tier 1,Italy,43.036776,12.678565,0
Closed,1933,Low,Chat,Feature request,2nd line support,Heather Urry,26.04.2023 21:03,27.04.2023 21:03,26.04.2023 21:05,26.04.2023 21:09,SLA Violated,27.04.2023 05:16,Within SLA,28.04.2023 16:58,6.0,4.0,Custom software development,Tier 2,United Kingdom,55.378052,-3.435973,1
Closed,1934,Low,Email,Pricing and Licensing,1st line support,Kristos Westoll,26.04.2023 12:39,28.04.2023 12:39,26.04.2023 13:39,26.04.2023 12:47,Within SLA,27.04.2023 01:18,Within SLA,27.04.2023 19:21,10.0,2.0,Custom software development,Tier 1,France,48.864716,2.349014,1
Closed,1937,Low,Email,Other,1st line support,Kristos Westoll,28.04.2023 04:17,30.04.2023 04:17,28.04.2023 05:17,28.04.2023 04:21,Within SLA,2023-04-28 18:03:59.063,Within SLA,29.04.2023 09:04,7.0,4.0,Ready to use Software,Tier 1,Italy,43.036776,12.678565,1
Closed,1938,Medium,Email,Pricing and licensing,2nd line support,Heather Urry,28.04.2023 12:45,30.04.2023 12:45,28.04.2023 13:45,28.04.2023 13:10,Within SLA,28.04.2023 15:11,Within SLA,29.04.2023 10:51,8.0,5.0,Ready to use Software,Tier 2,Germany,51.165691,10.451526,1
In progress,1939,Low,Chat,Other,1st line support,Bernard Beckley,28.04.2023 01:42,29.04.2023 01:42,28.04.2023 01:44,28.04.2023 01:43,Within SLA,,SLA Violated,,3.0,,Custom software development,Tier 1,Czech Republic,49.8037633,15.4749126,0
Closed,1940,Low,Chat,Feature request,1st line support,Connor Danielovitch,28.04.2023 08:54,29.04.2023 08:54,28.04.2023 08:56,28.04.2023 08:58,SLA Violated,28.04.2023 09:16,Within SLA,29.04.2023 18:02,3.0,4.0,Ready to use Software,Tier 1,Germany,51.165691,10.451526,1
Closed,1942,Medium,Email,Other,1st line support,Kristos Westoll,28.04.2023 00:22,30.04.2023 00:22,28.04.2023 01:22,28.04.2023 00:54,Within SLA,29.04.2023 11:03,Within SLA,01.05.2023 19:11,1.0,4.0,Ready to use Software,Tier 1,Austria,47.6964719,13.3457347,1
Resolved,1943,Low,Email,Product setup,1st line support,Kristos Westoll,28.04.2023 23:21,30.04.2023 23:21,29.04.2023 00:21,28.04.2023 23:22,Within SLA,29.04.2023 12:31,Within SLA,,9.0,,Ready to use Software,Tier 1,Italy,43.036776,12.678565,0
Resolved,1945,Medium,Chat,Feature request,1st line support,Bernard Beckley,29.04.2023 13:16,30.04.2023 13:16,29.04.2023 13:18,29.04.2023 13:17,Within SLA,30.04.2023 05:55,Within SLA,,3.0,,Ready to use Software,Tier 1,Spain,39.67337,-4.767726,0
Closed,1946,High,Email,Training request,2nd line support,Heather Urry,29.04.2023 09:39,01.05.2023 09:39,29.04.2023 10:39,29.04.2023 09:50,Within SLA,01.05.2023 15:12,SLA Violated,03.05.2023 13:30,3.0,4.0,Training and Consulting Services,Tier 2,Italy,43.036776,12.678565,1
Resolved,1956,Low,Email,Pricing and licensing,1st line support,Connor Danielovitch,29.04.2023 02:53,01.05.2023 02:53,29.04.2023 03:53,2023-04-29 03:52:54.094,Within SLA,29.04.2023 03:39,Within SLA,,5.0,,Other,Tier 1,Bulgaria,42.7249925,25.4833039,0
Resolved,1957,Low,Email,Feature request,1st line support,Nicola Wane,29.04.2023 01:59,01.05.2023 01:59,29.04.2023 02:59,29.04.2023 08:17,SLA Violated,29.04.2023 12:42,Within SLA,,3.0,,Ready to use Software,Tier 1,Slovenia,46.1491664,14.9860106,0
Resolved,1958,Low,Chat,Product setup,2nd line support,Michele Whyatt,29.04.2023 18:57,30.04.2023 18:57,29.04.2023 18:59,29.04.2023 18:58,Within SLA,29.04.2023 19:09,Within SLA,,4.0,,Other,Tier 2,France,48.864716,2.349014,0
Closed,1959,Low,Email,Other,1st line support,Nicola Wane,29.04.2023 09:21,01.05.2023 09:21,29.04.2023 10:21,29.04.2023 09:35,Within SLA,29.04.2023 13:49,Within SLA,2023-05-02 17:33:29.038,10.0,2.0,Other,Tier 1,Czech Republic,49.8037633,15.4749126,1
Closed,1960,Low,Email,Bug report,1st line support,Kristos Westoll,30.04.2023 04:40,02.05.2023 04:40,30.04.2023 05:40,30.04.2023 04:42,Within SLA,30.04.2023 23:16,Within SLA,2023-05-04 23:59:04.013,6.0,2.0,Ready to use Software,Tier 1,Poland,52.536273,19.050639,1
Closed,1961,High,Email,Purchasing and invoicing,1st line support,Kristos Westoll,30.04.2023 11:33,02.05.2023 11:33,30.04.2023 12:33,30.04.2023 11:42,Within SLA,04.05.2023 09:47,SLA Violated,05.05.2023 05:15,1.0,5.0,Ready to use Software,Tier 1,Poland,52.536273,19.050639,1
In progress,1962,Low,Email,Pricing and licensing,1st line support,Bernard Beckley,30.04.2023 19:22,02.05.2023 19:22,30.04.2023 20:22,30.04.2023 19:23,Within SLA,,SLA Violated,,1.0,,Custom software development,Tier 1,Germany,51.165691,10.451526,0
Closed,1963,Medium,Phone,Purchasing and invoicing,2nd line support,Heather Urry,30.04.2023 20:47,02.05.2023 20:47,30.04.2023 20:49,2023-04-30 20:51:49.046,SLA Violated,01.05.2023 07:56,Within SLA,02.05.2023 16:49,2.0,4.0,Custom software development,Tier 2,Slovenia,46.1491664,14.9860106,1
Resolved,1964,Low,Email,Bug report,1st line support,Bernard Beckley,30.04.2023 19:57,02.05.2023 19:57,30.04.2023 20:57,30.04.2023 20:23,Within SLA,02.05.2023 10:27,Within SLA,,3.0,,Custom software development,Tier 1,Spain,39.67337,-4.767726,0
Closed,1965,Medium,Email,Product setup,2nd line support,Adolpho Messingham,30.04.2023 01:00,02.05.2023 01:00,30.04.2023 02:00,30.04.2023 01:42,Within SLA,01.05.2023 16:23,Within SLA,04.05.2023 18:24,10.0,2.0,Ready to use Software,Tier 2,Germany,51.165691,10.451526,1
Closed,1966,High,Chat,Product setup,2nd line support,Heather Urry,30.04.2023 08:01,01.05.2023 08:01,30.04.2023 08:03,30.04.2023 08:02,Within SLA,2023-04-30 12:47:31.050,Within SLA,04.05.2023 00:08,9.0,2.0,Ready to use Software,Tier 2,Czech Republic,49.8037633,15.4749126,1
In progress,1974,Medium,Email,Other,1st line support,Bernard Beckley,01.05.2023 03:26,03.05.2023 03:26,01.05.2023 04:26,01.05.2023 03:54,Within SLA,,SLA Violated,,5.0,,Custom software development,Tier 1,United Kingdom,55.378052,-3.435973,0
Resolved,1975,Low,Email,Pricing and licensing,1st line support,Sheela Cutten,01.05.2023 00:15,03.05.2023 00:15,01.05.2023 01:15,01.05.2023 00:32,Within SLA,02.05.2023 07:29,Within SLA,,2.0,,Other,Tier 1,Czech Republic,49.8037633,15.4749126,0
Closed,1976,Medium,Email,Feature request,1st line support,Kristos Westoll,01.05.2023 17:16,03.05.2023 17:16,01.05.2023 18:16,01.05.2023 18:06,Within SLA,03.05.2023 01:01,Within SLA,04.05.2023 05:39,1.0,5.0,Custom software development,Tier 1,Italy,43.036776,12.678565,1
Closed,1977,Low,Email,Feature request,1st line support,Kristos Westoll,01.05.2023 19:32,03.05.2023 19:32,01.05.2023 20:32,01.05.2023 22:13,SLA Violated,02.05.2023 18:41,Within SLA,07.05.2023 22:43,2.0,4.0,Ready to use Software,Tier 1,Poland,52.536273,19.050639,1
Resolved,1978,Low,Phone,Pricing and licensing,2nd line support,Adolpho Messingham,01.05.2023 14:14,03.05.2023 14:14,01.05.2023 14:16,01.05.2023 14:15,Within SLA,04.05.2023 01:10,SLA Violated,,3.0,,Custom software development,Tier 2,Poland,52.536273,19.050639,0
Closed,1979,Low,Phone,Purchasing and invoicing,1st line support,Nicola Wane,01.05.2023 21:28,03.05.2023 21:28,01.05.2023 21:30,01.05.2023 21:29,Within SLA,06.05.2023 08:49,SLA Violated,07.05.2023 20:51,1.0,4.0,Training and Consulting Services,Tier 1,France,48.864716,2.349014,1
Closed,1980,Low,Email,Pricing and licensing,2nd line support,Michele Whyatt,01.05.2023 06:56,03.05.2023 06:56,01.05.2023 07:56,01.05.2023 07:10,Within SLA,02.05.2023 00:53,Within SLA,06.05.2023 20:19,8.0,3.0,Ready to use Software,Tier 2,Austria,47.6964719,13.3457347,1
Resolved,1981,Low,Email,Product setup,1st line support,Kristos Westoll,01.05.2023 08:53,03.05.2023 08:53,01.05.2023 09:53,01.05.2023 09:50,Within SLA,02.05.2023 02:25,Within SLA,,6.0,,Custom software development,Tier 1,Italy,43.036776,12.678565,0
Closed,1982,Low,Phone,Purchasing and invoicing,1st line support,Kristos Westoll,01.05.2023 18:01,03.05.2023 18:01,01.05.2023 18:03,01.05.2023 18:03,Within SLA,02.05.2023 04:36,Within SLA,05.05.2023 01:20,7.0,4.0,Ready to use Software,Tier 1,Germany,51.165691,10.451526,1
In progress,1983,Low,Chat,Product setup,2nd line support,Michele Whyatt,01.05.2023 16:05,02.05.2023 16:05,01.05.2023 16:07,01.05.2023 16:06,Within SLA,,SLA Violated,,60.0,,Custom software development,Tier 2,Republic of Ireland,53.094024,-8.019675,0
In progress,1984,Low,Chat,Feature request,1st line support,Connor Danielovitch,01.05.2023 10:53,02.05.2023 10:53,01.05.2023 10:55,01.05.2023 10:59,SLA Violated,,SLA Violated,,4.0,,Custom software development,Tier 1,Czech Republic,49.8037633,15.4749126,0
Resolved,1985,Medium,Email,Training request,1st line support,Nicola Wane,02.05.2023 10:43,04.05.2023 10:43,02.05.2023 11:43,02.05.2023 11:21,Within SLA,03.05.2023 08:39,Within SLA,,9.0,,Training and Consulting Services,Tier 1,France,48.864716,2.349014,0
Closed,1986,Low,Email,Pricing and licensing,1st line support,Sheela Cutten,02.05.2023 23:45,04.05.2023 23:45,03.05.2023 00:45,03.05.2023 00:25,Within SLA,03.05.2023 07:32,Within SLA,05.05.2023 23:30,3.0,4.0,Training and Consulting Services,Tier 1,Republic of Ireland,53.094024,-8.019675,1
Closed,1987,Medium,Email,Product setup,2nd line support,Michele Whyatt,02.05.2023 08:46,04.05.2023 08:46,02.05.2023 09:46,02.05.2023 09:11,Within SLA,05.05.2023 20:31,SLA Violated,05.05.2023 21:47,1.0,5.0,Custom software development,Tier 2,Czech Republic,49.8037633,15.4749126,1
Resolved,1988,Low,Chat,Purchasing and invoicing,2nd line support,Heather Urry,02.05.2023 15:29,03.05.2023 15:29,02.05.2023 15:31,02.05.2023 15:31,Within SLA,02.05.2023 21:10,Within SLA,,4.0,,Other,Tier 2,Greece,39.368279,21.863141,0
In progress,1989,High,Phone,Pricing and licensing,1st line support,Bernard Beckley,02.05.2023 17:56,04.05.2023 17:56,02.05.2023 17:58,02.05.2023 17:58,Within SLA,,SLA Violated,,2.0,,Custom software development,Tier 1,United Kingdom,55.378052,-3.435973,0
Resolved,1990,Low,Email,Purchasing and invoicing,2nd line support,Adolpho Messingham,02.05.2023 04:01,04.05.2023 04:01,02.05.2023 05:01,02.05.2023 04:12,Within SLA,2023-05-03 06:28:56.095,Within SLA,,7.0,,Ready to use Software,Tier 2,Poland,52.536273,19.050639,0
Closed,1991,Low,Chat,Pricing and licensing,1st line support,Nicola Wane,02.05.2023 11:10,03.05.2023 11:10,02.05.2023 11:12,02.05.2023 11:12,Within SLA,2023-05-02 12:18:08.074,Within SLA,10.05.2023 06:41,7.0,3.0,Custom software development,Tier 1,Bulgaria,42.7249925,25.4833039,1
Resolved,1992,Medium,Phone,Feature request,1st line support,Connor Danielovitch,02.05.2023 16:16,04.05.2023 16:16,02.05.2023 16:18,02.05.2023 16:18,Within SLA,05.05.2023 23:29,SLA Violated,,3.0,,Custom software development,Tier 1,Bulgaria,42.7249925,25.4833039,0
Closed,1993,Medium,Phone,Training request,1st line support,Nicola Wane,02.05.2023 16:37,04.05.2023 16:37,02.05.2023 16:39,02.05.2023 16:39,Within SLA,03.05.2023 10:24,Within SLA,05.05.2023 13:49,4.0,3.0,Training and Consulting Services,Tier 1,Germany,51.165691,10.451526,1
Resolved,1994,Low,Chat,Other,1st line support,Nicola Wane,02.05.2023 21:28,03.05.2023 21:28,02.05.2023 21:30,02.05.2023 21:29,Within SLA,03.05.2023 05:45,Within SLA,,7.0,,Ready to use Software,Tier 1,Germany,51.165691,10.451526,0
Resolved,1995,Medium,Phone,Other,1st line support,Kristos Westoll,03.05.2023 04:53,05.05.2023 04:53,03.05.2023 04:55,2023-05-03 04:53:46.091,Within SLA,03.05.2023 14:13,Within SLA,,2.0,,Ready to use Software,Tier 1,United Kingdom,55.378052,-3.435973,0
Closed,1996,Medium,Phone,Pricing and licensing,1st line support,Bernard Beckley,03.05.2023 16:14,05.05.2023 16:14,03.05.2023 16:16,03.05.2023 16:14,Within SLA,08.05.2023 06:38,SLA Violated,09.05.2023 21:07,1.0,3.0,Ready to use Software,Tier 1,Poland,52.536273,19.050639,1
Resolved,1997,Low,Email,Product setup,2nd line support,Adolpho Messingham,03.05.2023 13:03,05.05.2023 13:03,03.05.2023 14:03,03.05.2023 13:20,Within SLA,05.05.2023 08:17,Within SLA,,2.0,,Custom software development,Tier 2,United Kingdom,55.378052,-3.435973,0
Closed,1998,Medium,Email,Product setup,2nd line support,Heather Urry,03.05.2023 16:48,05.05.2023 16:48,03.05.2023 17:48,03.05.2023 17:44,Within SLA,03.05.2023 17:12,Within SLA,2023-05-05 20:58:19.062,4.0,3.0,Other,Tier 2,United Kingdom,55.378052,-3.435973,1
In progress,1999,Low,Phone,Product setup,2nd line support,Adolpho Messingham,03.05.2023 18:09,05.05.2023 18:09,03.05.2023 18:11,03.05.2023 18:13,SLA Violated,,SLA Violated,,4.0,,Custom software development,Tier 2,Slovenia,46.1491664,14.9860106,0
In progress,2000,Low,Email,Feature request,1st line support,Sheela Cutten,03.05.2023 10:20,05.05.2023 10:20,03.05.2023 11:20,2023-05-03 11:08:44.076,Within SLA,,SLA Violated,,1.0,,Custom software development,Tier 1,Republic of Ireland,53.094024,-8.019675,0
Resolved,2001,Medium,Email,Bug report,1st line support,Sheela Cutten,03.05.2023 08:38,05.05.2023 08:38,03.05.2023 09:38,2023-05-03 14:06:43.016,SLA Violated,05.05.2023 00:13,Within SLA,,1.0,,Ready to use Software,Tier 1,Bulgaria,42.7249925,25.4833039,0
In progress,2002,Low,Email,Pricing and licensing,1st line support,Nicola Wane,03.05.2023 06:59,05.05.2023 06:59,03.05.2023 07:59,03.05.2023 07:25,Within SLA,,SLA Violated,,2.0,,Custom software development,Tier 1,Italy,43.036776,12.678565,0
Resolved,2003,High,Chat,Product setup,2nd line support,Adolpho Messingham,03.05.2023 23:36,04.05.2023 23:36,03.05.2023 23:38,2023-05-03 23:37:39.061,Within SLA,04.05.2023 21:33,Within SLA,,6.0,,Training and Consulting Services,Tier 2,Spain,39.67337,-4.767726,0
Resolved,2004,Medium,Email,Product setup,1st line support,Kristos Westoll,03.05.2023 09:38,05.05.2023 09:38,03.05.2023 10:38,03.05.2023 10:06,Within SLA,05.05.2023 06:42,Within SLA,,7.0,,Custom software development,Tier 1,Greece,39.368279,21.863141,0
Closed,2005,Low,Email,Other,1st line support,Sheela Cutten,03.05.2023 21:34,05.05.2023 21:34,03.05.2023 22:34,2023-05-03 21:54:32.021,Within SLA,04.05.2023 12:04,Within SLA,07.05.2023 16:44,2.0,4.0,Custom software development,Tier 1,Germany,51.165691,10.451526,1
Closed,2006,High,Email,Feature request,1st line support,Kristos Westoll,03.05.2023 05:48,05.05.2023 05:48,03.05.2023 06:48,03.05.2023 06:00,Within SLA,03.05.2023 23:26,Within SLA,09.05.2023 23:40,1.0,5.0,Ready to use Software,Tier 1,Italy,43.036776,12.678565,1
Closed,2007,Low,Chat,Product setup,1st line support,Nicola Wane,04.05.2023 19:26,05.05.2023 19:26,04.05.2023 19:28,04.05.2023 19:27,Within SLA,05.05.2023 15:30,Within SLA,07.05.2023 04:27,5.0,1.0,Ready to use Software,Tier 1,Republic of Ireland,53.094024,-8.019675,1
Closed,2008,Medium,Chat,Product setup,2nd line support,Heather Urry,04.05.2023 01:22,05.05.2023 01:22,04.05.2023 01:24,04.05.2023 01:22,Within SLA,07.05.2023 16:18,SLA Violated,09.05.2023 11:15,7.0,5.0,Other,Tier 2,France,48.864716,2.349014,1
In progress,2010,Medium,Email,Product setup,1st line support,Kristos Westoll,04.05.2023 11:42,06.05.2023 11:42,04.05.2023 12:42,04.05.2023 12:55,SLA Violated,,SLA Violated,,3.0,,Custom software development,Tier 1,France,48.864716,2.349014,0
Closed,2011,Medium,Chat,Pricing and licensing,1st line support,Kristos Westoll,05.05.2023 14:09,06.05.2023 14:09,05.05.2023 14:11,05.05.2023 14:12,SLA Violated,06.05.2023 01:28,Within SLA,07.05.2023 13:49,9.0,4.0,Ready to use Software,Tier 1,Slovenia,46.1491664,14.9860106,1
Closed,2012,Low,Chat,Bug report,1st line support,Nicola Wane,05.05.2023 23:50,06.05.2023 23:50,05.05.2023 23:52,05.05.2023 23:50,Within SLA,06.05.2023 09:49,Within SLA,12.05.2023 06:20,9.0,5.0,Custom software development,Tier 1,Austria,47.6964719,13.3457347,1
Closed,2014,High,Email,Other,1st line support,Kristos Westoll,05.05.2023 10:41,07.05.2023 10:41,05.05.2023 11:41,05.05.2023 10:42,Within SLA,2023-05-06 17:28:10.023,Within SLA,09.05.2023 05:07,5.0,2.0,Training and Consulting Services,Tier 1,Republic of Ireland,53.094024,-8.019675,1
Closed,2015,Low,Email,Feature request,1st line support,Connor Danielovitch,05.05.2023 03:03,07.05.2023 03:03,05.05.2023 04:03,05.05.2023 03:22,Within SLA,05.05.2023 04:38,Within SLA,11.05.2023 07:17,5.0,5.0,Ready to use Software,Tier 1,Italy,43.036776,12.678565,1
In progress,2016,Medium,Email,Purchasing and invoicing,1st line support,Nicola Wane,05.05.2023 16:30,07.05.2023 16:30,05.05.2023 17:30,05.05.2023 16:52,Within SLA,,SLA Violated,,1.0,,Ready to use Software,Tier 1,Spain,39.67337,-4.767726,0
Closed,2017,Low,Email,Product setup,2nd line support,Adolpho Messingham,05.05.2023 01:32,07.05.2023 01:32,05.05.2023 02:32,05.05.2023 02:07,Within SLA,06.05.2023 01:50,Within SLA,10.05.2023 13:56,1.0,3.0,Ready to use Software,Tier 2,Czech Republic,49.8037633,15.4749126,1
Closed,2018,Low,Chat,Feature request,1st line support,Connor Danielovitch,05.05.2023 15:10,06.05.2023 15:10,05.05.2023 15:12,05.05.2023 15:10,Within SLA,06.05.2023 02:33,Within SLA,06.05.2023 06:11,5.0,5.0,Ready to use Software,Tier 1,Republic of Ireland,53.094024,-8.019675,1
Resolved,2019,Low,Chat,Bug report,1st line support,Kristos Westoll,05.05.2023 05:54,06.05.2023 05:54,05.05.2023 05:56,05.05.2023 05:55,Within SLA,05.05.2023 08:51,Within SLA,,5.0,,Ready to use Software,Tier 1,Austria,47.6964719,13.3457347,0
Closed,2020,High,Email,Feature request,1st line support,Kristos Westoll,05.05.2023 09:06,07.05.2023 09:06,05.05.2023 10:06,05.05.2023 09:48,Within SLA,05.05.2023 14:45,Within SLA,11.05.2023 05:38,6.0,4.0,Custom software development,Tier 1,United Kingdom,55.378052,-3.435973,1
In progress,2021,High,Chat,Feature request,1st line support,Connor Danielovitch,05.05.2023 15:16,06.05.2023 15:16,05.05.2023 15:18,2023-05-05 15:17:50.007,Within SLA,,SLA Violated,,4.0,,Ready to use Software,Tier 1,Slovenia,46.1491664,14.9860106,0
Closed,2022,Low,Email,Training request,1st line support,Connor Danielovitch,05.05.2023 06:02,07.05.2023 06:02,05.05.2023 07:02,2023-05-05 06:50:01.092,Within SLA,06.05.2023 13:19,Within SLA,07.05.2023 00:45,2.0,5.0,Training and Consulting Services,Tier 1,Italy,43.036776,12.678565,1
Closed,2023,Low,Email,Product setup,1st line support,Kristos Westoll,05.05.2023 07:13,07.05.2023 07:13,05.05.2023 08:13,05.05.2023 11:48,SLA Violated,08.05.2023 02:26,SLA Violated,09.05.2023 20:00,1.0,5.0,Custom software development,Tier 1,Poland,52.536273,19.050639,1
Closed,2028,Low,Email,Pricing and licensing,1st line support,Sheela Cutten,06.05.2023 23:05,08.05.2023 23:05,07.05.2023 00:05,2023-05-07 00:05:45.064,Within SLA,12.05.2023 16:23,SLA Violated,14.05.2023 10:58,5.0,2.0,Custom software development,Tier 1,Czech Republic,49.8037633,15.4749126,1
Resolved,2029,Medium,Email,Pricing and licensing,1st line support,Bernard Beckley,06.05.2023 08:37,08.05.2023 08:37,06.05.2023 09:37,06.05.2023 12:57,SLA Violated,07.05.2023 10:03,Within SLA,,1.0,,Other,Tier 1,Italy,43.036776,12.678565,0
Closed,2030,Low,Email,Pricing and licensing,1st line support,Kristos Westoll,06.05.2023 21:39,08.05.2023 21:39,06.05.2023 22:39,06.05.2023 21:52,Within SLA,08.05.2023 16:57,Within SLA,2023-05-12 05:55:44.029,5.0,1.0,Custom software development,Tier 1,France,48.864716,2.349014,1
In progress,2031,Low,Chat,Bug report,1st line support,Connor Danielovitch,07.05.2023 20:26,08.05.2023 20:26,07.05.2023 20:28,07.05.2023 20:26,Within SLA,,SLA Violated,,6.0,,Custom software development,Tier 1,United Kingdom,55.378052,-3.435973,0
Resolved,2032,Low,Chat,Purchasing and invoicing,1st line support,Sheela Cutten,07.05.2023 08:37,08.05.2023 08:37,07.05.2023 08:39,07.05.2023 08:39,SLA Violated,08.05.2023 00:45,Within SLA,,6.0,,Training and Consulting Services,Tier 1,Czech Republic,49.8037633,15.4749126,0
Closed,2034,Low,Email,Purchasing and invoicing,1st line support,Sheela Cutten,07.05.2023 02:10,09.05.2023 02:10,07.05.2023 03:10,07.05.2023 02:16,Within SLA,08.05.2023 22:05,Within SLA,08.05.2023 03:56,1.0,4.0,Other,Tier 1,United Kingdom,55.378052,-3.435973,1
Closed,2035,Low,Email,Product setup,1st line support,Bernard Beckley,07.05.2023 05:31,09.05.2023 05:31,07.05.2023 06:31,07.05.2023 06:21,Within SLA,07.05.2023 18:18,Within SLA,2023-05-12 19:11:35.054,9.0,3.0,Training and Consulting Services,Tier 1,Czech Republic,49.8037633,15.4749126,1
Closed,2036,Medium,Email,Product setup,1st line support,Bernard Beckley,08.05.2023 13:48,10.05.2023 13:48,08.05.2023 14:48,08.05.2023 13:57,Within SLA,08.05.2023 22:33,Within SLA,10.05.2023 14:39,10.0,1.0,Ready to use Software,Tier 1,Czech Republic,49.8037633,15.4749126,1
Closed,2039,Low,Email,Purchasing and invoicing,1st line support,Connor Danielovitch,08.05.2023 17:48,10.05.2023 17:48,08.05.2023 18:48,08.05.2023 17:59,Within SLA,08.05.2023 18:48,Within SLA,14.05.2023 08:42,5.0,4.0,Ready to use Software,Tier 1,Poland,52.536273,19.050639,1
Resolved,2040,Low,Email,Pricing and licensing,1st line support,Bernard Beckley,08.05.2023 01:35,10.05.2023 01:35,08.05.2023 02:35,08.05.2023 02:05,Within SLA,09.05.2023 01:17,Within SLA,,5.0,,Training and Consulting Services,Tier 1,United Kingdom,55.378052,-3.435973,0
Resolved,2041,Low,Email,Bug report,1st line support,Bernard Beckley,08.05.2023 11:40,10.05.2023 11:40,08.05.2023 12:40,08.05.2023 12:03,Within SLA,09.05.2023 21:05,Within SLA,,1.0,,Ready to use Software,Tier 1,Poland,52.536273,19.050639,0
In progress,2042,Low,Email,Other,1st line support,Connor Danielovitch,08.05.2023 20:38,10.05.2023 20:38,08.05.2023 21:38,08.05.2023 21:00,Within SLA,,SLA Violated,,5.0,,Training and Consulting Services,Tier 1,Czech Republic,49.8037633,15.4749126,0
In progress,2044,High,Chat,Product setup,1st line support,Nicola Wane,09.05.2023 04:50,10.05.2023 04:50,09.05.2023 04:52,09.05.2023 04:52,Within SLA,,SLA Violated,,8.0,,Ready to use Software,Tier 1,Italy,43.036776,12.678565,0
Closed,2045,Low,Chat,Product setup,1st line support,Connor Danielovitch,09.05.2023 12:52,10.05.2023 12:52,09.05.2023 12:54,09.05.2023 12:53,Within SLA,09.05.2023 16:16,Within SLA,12.05.2023 11:00,6.0,4.0,Custom software development,Tier 1,Italy,43.036776,12.678565,1
Resolved,2046,Low,Email,Other,1st line support,Kristos Westoll,09.05.2023 05:51,11.05.2023 05:51,09.05.2023 06:51,2023-05-09 06:11:37.086,Within SLA,10.05.2023 14:49,Within SLA,,1.0,,Ready to use Software,Tier 1,Italy,43.036776,12.678565,0
In progress,2048,Medium,Email,Product setup,1st line support,Nicola Wane,09.05.2023 11:18,11.05.2023 11:18,09.05.2023 12:18,09.05.2023 11:24,Within SLA,,SLA Violated,,10.0,,Training and Consulting Services,Tier 1,Bulgaria,42.7249925,25.4833039,0
In progress,2049,Low,Email,Product setup,1st line support,Bernard Beckley,09.05.2023 14:34,11.05.2023 14:34,09.05.2023 15:34,09.05.2023 14:38,Within SLA,,SLA Violated,,1.0,,Ready to use Software,Tier 1,Poland,52.536273,19.050639,0
Resolved,2050,Low,Chat,Pricing and licensing,2nd line support,Michele Whyatt,09.05.2023 17:18,10.05.2023 17:18,09.05.2023 17:20,2023-05-09 17:19:21.083,Within SLA,10.05.2023 02:22,Within SLA,,9.0,,Training and Consulting Services,Tier 2,Poland,52.536273,19.050639,0
Closed,2051,Low,Chat,Product setup,1st line support,Bernard Beckley,09.05.2023 10:37,10.05.2023 10:37,09.05.2023 10:39,2023-05-09 10:40:58.018,SLA Violated,11.05.2023 11:01,SLA Violated,13.05.2023 08:21,6.0,3.0,Training and Consulting Services,Tier 1,Slovenia,46.1491664,14.9860106,1
Closed,2052,Low,Email,Other,1st line support,Connor Danielovitch,09.05.2023 04:26,11.05.2023 04:26,09.05.2023 05:26,09.05.2023 09:03,SLA Violated,10.05.2023 13:57,Within SLA,14.05.2023 20:12,6.0,4.0,Ready to use Software,Tier 1,Italy,43.036776,12.678565,1
Closed,2053,High,Chat,Pricing and licensing,2nd line support,Adolpho Messingham,10.05.2023 08:52,11.05.2023 08:52,10.05.2023 08:54,10.05.2023 08:57,SLA Violated,2023-05-11 08:04:29.005,Within SLA,16.05.2023 11:15,4.0,5.0,Training and Consulting Services,Tier 2,Greece,39.368279,21.863141,1
In progress,2054,Medium,Email,Feature request,1st line support,Bernard Beckley,10.05.2023 05:10,12.05.2023 05:10,10.05.2023 06:10,10.05.2023 05:25,Within SLA,,SLA Violated,,6.0,,Custom software development,Tier 1,Greece,39.368279,21.863141,0
In progress,2055,Medium,Email,Pricing and licensing,1st line support,Sheela Cutten,10.05.2023 11:21,12.05.2023 11:21,10.05.2023 12:21,2023-05-10 12:02:50.066,Within SLA,,SLA Violated,,9.0,,Custom software development,Tier 1,Czech Republic,49.8037633,15.4749126,0
Resolved,2056,Medium,Chat,Product setup,1st line support,Bernard Beckley,10.05.2023 07:53,11.05.2023 07:53,10.05.2023 07:55,10.05.2023 07:55,Within SLA,10.05.2023 18:42,Within SLA,,4.0,,Other,Tier 1,Austria,47.6964719,13.3457347,0
In progress,2057,Medium,Chat,Pricing and licensing,2nd line support,Michele Whyatt,10.05.2023 07:28,11.05.2023 07:28,10.05.2023 07:30,10.05.2023 07:29,Within SLA,,SLA Violated,,6.0,,Ready to use Software,Tier 2,Czech Republic,49.8037633,15.4749126,0
Closed,2058,Medium,Chat,Product setup,1st line support,Connor Danielovitch,11.05.2023 17:27,12.05.2023 17:27,11.05.2023 17:29,11.05.2023 17:28,Within SLA,16.05.2023 23:14,SLA Violated,17.05.2023 23:39,9.0,3.0,Ready to use Software,Tier 1,Austria,47.6964719,13.3457347,1
Closed,2059,High,Email,Pricing and licensing,1st line support,Sheela Cutten,11.05.2023 09:22,13.05.2023 09:22,11.05.2023 10:22,11.05.2023 09:23,Within SLA,12.05.2023 02:00,Within SLA,15.05.2023 22:40,9.0,4.0,Ready to use Software,Tier 1,Bulgaria,42.7249925,25.4833039,1
Resolved,2060,Medium,Email,Other,1st line support,Kristos Westoll,11.05.2023 12:59,13.05.2023 12:59,11.05.2023 13:59,11.05.2023 13:19,Within SLA,12.05.2023 02:02,Within SLA,,3.0,,Custom software development,Tier 1,France,48.864716,2.349014,0
Resolved,2061,Low,Email,Product setup,2nd line support,Heather Urry,11.05.2023 08:25,13.05.2023 08:25,11.05.2023 09:25,11.05.2023 09:10,Within SLA,11.05.2023 12:30,Within SLA,,9.0,,Custom software development,Tier 2,Austria,47.6964719,13.3457347,0
Resolved,2062,Low,Email,Purchasing and invoicing,1st line support,Nicola Wane,11.05.2023 20:43,13.05.2023 20:43,11.05.2023 21:43,11.05.2023 21:19,Within SLA,11.05.2023 23:58,Within SLA,,2.0,,Training and Consulting Services,Tier 1,France,48.864716,2.349014,0
In progress,2063,Medium,Phone,Product setup,1st line support,Connor Danielovitch,11.05.2023 23:30,13.05.2023 23:30,11.05.2023 23:32,11.05.2023 23:31,Within SLA,,SLA Violated,,3.0,,Ready to use Software,Tier 1,Poland,52.536273,19.050639,0
In progress,2064,Low,Email,Pricing and licensing,1st line support,Bernard Beckley,12.05.2023 14:34,14.05.2023 14:34,12.05.2023 15:34,2023-05-12 14:51:45.048,Within SLA,,SLA Violated,,3.0,,Custom software development,Tier 1,Republic of Ireland,53.094024,-8.019675,0
Resolved,2065,Low,Phone,Training request,1st line support,Bernard Beckley,12.05.2023 07:03,14.05.2023 07:03,12.05.2023 07:05,12.05.2023 07:07,SLA Violated,18.05.2023 04:31,SLA Violated,,1.0,,Training and Consulting Services,Tier 1,Spain,39.67337,-4.767726,0
In progress,2066,Medium,Chat,Pricing and licensing,1st line support,Nicola Wane,12.05.2023 18:22,13.05.2023 18:22,12.05.2023 18:24,12.05.2023 18:24,Within SLA,,SLA Violated,,60.0,,Other,Tier 1,France,48.864716,2.349014,0
Resolved,2067,Low,Phone,Purchasing and invoicing,1st line support,Connor Danielovitch,12.05.2023 14:15,14.05.2023 14:15,12.05.2023 14:17,12.05.2023 14:15,Within SLA,14.05.2023 10:04,Within SLA,,2.0,,Training and Consulting Services,Tier 1,United Kingdom,55.378052,-3.435973,0
Closed,2068,Low,Phone,Feature request,1st line support,Nicola Wane,12.05.2023 07:15,14.05.2023 07:15,12.05.2023 07:17,12.05.2023 07:16,Within SLA,12.05.2023 12:32,Within SLA,17.05.2023 15:43,6.0,3.0,Ready to use Software,Tier 1,Austria,47.6964719,13.3457347,1
Resolved,2069,Low,Email,Feature request,1st line support,Sheela Cutten,12.05.2023 03:53,14.05.2023 03:53,12.05.2023 04:53,12.05.2023 04:28,Within SLA,14.05.2023 02:40,Within SLA,,3.0,,Custom software development,Tier 1,France,48.864716,2.349014,0
Closed,2070,Low,Email,Purchasing and invoicing,1st line support,Connor Danielovitch,12.05.2023 06:59,14.05.2023 06:59,12.05.2023 07:59,12.05.2023 07:12,Within SLA,13.05.2023 20:25,Within SLA,19.05.2023 00:28,1.0,3.0,Training and Consulting Services,Tier 1,Greece,39.368279,21.863141,1
Closed,2071,Medium,Email,Feature request,1st line support,Bernard Beckley,12.05.2023 14:29,14.05.2023 14:29,12.05.2023 15:29,12.05.2023 15:28,Within SLA,2023-05-12 22:22:36.043,Within SLA,2023-05-15 13:07:59.014,5.0,2.0,Other,Tier 1,Germany,51.165691,10.451526,1
Closed,2072,High,Email,Other,2nd line support,Adolpho Messingham,12.05.2023 04:35,14.05.2023 04:35,12.05.2023 05:35,12.05.2023 11:43,SLA Violated,14.05.2023 04:16,Within SLA,2023-05-18 19:50:49.099,2.0,5.0,Ready to use Software,Tier 2,Slovenia,46.1491664,14.9860106,1
Closed,2073,Medium,Phone,Pricing and licensing,1st line support,Sheela Cutten,12.05.2023 11:55,14.05.2023 11:55,12.05.2023 11:57,12.05.2023 11:56,Within SLA,2023-05-13 06:14:04.007,Within SLA,17.05.2023 11:57,6.0,5.0,Ready to use Software,Tier 1,Italy,43.036776,12.678565,1
Closed,2074,Low,Chat,Product setup,1st line support,Bernard Beckley,12.05.2023 19:05,13.05.2023 19:05,12.05.2023 19:07,12.05.2023 19:06,Within SLA,12.05.2023 19:26,Within SLA,17.05.2023 22:22,6.0,5.0,Custom software development,Tier 1,Poland,52.536273,19.050639,1
Resolved,2075,Low,Phone,Feature request,1st line support,Sheela Cutten,12.05.2023 06:29,14.05.2023 06:29,12.05.2023 06:31,12.05.2023 06:32,SLA Violated,12.05.2023 19:20,Within SLA,,2.0,,Other,Tier 1,Republic of Ireland,53.094024,-8.019675,0
Resolved,2076,Medium,Phone,Feature request,2nd line support,Heather Urry,12.05.2023 15:03,14.05.2023 15:03,12.05.2023 15:05,12.05.2023 15:05,Within SLA,14.05.2023 02:14,Within SLA,,4.0,,Ready to use Software,Tier 2,Germany,51.165691,10.451526,0
In progress,2077,Low,Phone,Other,1st line support,Nicola Wane,12.05.2023 20:05,14.05.2023 20:05,12.05.2023 20:07,2023-05-12 20:05:59.057,Within SLA,,SLA Violated,,1.0,,Custom software development,Tier 1,Austria,47.6964719,13.3457347,0
Resolved,2078,Low,Chat,Feature request,1st line support,Kristos Westoll,13.05.2023 02:46,14.05.2023 02:46,13.05.2023 02:48,2023-05-13 02:48:24.070,Within SLA,13.05.2023 13:28,Within SLA,,6.0,,Custom software development,Tier 1,Italy,43.036776,12.678565,0
Closed,2079,Medium,Email,Pricing and licensing,2nd line support,Heather Urry,13.05.2023 08:43,15.05.2023 08:43,13.05.2023 09:43,13.05.2023 09:24,Within SLA,14.05.2023 04:08,Within SLA,19.05.2023 18:40,6.0,2.0,Custom software development,Tier 2,Republic of Ireland,53.094024,-8.019675,1
Closed,2080,Medium,Email,Purchasing and invoicing,1st line support,Bernard Beckley,13.05.2023 05:51,15.05.2023 05:51,13.05.2023 06:51,13.05.2023 06:37,Within SLA,14.05.2023 03:27,Within SLA,15.05.2023 20:37,8.0,1.0,Other,Tier 1,France,48.864716,2.349014,1
Closed,2081,Medium,Phone,Other,1st line support,Connor Danielovitch,13.05.2023 05:21,15.05.2023 05:21,13.05.2023 05:23,13.05.2023 05:22,Within SLA,14.05.2023 06:11,Within SLA,17.05.2023 08:58,1.0,4.0,Ready to use Software,Tier 1,Bulgaria,42.7249925,25.4833039,1
Resolved,2082,High,Email,Pricing and licensing,1st line support,Nicola Wane,13.05.2023 19:26,15.05.2023 19:26,13.05.2023 20:26,13.05.2023 20:02,Within SLA,14.05.2023 01:20,Within SLA,,5.0,,Ready to use Software,Tier 1,Germany,51.165691,10.451526,0
Closed,2098,Low,Chat,Product setup,1st line support,Nicola Wane,14.05.2023 07:00,15.05.2023 07:00,14.05.2023 07:02,14.05.2023 07:05,SLA Violated,14.05.2023 22:24,Within SLA,16.05.2023 17:36,4.0,3.0,Ready to use Software,Tier 1,France,48.864716,2.349014,1
Closed,2099,Low,Chat,Product setup,2nd line support,Adolpho Messingham,14.05.2023 20:14,15.05.2023 20:14,14.05.2023 20:16,14.05.2023 20:15,Within SLA,14.05.2023 22:28,Within SLA,18.05.2023 02:09,6.0,4.0,Custom software development,Tier 2,Austria,47.6964719,13.3457347,1
Closed,2100,Medium,Chat,Product setup,1st line support,Connor Danielovitch,14.05.2023 10:45,15.05.2023 10:45,14.05.2023 10:47,14.05.2023 10:46,Within SLA,14.05.2023 22:29,Within SLA,17.05.2023 15:59,4.0,4.0,Other,Tier 1,Germany,51.165691,10.451526,1
In progress,2101,High,Phone,Purchasing and invoicing,2nd line support,Heather Urry,14.05.2023 08:14,16.05.2023 08:14,14.05.2023 08:16,14.05.2023 08:14,Within SLA,,SLA Violated,,3.0,,Ready to use Software,Tier 2,France,48.864716,2.349014,0
In progress,2102,High,Phone,Product setup,2nd line support,Adolpho Messingham,15.05.2023 01:57,17.05.2023 01:57,15.05.2023 01:59,2023-05-15 02:01:46.073,SLA Violated,,SLA Violated,,1.0,,Ready to use Software,Tier 2,Germany,51.165691,10.451526,0
Resolved,2103,Medium,Chat,Feature request,1st line support,Kristos Westoll,15.05.2023 03:43,16.05.2023 03:43,15.05.2023 03:45,15.05.2023 03:44,Within SLA,15.05.2023 07:37,Within SLA,,3.0,,Custom software development,Tier 1,Poland,52.536273,19.050639,0
Closed,2104,Low,Email,Purchasing and invoicing,1st line support,Connor Danielovitch,15.05.2023 12:26,17.05.2023 12:26,15.05.2023 13:26,15.05.2023 13:23,Within SLA,17.05.2023 03:21,Within SLA,2023-05-22 05:05:17.071,2.0,5.0,Training and Consulting Services,Tier 1,Bulgaria,42.7249925,25.4833039,1
Resolved,2105,Medium,Chat,Product setup,1st line support,Nicola Wane,15.05.2023 16:01,16.05.2023 16:01,15.05.2023 16:03,15.05.2023 16:02,Within SLA,16.05.2023 05:45,Within SLA,,5.0,,Training and Consulting Services,Tier 1,United Kingdom,55.378052,-3.435973,0
Resolved,2106,Low,Email,Pricing and licensing,1st line support,Bernard Beckley,15.05.2023 23:05,17.05.2023 23:05,16.05.2023 00:05,15.05.2023 23:10,Within SLA,20.05.2023 10:53,SLA Violated,,2.0,,Ready to use Software,Tier 1,Austria,47.6964719,13.3457347,0
Closed,2107,Medium,Email,Product setup,1st line support,Bernard Beckley,15.05.2023 19:19,17.05.2023 19:19,15.05.2023 20:19,15.05.2023 19:38,Within SLA,2023-05-21 14:45:59.006,SLA Violated,21.05.2023 20:05,2.0,4.0,Ready to use Software,Tier 1,Greece,39.368279,21.863141,1
Closed,2108,High,Chat,Feature request,1st line support,Connor Danielovitch,15.05.2023 15:39,16.05.2023 15:39,15.05.2023 15:41,15.05.2023 15:40,Within SLA,16.05.2023 07:03,Within SLA,20.05.2023 03:56,9.0,4.0,Ready to use Software,Tier 1,Austria,47.6964719,13.3457347,1
Resolved,2109,Medium,Chat,Purchasing and invoicing,1st line support,Nicola Wane,15.05.2023 16:04,16.05.2023 16:04,15.05.2023 16:06,15.05.2023 16:05,Within SLA,16.05.2023 05:20,Within SLA,,4.0,,Ready to use Software,Tier 1,Bulgaria,42.7249925,25.4833039,0
In progress,2110,Low,Email,Feature request,1st line support,Sheela Cutten,16.05.2023 18:30,18.05.2023 18:30,16.05.2023 19:30,16.05.2023 19:24,Within SLA,,SLA Violated,,1.0,,Custom software development,Tier 1,Italy,43.036776,12.678565,0
Resolved,2111,Low,Email,Pricing and licensing,1st line support,Bernard Beckley,16.05.2023 10:50,18.05.2023 10:50,16.05.2023 11:50,16.05.2023 11:21,Within SLA,17.05.2023 08:13,Within SLA,,8.0,,Ready to use Software,Tier 1,Greece,39.368279,21.863141,0
Closed,2112,Low,Chat,Product setup,1st line support,Sheela Cutten,16.05.2023 07:04,17.05.2023 07:04,16.05.2023 07:06,2023-05-16 07:05:52.092,Within SLA,16.05.2023 23:28,Within SLA,20.05.2023 00:12,5.0,4.0,Custom software development,Tier 1,Germany,51.165691,10.451526,1
Closed,2113,Low,Chat,Product setup,1st line support,Sheela Cutten,16.05.2023 19:50,17.05.2023 19:50,16.05.2023 19:52,16.05.2023 19:52,Within SLA,17.05.2023 06:41,Within SLA,21.05.2023 23:08,6.0,4.0,Other,Tier 1,Italy,43.036776,12.678565,1
Closed,2114,Low,Chat,Pricing and licensing,2nd line support,Adolpho Messingham,16.05.2023 05:34,17.05.2023 05:34,16.05.2023 05:36,16.05.2023 05:35,Within SLA,21.05.2023 20:32,SLA Violated,23.05.2023 19:59,4.0,3.0,Custom software development,Tier 2,Austria,47.6964719,13.3457347,1
Closed,2115,Low,Chat,Product setup,1st line support,Connor Danielovitch,16.05.2023 20:33,17.05.2023 20:33,16.05.2023 20:35,16.05.2023 20:34,Within SLA,17.05.2023 08:39,Within SLA,20.05.2023 18:40,6.0,4.0,Ready to use Software,Tier 1,Bulgaria,42.7249925,25.4833039,1
Closed,2117,Medium,Chat,Product setup,2nd line support,Michele Whyatt,16.05.2023 00:32,17.05.2023 00:32,16.05.2023 00:34,16.05.2023 00:35,SLA Violated,16.05.2023 02:56,Within SLA,19.05.2023 00:41,6.0,3.0,Custom software development,Tier 2,Italy,43.036776,12.678565,1
Closed,2118,Medium,Chat,Feature request,1st line support,Nicola Wane,16.05.2023 20:59,17.05.2023 20:59,16.05.2023 21:01,2023-05-16 21:00:20.046,Within SLA,17.05.2023 07:42,Within SLA,19.05.2023 12:57,5.0,1.0,Custom software development,Tier 1,Germany,51.165691,10.451526,1
Closed,2120,Low,Chat,Bug report,1st line support,Bernard Beckley,17.05.2023 04:10,18.05.2023 04:10,17.05.2023 04:12,17.05.2023 04:15,SLA Violated,18.05.2023 03:01,Within SLA,2023-05-22 22:29:27.089,6.0,3.0,Ready to use Software,Tier 1,Italy,43.036776,12.678565,1
In progress,2121,Low,Phone,Purchasing and invoicing,2nd line support,Heather Urry,17.05.2023 20:17,19.05.2023 20:17,17.05.2023 20:19,17.05.2023 20:19,Within SLA,,SLA Violated,,3.0,,Training and Consulting Services,Tier 2,France,48.864716,2.349014,0
In progress,2122,Medium,Email,Product setup,1st line support,Nicola Wane,17.05.2023 01:38,19.05.2023 01:38,17.05.2023 02:38,17.05.2023 02:33,Within SLA,,SLA Violated,,1.0,,Training and Consulting Services,Tier 1,Germany,51.165691,10.451526,0
Resolved,2123,High,Chat,Bug report,2nd line support,Adolpho Messingham,17.05.2023 06:42,18.05.2023 06:42,17.05.2023 06:44,17.05.2023 06:43,Within SLA,17.05.2023 10:34,Within SLA,,8.0,,Ready to use Software,Tier 2,Austria,47.6964719,13.3457347,0
Closed,2124,High,Chat,Bug report,1st line support,Nicola Wane,17.05.2023 11:46,18.05.2023 11:46,17.05.2023 11:48,17.05.2023 11:47,Within SLA,18.05.2023 03:28,Within SLA,21.05.2023 11:41,4.0,3.0,Ready to use Software,Tier 1,Germany,51.165691,10.451526,1
Closed,2125,Low,Email,Product setup,1st line support,Bernard Beckley,17.05.2023 03:05,19.05.2023 03:05,17.05.2023 04:05,17.05.2023 08:07,SLA Violated,18.05.2023 00:58,Within SLA,19.05.2023 23:07,7.0,3.0,Custom software development,Tier 1,United Kingdom,55.378052,-3.435973,1
In progress,2126,Medium,Email,Bug report,2nd line support,Michele Whyatt,17.05.2023 02:54,19.05.2023 02:54,17.05.2023 03:54,17.05.2023 03:40,Within SLA,,SLA Violated,,7.0,,Training and Consulting Services,Tier 2,Poland,52.536273,19.050639,0
In progress,2127,Medium,Chat,Purchasing and invoicing,1st line support,Nicola Wane,17.05.2023 22:19,18.05.2023 22:19,17.05.2023 22:21,17.05.2023 22:20,Within SLA,,SLA Violated,,4.0,,Ready to use Software,Tier 1,France,48.864716,2.349014,0
Closed,2128,Low,Email,Other,1st line support,Kristos Westoll,17.05.2023 01:39,19.05.2023 01:39,17.05.2023 02:39,2023-05-17 02:15:01.010,Within SLA,18.05.2023 11:59,Within SLA,23.05.2023 14:58,7.0,5.0,Ready to use Software,Tier 1,Bulgaria,42.7249925,25.4833039,1
Closed,2129,Medium,Email,Pricing and licensing,1st line support,Sheela Cutten,17.05.2023 13:35,19.05.2023 13:35,17.05.2023 14:35,17.05.2023 14:33,Within SLA,18.05.2023 10:10,Within SLA,23.05.2023 22:33,9.0,5.0,Ready to use Software,Tier 1,Spain,39.67337,-4.767726,1
Resolved,2130,Low,Email,Product setup,2nd line support,Michele Whyatt,17.05.2023 08:56,19.05.2023 08:56,17.05.2023 09:56,17.05.2023 09:19,Within SLA,18.05.2023 14:39,Within SLA,,2.0,,Other,Tier 2,Greece,39.368279,21.863141,0
Closed,2131,Low,Email,Feature request,2nd line support,Michele Whyatt,17.05.2023 18:09,19.05.2023 18:09,17.05.2023 19:09,17.05.2023 18:21,Within SLA,19.05.2023 10:51,Within SLA,23.05.2023 08:34,1.0,4.0,Ready to use Software,Tier 2,Italy,43.036776,12.678565,1
Closed,2132,Low,Chat,Product setup,1st line support,Connor Danielovitch,17.05.2023 20:47,18.05.2023 20:47,17.05.2023 20:49,17.05.2023 20:48,Within SLA,18.05.2023 07:36,Within SLA,20.05.2023 23:13,4.0,3.0,Other,Tier 1,Bulgaria,42.7249925,25.4833039,1
Closed,2133,Low,Email,Pricing and licensing,2nd line support,Adolpho Messingham,18.05.2023 04:35,20.05.2023 04:35,18.05.2023 05:35,18.05.2023 04:43,Within SLA,19.05.2023 14:33,Within SLA,21.05.2023 02:53,5.0,5.0,Training and Consulting Services,Tier 2,France,48.864716,2.349014,1
In progress,2134,Low,Chat,Bug report,1st line support,Connor Danielovitch,18.05.2023 02:59,19.05.2023 02:59,18.05.2023 03:01,18.05.2023 03:00,Within SLA,,SLA Violated,,4.0,,Ready to use Software,Tier 1,Poland,52.536273,19.050639,0
Resolved,2135,Low,Phone,Feature request,1st line support,Kristos Westoll,18.05.2023 05:54,20.05.2023 05:54,18.05.2023 05:56,17.05.2023 20:19,Within SLA,23.05.2023 16:55,SLA Violated,,1.0,,Ready to use Software,Tier 1,Austria,47.6964719,13.3457347,0
Closed,2136,Low,Chat,Product setup,2nd line support,Heather Urry,18.05.2023 14:04,19.05.2023 14:04,18.05.2023 14:06,18.05.2023 14:05,Within SLA,19.05.2023 12:01,Within SLA,22.05.2023 15:21,4.0,2.0,Ready to use Software,Tier 2,France,48.864716,2.349014,1
Resolved,2137,High,Email,Product setup,1st line support,Connor Danielovitch,18.05.2023 06:09,20.05.2023 06:09,18.05.2023 07:09,18.05.2023 06:37,Within SLA,19.05.2023 00:26,Within SLA,,2.0,,Other,Tier 1,Bulgaria,42.7249925,25.4833039,0
Resolved,2138,Low,Chat,Other,1st line support,Sheela Cutten,18.05.2023 01:02,19.05.2023 01:02,18.05.2023 01:04,18.05.2023 01:05,SLA Violated,18.05.2023 09:21,Within SLA,,6.0,,Training and Consulting Services,Tier 1,Republic of Ireland,53.094024,-8.019675,0
Resolved,2139,Medium,Email,Purchasing and invoicing,1st line support,Bernard Beckley,18.05.2023 00:56,20.05.2023 00:56,18.05.2023 01:56,2023-05-18 00:57:18.036,Within SLA,18.05.2023 11:58,Within SLA,,1.0,,Ready to use Software,Tier 1,France,48.864716,2.349014,0
Closed,2140,High,Chat,Feature request,2nd line support,Michele Whyatt,19.05.2023 09:18,20.05.2023 09:18,19.05.2023 09:20,19.05.2023 09:19,Within SLA,19.05.2023 12:22,Within SLA,21.05.2023 02:59,4.0,2.0,Ready to use Software,Tier 2,Italy,43.036776,12.678565,1
Closed,2141,Low,Chat,Feature request,2nd line support,Adolpho Messingham,19.05.2023 09:21,20.05.2023 09:21,19.05.2023 09:23,19.05.2023 09:21,Within SLA,19.05.2023 22:06,Within SLA,25.05.2023 16:23,6.0,2.0,Ready to use Software,Tier 2,France,48.864716,2.349014,1
Resolved,2142,Medium,Email,Pricing and licensing,1st line support,Connor Danielovitch,19.05.2023 20:11,21.05.2023 20:11,19.05.2023 21:11,19.05.2023 20:32,Within SLA,20.05.2023 01:08,Within SLA,,3.0,,Custom software development,Tier 1,Spain,39.67337,-4.767726,0
Closed,2143,Medium,Email,Bug report,1st line support,Sheela Cutten,19.05.2023 18:13,21.05.2023 18:13,19.05.2023 19:13,19.05.2023 19:04,Within SLA,20.05.2023 00:22,Within SLA,24.05.2023 01:14,5.0,2.0,Ready to use Software,Tier 1,United Kingdom,55.378052,-3.435973,1
Closed,2144,Low,Email,Feature request,1st line support,Connor Danielovitch,19.05.2023 22:25,21.05.2023 22:25,19.05.2023 23:25,20.05.2023 01:02,SLA Violated,20.05.2023 02:35,Within SLA,2023-05-24 05:30:16.069,1.0,5.0,Ready to use Software,Tier 1,Germany,51.165691,10.451526,1
Resolved,2145,Medium,Chat,Product setup,2nd line support,Michele Whyatt,19.05.2023 22:52,20.05.2023 22:52,19.05.2023 22:54,19.05.2023 22:52,Within SLA,20.05.2023 02:27,Within SLA,,3.0,,Ready to use Software,Tier 2,Italy,43.036776,12.678565,0
In progress,2146,Low,Email,Feature request,1st line support,Sheela Cutten,19.05.2023 10:51,21.05.2023 10:51,19.05.2023 11:51,19.05.2023 11:07,Within SLA,,SLA Violated,,1.0,,Custom software development,Tier 1,United Kingdom,55.378052,-3.435973,0
Resolved,2147,High,Email,Feature request,1st line support,Sheela Cutten,20.05.2023 00:38,22.05.2023 00:38,20.05.2023 01:38,20.05.2023 00:39,Within SLA,21.05.2023 16:59,Within SLA,,6.0,,Other,Tier 1,Germany,51.165691,10.451526,0
Resolved,2151,Low,Email,Feature request,1st line support,Nicola Wane,20.05.2023 14:53,22.05.2023 14:53,20.05.2023 15:53,20.05.2023 15:45,Within SLA,22.05.2023 06:02,Within SLA,,6.0,,Ready to use Software,Tier 1,Greece,39.368279,21.863141,0
In progress,2152,Low,Chat,Product setup,1st line support,Connor Danielovitch,20.05.2023 04:03,21.05.2023 04:03,20.05.2023 04:05,20.05.2023 04:05,SLA Violated,,SLA Violated,,3.0,,Ready to use Software,Tier 1,Spain,39.67337,-4.767726,0
Resolved,2153,Low,Phone,Purchasing and invoicing,1st line support,Connor Danielovitch,20.05.2023 15:44,22.05.2023 15:44,20.05.2023 15:46,20.05.2023 15:45,Within SLA,21.05.2023 08:59,Within SLA,,6.0,,Ready to use Software,Tier 1,Greece,39.368279,21.863141,0
In progress,2154,Medium,Email,Product setup,1st line support,Sheela Cutten,21.05.2023 10:36,23.05.2023 10:36,21.05.2023 11:36,21.05.2023 11:15,Within SLA,,SLA Violated,,1.0,,Custom software development,Tier 1,Austria,47.6964719,13.3457347,0
Closed,2155,High,Email,Other,1st line support,Bernard Beckley,21.05.2023 07:27,23.05.2023 07:27,21.05.2023 08:27,21.05.2023 08:13,Within SLA,23.05.2023 00:09,Within SLA,23.05.2023 14:44,6.0,2.0,Training and Consulting Services,Tier 1,Republic of Ireland,53.094024,-8.019675,1
Resolved,2156,Medium,Phone,Product setup,1st line support,Bernard Beckley,21.05.2023 20:41,23.05.2023 20:41,21.05.2023 20:43,21.05.2023 20:41,Within SLA,23.05.2023 04:34,Within SLA,,2.0,,Custom software development,Tier 1,France,48.864716,2.349014,0
Closed,2161,Medium,Phone,Product setup,2nd line support,Heather Urry,22.05.2023 16:48,24.05.2023 16:48,22.05.2023 16:50,2023-05-22 16:52:45.025,SLA Violated,23.05.2023 05:47,Within SLA,25.05.2023 17:34,6.0,3.0,Other,Tier 2,Republic of Ireland,53.094024,-8.019675,1
Resolved,2162,Medium,Email,Bug report,1st line support,Nicola Wane,22.05.2023 05:23,24.05.2023 05:23,22.05.2023 06:23,22.05.2023 05:46,Within SLA,23.05.2023 03:27,Within SLA,,1.0,,Ready to use Software,Tier 1,Poland,52.536273,19.050639,0
Resolved,2163,Medium,Email,Product setup,1st line support,Sheela Cutten,22.05.2023 18:39,24.05.2023 18:39,22.05.2023 19:39,22.05.2023 19:16,Within SLA,2023-05-22 23:56:24.080,Within SLA,,9.0,,Training and Consulting Services,Tier 1,United Kingdom,55.378052,-3.435973,0
Resolved,2164,High,Email,Bug report,1st line support,Kristos Westoll,22.05.2023 21:17,24.05.2023 21:17,22.05.2023 22:17,22.05.2023 21:22,Within SLA,23.05.2023 08:17,Within SLA,,1.0,,Custom software development,Tier 1,Poland,52.536273,19.050639,0
Closed,2165,Low,Phone,Pricing and licensing,2nd line support,Heather Urry,22.05.2023 11:49,24.05.2023 11:49,22.05.2023 11:51,22.05.2023 11:50,Within SLA,22.05.2023 20:54,Within SLA,29.05.2023 21:17,1.0,3.0,Ready to use Software,Tier 2,Greece,39.368279,21.863141,1
Resolved,2166,Medium,Phone,Bug report,2nd line support,Heather Urry,22.05.2023 18:21,24.05.2023 18:21,22.05.2023 18:23,22.05.2023 18:22,Within SLA,24.05.2023 02:44,Within SLA,,3.0,,Training and Consulting Services,Tier 2,Austria,47.6964719,13.3457347,0
In progress,2167,Low,Chat,Pricing and licensing,1st line support,Sheela Cutten,22.05.2023 03:46,23.05.2023 03:46,22.05.2023 03:48,2023-05-22 03:47:42.098,Within SLA,,SLA Violated,,6.0,,Ready to use Software,Tier 1,France,48.864716,2.349014,0
Resolved,2168,Medium,Phone,Pricing and licensing,1st line support,Nicola Wane,22.05.2023 07:29,24.05.2023 07:29,22.05.2023 07:31,22.05.2023 07:29,Within SLA,23.05.2023 22:50,Within SLA,,4.0,,Ready to use Software,Tier 1,Greece,39.368279,21.863141,0
Closed,2169,Medium,Email,Purchasing and invoicing,2nd line support,Heather Urry,22.05.2023 12:09,24.05.2023 12:09,22.05.2023 13:09,22.05.2023 13:03,Within SLA,23.05.2023 05:41,Within SLA,2023-05-28 06:54:22.059,3.0,4.0,Training and Consulting Services,Tier 2,Republic of Ireland,53.094024,-8.019675,1
Resolved,2170,Low,Email,Feature request,1st line support,Sheela Cutten,22.05.2023 10:26,24.05.2023 10:26,22.05.2023 11:26,22.05.2023 11:00,Within SLA,23.05.2023 22:49,Within SLA,,8.0,,Other,Tier 1,Spain,39.67337,-4.767726,0
In progress,2171,Low,Email,Bug report,1st line support,Kristos Westoll,22.05.2023 09:23,24.05.2023 09:23,22.05.2023 10:23,22.05.2023 10:18,Within SLA,,SLA Violated,,1.0,,Ready to use Software,Tier 1,France,48.864716,2.349014,0
Closed,2172,Low,Chat,Other,1st line support,Nicola Wane,22.05.2023 15:13,23.05.2023 15:13,22.05.2023 15:15,22.05.2023 15:14,Within SLA,23.05.2023 04:29,Within SLA,26.05.2023 02:02,4.0,2.0,Custom software development,Tier 1,Italy,43.036776,12.678565,1
Closed,2173,Medium,Email,Pricing and licensing,1st line support,Kristos Westoll,22.05.2023 20:37,24.05.2023 20:37,22.05.2023 21:37,22.05.2023 21:21,Within SLA,27.05.2023 22:37,SLA Violated,29.05.2023 06:12,2.0,4.0,Other,Tier 1,Germany,51.165691,10.451526,1
In progress,2174,Medium,Email,Pricing and licensing,2nd line support,Adolpho Messingham,22.05.2023 01:35,24.05.2023 01:35,22.05.2023 02:35,22.05.2023 02:05,Within SLA,,SLA Violated,,10.0,,Ready to use Software,Tier 2,Slovenia,46.1491664,14.9860106,0
Closed,2175,Low,Email,Pricing and licensing,1st line support,Bernard Beckley,22.05.2023 04:58,24.05.2023 04:58,22.05.2023 05:58,22.05.2023 05:11,Within SLA,28.05.2023 07:49,SLA Violated,28.05.2023 00:51,2.0,3.0,Training and Consulting Services,Tier 1,United Kingdom,55.378052,-3.435973,1
Closed,2176,Medium,Chat,Training request,1st line support,Kristos Westoll,23.05.2023 22:40,24.05.2023 22:40,23.05.2023 22:42,23.05.2023 22:40,Within SLA,24.05.2023 00:35,Within SLA,30.05.2023 01:50,6.0,2.0,Training and Consulting Services,Tier 1,France,48.864716,2.349014,1
Closed,2177,Medium,Chat,Pricing and licensing,1st line support,Sheela Cutten,23.05.2023 05:53,24.05.2023 05:53,23.05.2023 05:55,23.05.2023 05:55,Within SLA,23.05.2023 09:42,Within SLA,27.05.2023 07:39,8.0,3.0,Training and Consulting Services,Tier 1,United Kingdom,55.378052,-3.435973,1
Closed,2178,Low,Email,Product setup,1st line support,Connor Danielovitch,23.05.2023 00:49,25.05.2023 00:49,23.05.2023 01:49,2023-05-23 06:19:20.063,SLA Violated,23.05.2023 02:38,Within SLA,26.05.2023 21:17,5.0,4.0,Training and Consulting Services,Tier 1,United Kingdom,55.378052,-3.435973,1
Closed,2179,Medium,Email,Product setup,1st line support,Connor Danielovitch,23.05.2023 11:32,25.05.2023 11:32,23.05.2023 12:32,2023-05-23 12:30:20.067,Within SLA,25.05.2023 01:58,Within SLA,25.05.2023 19:30,1.0,5.0,Other,Tier 1,Germany,51.165691,10.451526,1
Closed,2180,High,Email,Product setup,1st line support,Sheela Cutten,23.05.2023 06:23,25.05.2023 06:23,23.05.2023 07:23,23.05.2023 07:17,Within SLA,23.05.2023 07:57,Within SLA,26.05.2023 19:57,6.0,3.0,Custom software development,Tier 1,Germany,51.165691,10.451526,1
In progress,2183,Medium,Email,Feature request,2nd line support,Michele Whyatt,23.05.2023 02:47,25.05.2023 02:47,23.05.2023 03:47,23.05.2023 03:39,Within SLA,,SLA Violated,,1.0,,Custom software development,Tier 2,Republic of Ireland,53.094024,-8.019675,0
Resolved,2184,High,Email,Product setup,1st line support,Bernard Beckley,24.05.2023 03:30,26.05.2023 03:30,24.05.2023 04:30,24.05.2023 03:50,Within SLA,25.05.2023 07:54,Within SLA,,9.0,,Training and Consulting Services,Tier 1,Bulgaria,42.7249925,25.4833039,0
Resolved,2185,Low,Chat,Product setup,1st line support,Connor Danielovitch,24.05.2023 07:40,25.05.2023 07:40,24.05.2023 07:42,24.05.2023 07:41,Within SLA,25.05.2023 14:51,SLA Violated,,4.0,,Ready to use Software,Tier 1,Poland,52.536273,19.050639,0
In progress,2186,Low,Chat,Feature request,2nd line support,Michele Whyatt,24.05.2023 21:59,25.05.2023 21:59,24.05.2023 22:01,24.05.2023 21:59,Within SLA,,SLA Violated,,6.0,,Ready to use Software,Tier 2,Slovenia,46.1491664,14.9860106,0
Closed,2188,High,Chat,Product setup,1st line support,Connor Danielovitch,24.05.2023 22:52,25.05.2023 22:52,24.05.2023 22:54,24.05.2023 22:52,Within SLA,24.05.2023 23:10,Within SLA,30.05.2023 19:17,3.0,3.0,Other,Tier 1,Germany,51.165691,10.451526,1
Closed,2189,Low,Chat,Pricing and licensing,1st line support,Kristos Westoll,24.05.2023 13:25,25.05.2023 13:25,24.05.2023 13:27,24.05.2023 13:26,Within SLA,24.05.2023 21:15,Within SLA,30.05.2023 00:06,4.0,2.0,Ready to use Software,Tier 1,Greece,39.368279,21.863141,1
Closed,2190,Low,Email,Pricing and licensing,1st line support,Bernard Beckley,24.05.2023 01:25,26.05.2023 01:25,24.05.2023 02:25,24.05.2023 02:09,Within SLA,25.05.2023 21:42,Within SLA,25.05.2023 15:58,2.0,1.0,Other,Tier 1,Italy,43.036776,12.678565,1
Resolved,2192,High,Email,Feature request,1st line support,Nicola Wane,24.05.2023 00:06,26.05.2023 00:06,24.05.2023 01:06,24.05.2023 00:10,Within SLA,25.05.2023 18:50,Within SLA,,10.0,,Custom software development,Tier 1,Poland,52.536273,19.050639,0
Closed,2193,Medium,Chat,Purchasing and invoicing,1st line support,Nicola Wane,24.05.2023 05:42,25.05.2023 05:42,24.05.2023 05:44,24.05.2023 05:44,SLA Violated,24.05.2023 21:37,Within SLA,29.05.2023 18:48,4.0,2.0,Other,Tier 1,Czech Republic,49.8037633,15.4749126,1
Resolved,2194,Medium,Chat,Pricing and licensing,2nd line support,Michele Whyatt,25.05.2023 00:10,26.05.2023 00:10,25.05.2023 00:12,25.05.2023 00:12,Within SLA,25.05.2023 04:12,Within SLA,,60.0,,Custom software development,Tier 2,Spain,39.67337,-4.767726,0
Closed,2195,Low,Email,Feature request,1st line support,Bernard Beckley,25.05.2023 03:02,27.05.2023 03:02,25.05.2023 04:02,25.05.2023 03:44,Within SLA,25.05.2023 22:02,Within SLA,30.05.2023 01:50,2.0,5.0,Ready to use Software,Tier 1,Slovenia,46.1491664,14.9860106,1
In progress,2196,Low,Chat,Bug report,1st line support,Kristos Westoll,25.05.2023 16:37,26.05.2023 16:37,25.05.2023 16:39,25.05.2023 16:37,Within SLA,,SLA Violated,,5.0,,Ready to use Software,Tier 1,Germany,51.165691,10.451526,0
Resolved,2197,Low,Chat,Bug report,1st line support,Bernard Beckley,25.05.2023 23:58,26.05.2023 23:58,26.05.2023 00:00,26.05.2023 00:00,Within SLA,26.05.2023 10:27,Within SLA,,4.0,,Ready to use Software,Tier 1,Slovenia,46.1491664,14.9860106,0
In progress,2198,Low,Email,Purchasing and invoicing,1st line support,Nicola Wane,25.05.2023 05:26,27.05.2023 05:26,25.05.2023 06:26,25.05.2023 08:24,SLA Violated,,SLA Violated,,7.0,,Custom software development,Tier 1,Slovenia,46.1491664,14.9860106,0
Closed,2199,High,Phone,Feature request,1st line support,Sheela Cutten,25.05.2023 14:47,27.05.2023 14:47,25.05.2023 14:49,25.05.2023 14:50,SLA Violated,26.05.2023 03:27,Within SLA,28.05.2023 10:22,6.0,4.0,Ready to use Software,Tier 1,Poland,52.536273,19.050639,1
Resolved,2200,Low,Chat,Product setup,1st line support,Bernard Beckley,25.05.2023 20:08,26.05.2023 20:08,25.05.2023 20:10,25.05.2023 20:10,SLA Violated,26.05.2023 02:36,Within SLA,,4.0,,Custom software development,Tier 1,Austria,47.6964719,13.3457347,0
Closed,2201,High,Chat,Pricing and licensing,2nd line support,Heather Urry,25.05.2023 13:55,26.05.2023 13:55,25.05.2023 13:57,25.05.2023 13:55,Within SLA,26.05.2023 05:14,Within SLA,2023-05-30 19:42:59.030,3.0,3.0,Ready to use Software,Tier 2,Bulgaria,42.7249925,25.4833039,1
Closed,2202,Low,Email,Product setup,1st line support,Kristos Westoll,25.05.2023 17:33,27.05.2023 17:33,25.05.2023 18:33,25.05.2023 18:00,Within SLA,25.05.2023 18:22,Within SLA,29.05.2023 14:15,1.0,3.0,Custom software development,Tier 1,Republic of Ireland,53.094024,-8.019675,1
Resolved,2203,Medium,Email,Pricing and licensing,1st line support,Sheela Cutten,25.05.2023 13:52,27.05.2023 13:52,25.05.2023 14:52,25.05.2023 14:11,Within SLA,26.05.2023 01:29,Within SLA,,1.0,,Ready to use Software,Tier 1,United Kingdom,55.378052,-3.435973,0
Resolved,2204,Low,Email,Product setup,1st line support,Sheela Cutten,26.05.2023 18:49,28.05.2023 18:49,26.05.2023 19:49,26.05.2023 18:51,Within SLA,27.05.2023 12:36,Within SLA,,1.0,,Custom software development,Tier 1,Slovenia,46.1491664,14.9860106,0
Closed,2205,Medium,Email,Feature request,2nd line support,Michele Whyatt,26.05.2023 21:16,28.05.2023 21:16,26.05.2023 22:16,26.05.2023 21:49,Within SLA,27.05.2023 10:17,Within SLA,29.05.2023 09:39,9.0,1.0,Other,Tier 2,Greece,39.368279,21.863141,1
Resolved,2206,Low,Email,Pricing and licensing,1st line support,Kristos Westoll,26.05.2023 11:09,28.05.2023 11:09,26.05.2023 12:09,26.05.2023 12:07,Within SLA,28.05.2023 08:26,Within SLA,,7.0,,Custom software development,Tier 1,Germany,51.165691,10.451526,0
Resolved,2207,Low,Email,Other,1st line support,Nicola Wane,26.05.2023 07:39,28.05.2023 07:39,26.05.2023 08:39,26.05.2023 08:10,Within SLA,27.05.2023 23:42,Within SLA,,3.0,,Custom software development,Tier 1,France,48.864716,2.349014,0
Resolved,2208,Medium,Email,Pricing and licensing,1st line support,Connor Danielovitch,26.05.2023 22:47,28.05.2023 22:47,26.05.2023 23:47,26.05.2023 23:33,Within SLA,27.05.2023 22:57,Within SLA,,3.0,,Custom software development,Tier 1,Bulgaria,42.7249925,25.4833039,0
In progress,2209,Low,Chat,Product setup,1st line support,Sheela Cutten,26.05.2023 16:39,27.05.2023 16:39,26.05.2023 16:41,26.05.2023 16:41,Within SLA,,SLA Violated,,3.0,,Ready to use Software,Tier 1,Poland,52.536273,19.050639,0
Closed,2219,Low,Email,Bug report,1st line support,Kristos Westoll,28.05.2023 18:01,30.05.2023 18:01,28.05.2023 19:01,28.05.2023 18:15,Within SLA,29.05.2023 21:22,Within SLA,31.05.2023 22:33,7.0,2.0,Ready to use Software,Tier 1,Poland,52.536273,19.050639,1
Resolved,2220,Low,Email,Feature request,1st line support,Sheela Cutten,28.05.2023 17:35,30.05.2023 17:35,28.05.2023 18:35,2023-05-28 17:44:32.082,Within SLA,29.05.2023 07:33,Within SLA,,8.0,,Other,Tier 1,Poland,52.536273,19.050639,0
Closed,2221,Medium,Chat,Feature request,1st line support,Connor Danielovitch,28.05.2023 23:04,29.05.2023 23:04,28.05.2023 23:06,28.05.2023 23:09,SLA Violated,29.05.2023 18:08,Within SLA,04.06.2023 15:07,6.0,4.0,Ready to use Software,Tier 1,Poland,52.536273,19.050639,1
Resolved,2222,Low,Email,Bug report,1st line support,Bernard Beckley,28.05.2023 03:21,30.05.2023 03:21,28.05.2023 04:21,28.05.2023 04:15,Within SLA,01.06.2023 07:08,SLA Violated,,4.0,,Custom software development,Tier 1,Poland,52.536273,19.050639,0
Closed,2223,High,Email,Purchasing and invoicing,1st line support,Nicola Wane,29.05.2023 15:46,31.05.2023 15:46,29.05.2023 16:46,29.05.2023 20:42,SLA Violated,03.06.2023 14:50,SLA Violated,04.06.2023 07:23,2.0,4.0,Other,Tier 1,Spain,39.67337,-4.767726,1
Resolved,2224,Medium,Chat,Product setup,1st line support,Bernard Beckley,29.05.2023 00:44,30.05.2023 00:44,29.05.2023 00:46,29.05.2023 00:45,Within SLA,30.05.2023 03:06,SLA Violated,,6.0,,Custom software development,Tier 1,Greece,39.368279,21.863141,0
Resolved,2225,Low,Chat,Purchasing and invoicing,2nd line support,Heather Urry,30.05.2023 02:42,31.05.2023 02:42,30.05.2023 02:44,30.05.2023 02:44,Within SLA,30.05.2023 06:31,Within SLA,,3.0,,Other,Tier 2,Italy,43.036776,12.678565,0
Resolved,2226,Low,Chat,Feature request,1st line support,Sheela Cutten,30.05.2023 15:57,31.05.2023 15:57,30.05.2023 15:59,2023-05-30 15:57:47.010,Within SLA,31.05.2023 07:34,Within SLA,,6.0,,Ready to use Software,Tier 1,United Kingdom,55.378052,-3.435973,0
In progress,2227,High,Phone,Pricing and licensing,1st line support,Nicola Wane,30.05.2023 18:33,01.06.2023 18:33,30.05.2023 18:35,30.05.2023 18:33,Within SLA,,SLA Violated,,2.0,,Ready to use Software,Tier 1,Slovenia,46.1491664,14.9860106,0
In progress,2228,Medium,Chat,Pricing and licensing,2nd line support,Adolpho Messingham,30.05.2023 08:36,31.05.2023 08:36,30.05.2023 08:38,30.05.2023 08:37,Within SLA,,SLA Violated,,4.0,,Ready to use Software,Tier 2,Austria,47.6964719,13.3457347,0
Closed,2229,Medium,Chat,Purchasing and invoicing,2nd line support,Heather Urry,30.05.2023 13:39,31.05.2023 13:39,30.05.2023 13:41,2023-05-30 13:45:14.000,SLA Violated,30.05.2023 22:02,Within SLA,03.06.2023 14:37,6.0,5.0,Ready to use Software,Tier 2,Czech Republic,49.8037633,15.4749126,1
In progress,2230,Low,Phone,Purchasing and invoicing,1st line support,Sheela Cutten,31.05.2023 12:33,02.06.2023 12:33,31.05.2023 12:35,31.05.2023 12:34,Within SLA,,SLA Violated,,1.0,,Training and Consulting Services,Tier 1,Austria,47.6964719,13.3457347,0
Resolved,2231,High,Email,Other,1st line support,Sheela Cutten,31.05.2023 17:08,02.06.2023 17:08,31.05.2023 18:08,31.05.2023 17:44,Within SLA,01.06.2023 11:31,Within SLA,,6.0,,Ready to use Software,Tier 1,United Kingdom,55.378052,-3.435973,0
Resolved,2232,Low,Email,Product setup,1st line support,Nicola Wane,31.05.2023 22:08,02.06.2023 22:08,31.05.2023 23:08,31.05.2023 22:12,Within SLA,01.06.2023 21:29,Within SLA,,5.0,,Custom software development,Tier 1,France,48.864716,2.349014,0
Resolved,2233,Low,Chat,Product setup,2nd line support,Heather Urry,31.05.2023 09:43,01.06.2023 09:43,31.05.2023 09:45,31.05.2023 09:43,Within SLA,01.06.2023 04:46,Within SLA,,4.0,,Ready to use Software,Tier 2,Germany,51.165691,10.451526,0
Resolved,2234,Low,Chat,Product setup,2nd line support,Michele Whyatt,31.05.2023 01:43,01.06.2023 01:43,31.05.2023 01:45,31.05.2023 01:43,Within SLA,31.05.2023 20:29,Within SLA,,6.0,,Ready to use Software,Tier 2,Germany,51.165691,10.451526,0
Closed,2235,Low,Chat,Other,2nd line support,Adolpho Messingham,31.05.2023 15:37,01.06.2023 15:37,31.05.2023 15:39,31.05.2023 15:38,Within SLA,31.05.2023 15:58,Within SLA,07.06.2023 20:31,5.0,1.0,Custom software development,Tier 2,Czech Republic,49.8037633,15.4749126,1
Resolved,2236,Medium,Phone,Pricing and licensing,1st line support,Bernard Beckley,31.05.2023 00:42,02.06.2023 00:42,31.05.2023 00:44,31.05.2023 00:44,Within SLA,2023-05-31 15:33:16.078,Within SLA,,1.0,,Ready to use Software,Tier 1,Germany,51.165691,10.451526,0
Resolved,2237,Low,Email,Feature request,1st line support,Connor Danielovitch,31.05.2023 05:35,02.06.2023 05:35,31.05.2023 06:35,31.05.2023 06:33,Within SLA,01.06.2023 13:32,Within SLA,,2.0,,Ready to use Software,Tier 1,Greece,39.368279,21.863141,0
In progress,2238,High,Email,Feature request,1st line support,Sheela Cutten,31.05.2023 15:30,02.06.2023 15:30,31.05.2023 16:30,31.05.2023 16:09,Within SLA,,SLA Violated,,5.0,,Other,Tier 1,France,48.864716,2.349014,0
Closed,2239,Low,Chat,Feature request,1st line support,Nicola Wane,31.05.2023 07:51,01.06.2023 07:51,31.05.2023 07:53,31.05.2023 07:56,SLA Violated,31.05.2023 23:24,Within SLA,07.06.2023 23:48,9.0,4.0,Ready to use Software,Tier 1,Germany,51.165691,10.451526,1
Resolved,2240,Low,Email,Product setup,1st line support,Bernard Beckley,31.05.2023 18:01,02.06.2023 18:01,31.05.2023 19:01,31.05.2023 18:40,Within SLA,01.06.2023 10:28,Within SLA,,1.0,,Training and Consulting Services,Tier 1,United Kingdom,55.378052,-3.435973,0
Closed,2241,Medium,Chat,Feature request,1st line support,Connor Danielovitch,01.06.2023 09:58,02.06.2023 09:58,01.06.2023 10:00,01.06.2023 09:58,Within SLA,01.06.2023 10:14,Within SLA,08.06.2023 03:00,6.0,5.0,Custom software development,Tier 1,Austria,47.6964719,13.3457347,1
In progress,2242,Low,Email,Bug report,1st line support,Connor Danielovitch,01.06.2023 06:03,03.06.2023 06:03,01.06.2023 07:03,01.06.2023 06:19,Within SLA,,SLA Violated,,3.0,,Ready to use Software,Tier 1,Poland,52.536273,19.050639,0
Resolved,2243,High,Chat,Feature request,2nd line support,Adolpho Messingham,01.06.2023 07:22,02.06.2023 07:22,01.06.2023 07:24,01.06.2023 07:24,Within SLA,01.06.2023 15:00,Within SLA,,4.0,,Ready to use Software,Tier 2,Czech Republic,49.8037633,15.4749126,0
Closed,2244,High,Chat,Feature request,2nd line support,Heather Urry,01.06.2023 23:48,02.06.2023 23:48,01.06.2023 23:50,01.06.2023 23:49,Within SLA,02.06.2023 18:18,Within SLA,06.06.2023 07:24,3.0,3.0,Ready to use Software,Tier 2,Poland,52.536273,19.050639,1
In progress,2245,High,Chat,Product setup,1st line support,Bernard Beckley,01.06.2023 17:36,02.06.2023 17:36,01.06.2023 17:38,01.06.2023 17:36,Within SLA,,SLA Violated,,6.0,,Other,Tier 1,Bulgaria,42.7249925,25.4833039,0
In progress,2246,Low,Chat,Feature request,1st line support,Connor Danielovitch,02.06.2023 15:45,03.06.2023 15:45,02.06.2023 15:47,02.06.2023 15:47,Within SLA,,SLA Violated,,4.0,,Other,Tier 1,Slovenia,46.1491664,14.9860106,0
Resolved,2247,Low,Phone,Purchasing and invoicing,1st line support,Nicola Wane,02.06.2023 00:48,04.06.2023 00:48,02.06.2023 00:50,02.06.2023 00:49,Within SLA,2023-06-03 14:05:54.093,Within SLA,,1.0,,Ready to use Software,Tier 1,United Kingdom,55.378052,-3.435973,0
In progress,2248,Low,Phone,Product setup,2nd line support,Adolpho Messingham,02.06.2023 16:43,04.06.2023 16:43,02.06.2023 16:45,02.06.2023 16:46,SLA Violated,,SLA Violated,,3.0,,Ready to use Software,Tier 2,Republic of Ireland,53.094024,-8.019675,0
Closed,2249,Low,Chat,Pricing and licensing,1st line support,Connor Danielovitch,02.06.2023 17:57,03.06.2023 17:57,02.06.2023 17:59,02.06.2023 17:57,Within SLA,05.06.2023 21:53,SLA Violated,06.06.2023 03:42,3.0,5.0,Other,Tier 1,Germany,51.165691,10.451526,1
Closed,2250,Low,Chat,Purchasing and invoicing,1st line support,Kristos Westoll,02.06.2023 03:33,03.06.2023 03:33,02.06.2023 03:35,02.06.2023 03:34,Within SLA,06.06.2023 09:54,SLA Violated,07.06.2023 04:57,3.0,5.0,Custom software development,Tier 1,Italy,43.036776,12.678565,1
Closed,2251,Low,Email,Purchasing and invoicing,2nd line support,Michele Whyatt,02.06.2023 11:24,04.06.2023 11:24,02.06.2023 12:24,02.06.2023 11:33,Within SLA,04.06.2023 00:02,Within SLA,07.06.2023 17:29,1.0,2.0,Custom software development,Tier 2,Czech Republic,49.8037633,15.4749126,1
Resolved,2252,Low,Email,Product setup,1st line support,Bernard Beckley,03.06.2023 09:56,05.06.2023 09:56,03.06.2023 10:56,03.06.2023 10:54,Within SLA,05.06.2023 05:58,Within SLA,,10.0,,Ready to use Software,Tier 1,Republic of Ireland,53.094024,-8.019675,0
Closed,2253,Medium,Chat,Pricing and Licensing,1st line support,Bernard Beckley,03.06.2023 10:52,04.06.2023 10:52,03.06.2023 10:54,03.06.2023 10:52,Within SLA,03.06.2023 12:12,Within SLA,07.06.2023 23:17,8.0,4.0,Custom software development,Tier 1,Italy,43.036776,12.678565,1
Resolved,2254,Low,Chat,Bug report,1st line support,Sheela Cutten,03.06.2023 00:48,04.06.2023 00:48,03.06.2023 00:50,2023-06-03 00:53:21.064,SLA Violated,03.06.2023 13:44,Within SLA,,4.0,,Training and Consulting Services,Tier 1,Poland,52.536273,19.050639,0
Resolved,2255,Low,Chat,Feature request,1st line support,Bernard Beckley,03.06.2023 05:01,04.06.2023 05:01,03.06.2023 05:03,03.06.2023 05:01,Within SLA,04.06.2023 01:34,Within SLA,,5.0,,Ready to use Software,Tier 1,France,48.864716,2.349014,0
Closed,2267,Low,Email,Pricing and licensing,1st line support,Connor Danielovitch,04.06.2023 05:31,06.06.2023 05:31,04.06.2023 06:31,04.06.2023 05:48,Within SLA,04.06.2023 12:44,Within SLA,07.06.2023 16:20,9.0,5.0,Ready to use Software,Tier 1,United Kingdom,55.378052,-3.435973,1
Closed,2268,Medium,Email,Other,1st line support,Sheela Cutten,04.06.2023 18:21,06.06.2023 18:21,04.06.2023 19:21,04.06.2023 18:49,Within SLA,06.06.2023 13:09,Within SLA,08.06.2023 04:11,2.0,2.0,Other,Tier 1,Republic of Ireland,53.094024,-8.019675,1
Closed,2269,Medium,Email,Product setup,1st line support,Connor Danielovitch,04.06.2023 12:39,06.06.2023 12:39,04.06.2023 13:39,04.06.2023 13:20,Within SLA,05.06.2023 14:27,Within SLA,06.06.2023 16:24,2.0,4.0,Ready to use Software,Tier 1,Poland,52.536273,19.050639,1
Closed,2270,Low,Email,Pricing and licensing,1st line support,Nicola Wane,05.06.2023 16:13,07.06.2023 16:13,05.06.2023 17:13,05.06.2023 16:51,Within SLA,06.06.2023 00:13,Within SLA,08.06.2023 03:47,10.0,1.0,Ready to use Software,Tier 1,Poland,52.536273,19.050639,1
Resolved,2271,Low,Chat,Purchasing and invoicing,1st line support,Kristos Westoll,05.06.2023 07:21,06.06.2023 07:21,05.06.2023 07:23,05.06.2023 07:26,SLA Violated,10.06.2023 05:24,SLA Violated,,4.0,,Ready to use Software,Tier 1,Greece,39.368279,21.863141,0
Closed,2272,Low,Email,Product setup,1st line support,Connor Danielovitch,05.06.2023 10:43,07.06.2023 10:43,05.06.2023 11:43,05.06.2023 11:24,Within SLA,07.06.2023 12:00,SLA Violated,08.06.2023 08:57,3.0,5.0,Other,Tier 1,Republic of Ireland,53.094024,-8.019675,1
Closed,2273,Medium,Chat,Pricing and licensing,1st line support,Connor Danielovitch,05.06.2023 03:19,06.06.2023 03:19,05.06.2023 03:21,05.06.2023 03:20,Within SLA,05.06.2023 10:25,Within SLA,08.06.2023 05:15,5.0,3.0,Training and Consulting Services,Tier 1,United Kingdom,55.378052,-3.435973,1
Closed,2274,Low,Email,Purchasing and invoicing,2nd line support,Adolpho Messingham,05.06.2023 04:41,07.06.2023 04:41,05.06.2023 05:41,05.06.2023 04:53,Within SLA,06.06.2023 22:59,Within SLA,09.06.2023 15:39,1.0,1.0,Other,Tier 2,Slovenia,46.1491664,14.9860106,1
Resolved,2275,Low,Chat,Bug report,1st line support,Kristos Westoll,05.06.2023 05:03,06.06.2023 05:03,05.06.2023 05:05,05.06.2023 05:04,Within SLA,05.06.2023 23:44,Within SLA,,6.0,,Custom software development,Tier 1,Slovenia,46.1491664,14.9860106,0
In progress,2276,Medium,Chat,Purchasing and invoicing,1st line support,Bernard Beckley,05.06.2023 09:11,06.06.2023 09:11,05.06.2023 09:13,05.06.2023 09:13,Within SLA,,SLA Violated,,6.0,,Ready to use Software,Tier 1,Republic of Ireland,53.094024,-8.019675,0
Closed,2277,Medium,Chat,Product setup,1st line support,Nicola Wane,05.06.2023 01:52,06.06.2023 01:52,05.06.2023 01:54,05.06.2023 01:54,Within SLA,08.06.2023 16:01,SLA Violated,09.06.2023 06:44,6.0,3.0,Ready to use Software,Tier 1,Austria,47.6964719,13.3457347,1
Closed,2278,Medium,Email,Purchasing and invoicing,1st line support,Sheela Cutten,06.06.2023 14:36,08.06.2023 14:36,06.06.2023 15:36,2023-06-06 15:05:14.012,Within SLA,06.06.2023 15:35,Within SLA,09.06.2023 08:15,2.0,5.0,Ready to use Software,Tier 1,Spain,39.67337,-4.767726,1
Closed,2279,Low,Email,Other,1st line support,Sheela Cutten,06.06.2023 01:49,08.06.2023 01:49,06.06.2023 02:49,2023-06-06 02:31:18.018,Within SLA,06.06.2023 13:23,Within SLA,10.06.2023 19:47,7.0,4.0,Training and Consulting Services,Tier 1,Republic of Ireland,53.094024,-8.019675,1
Closed,2280,Low,Email,Purchasing and invoicing,1st line support,Kristos Westoll,06.06.2023 00:04,08.06.2023 00:04,06.06.2023 01:04,06.06.2023 00:59,Within SLA,06.06.2023 09:35,Within SLA,09.06.2023 06:23,6.0,5.0,Ready to use Software,Tier 1,Spain,39.67337,-4.767726,1
Closed,2281,Medium,Email,Purchasing and invoicing,1st line support,Nicola Wane,06.06.2023 11:24,08.06.2023 11:24,06.06.2023 12:24,06.06.2023 12:08,Within SLA,11.06.2023 04:04,SLA Violated,11.06.2023 07:47,3.0,5.0,Other,Tier 1,Italy,43.036776,12.678565,1
Resolved,2282,Low,Phone,Pricing and licensing,1st line support,Bernard Beckley,06.06.2023 21:13,08.06.2023 21:13,06.06.2023 21:15,06.06.2023 21:18,SLA Violated,07.06.2023 15:28,Within SLA,,3.0,,Custom software development,Tier 1,Greece,39.368279,21.863141,0
In progress,2283,Low,Chat,Feature request,1st line support,Nicola Wane,06.06.2023 17:27,07.06.2023 17:27,06.06.2023 17:29,06.06.2023 17:32,SLA Violated,,SLA Violated,,6.0,,Custom software development,Tier 1,Slovenia,46.1491664,14.9860106,0
Resolved,2284,Medium,Phone,Pricing and licensing,1st line support,Sheela Cutten,06.06.2023 21:50,08.06.2023 21:50,06.06.2023 21:52,06.06.2023 21:52,Within SLA,07.06.2023 19:08,Within SLA,,4.0,,Other,Tier 1,Italy,43.036776,12.678565,0
Closed,2285,Medium,Phone,Product setup,1st line support,Kristos Westoll,06.06.2023 06:29,08.06.2023 06:29,06.06.2023 06:31,06.06.2023 06:30,Within SLA,07.06.2023 19:55,Within SLA,08.06.2023 07:34,1.0,2.0,Ready to use Software,Tier 1,United Kingdom,55.378052,-3.435973,1
Closed,2287,Medium,Email,Feature request,1st line support,Bernard Beckley,06.06.2023 13:23,08.06.2023 13:23,06.06.2023 14:23,06.06.2023 13:35,Within SLA,07.06.2023 12:50,Within SLA,13.06.2023 10:43,3.0,5.0,Ready to use Software,Tier 1,Spain,39.67337,-4.767726,1
Resolved,2288,Low,Chat,Product setup,2nd line support,Michele Whyatt,06.06.2023 11:06,07.06.2023 11:06,06.06.2023 11:08,06.06.2023 11:06,Within SLA,2023-06-07 05:14:52.075,Within SLA,,8.0,,Other,Tier 2,Austria,47.6964719,13.3457347,0
Closed,2289,Medium,Chat,Pricing and Licensing,1st line support,Bernard Beckley,07.06.2023 19:00,08.06.2023 19:00,07.06.2023 19:02,07.06.2023 19:02,Within SLA,08.06.2023 15:23,Within SLA,12.06.2023 19:42,4.0,4.0,Custom software development,Tier 1,Poland,52.536273,19.050639,1
Resolved,2290,Low,Email,Pricing and Licensing,1st line support,Connor Danielovitch,07.06.2023 18:11,09.06.2023 18:11,07.06.2023 19:11,07.06.2023 18:34,Within SLA,07.06.2023 19:13,Within SLA,,3.0,,Custom software development,Tier 1,Bulgaria,42.7249925,25.4833039,0
Closed,2291,Medium,Email,Pricing and licensing,1st line support,Nicola Wane,07.06.2023 20:16,09.06.2023 20:16,07.06.2023 21:16,08.06.2023 03:57,SLA Violated,2023-06-08 03:43:35.095,Within SLA,10.06.2023 16:33,1.0,4.0,Ready to use Software,Tier 1,Czech Republic,49.8037633,15.4749126,1
Closed,2293,Low,Email,Purchasing and invoicing,2nd line support,Adolpho Messingham,07.06.2023 14:19,09.06.2023 14:19,07.06.2023 15:19,07.06.2023 15:09,Within SLA,07.06.2023 19:33,Within SLA,11.06.2023 04:53,3.0,5.0,Other,Tier 2,France,48.864716,2.349014,1
In progress,2294,Medium,Chat,Product setup,1st line support,Connor Danielovitch,07.06.2023 20:19,08.06.2023 20:19,07.06.2023 20:21,07.06.2023 20:21,Within SLA,,SLA Violated,,9.0,,Training and Consulting Services,Tier 1,United Kingdom,55.378052,-3.435973,0
In progress,2295,Low,Chat,Product setup,1st line support,Sheela Cutten,07.06.2023 10:55,08.06.2023 10:55,07.06.2023 10:57,07.06.2023 10:56,Within SLA,,SLA Violated,,6.0,,Other,Tier 1,Poland,52.536273,19.050639,0
Resolved,2296,Low,Email,Pricing and licensing,1st line support,Sheela Cutten,07.06.2023 11:43,09.06.2023 11:43,07.06.2023 12:43,2023-06-07 12:37:01.018,Within SLA,07.06.2023 18:16,Within SLA,,7.0,,Ready to use Software,Tier 1,Poland,52.536273,19.050639,0
Resolved,2297,High,Chat,Pricing and licensing,1st line support,Nicola Wane,07.06.2023 00:04,08.06.2023 00:04,07.06.2023 00:06,07.06.2023 00:04,Within SLA,07.06.2023 06:54,Within SLA,,6.0,,Other,Tier 1,Czech Republic,49.8037633,15.4749126,0
In progress,2298,Low,Email,Purchasing and invoicing,2nd line support,Michele Whyatt,07.06.2023 02:16,09.06.2023 02:16,07.06.2023 03:16,07.06.2023 03:03,Within SLA,,SLA Violated,,3.0,,Custom software development,Tier 2,Poland,52.536273,19.050639,0
Closed,2299,High,Email,Product setup,2nd line support,Heather Urry,08.06.2023 15:54,10.06.2023 15:54,08.06.2023 16:54,08.06.2023 16:20,Within SLA,10.06.2023 01:10,Within SLA,14.06.2023 13:40,1.0,4.0,Custom software development,Tier 2,Germany,51.165691,10.451526,1
Closed,2300,Low,Email,Feature request,2nd line support,Adolpho Messingham,08.06.2023 03:34,10.06.2023 03:34,08.06.2023 04:34,08.06.2023 03:44,Within SLA,09.06.2023 05:49,Within SLA,10.06.2023 03:47,1.0,2.0,Custom software development,Tier 2,Bulgaria,42.7249925,25.4833039,1
Closed,2301,Medium,Email,Feature request,1st line support,Bernard Beckley,08.06.2023 16:52,10.06.2023 16:52,08.06.2023 17:52,08.06.2023 17:48,Within SLA,14.06.2023 04:55,SLA Violated,16.06.2023 00:03,3.0,4.0,Custom software development,Tier 1,Republic of Ireland,53.094024,-8.019675,1
In progress,2302,Low,Chat,Pricing and Licensing,1st line support,Connor Danielovitch,08.06.2023 00:17,09.06.2023 00:17,08.06.2023 00:19,08.06.2023 00:18,Within SLA,,SLA Violated,,8.0,,Custom software development,Tier 1,France,48.864716,2.349014,0
In progress,2304,Low,Email,Pricing and Licensing,1st line support,Nicola Wane,09.06.2023 20:18,11.06.2023 20:18,09.06.2023 21:18,2023-06-09 21:00:30.099,Within SLA,,SLA Violated,,1.0,,Custom software development,Tier 1,United Kingdom,55.378052,-3.435973,0
Closed,2305,Low,Email,Pricing and licensing,1st line support,Sheela Cutten,09.06.2023 15:57,11.06.2023 15:57,09.06.2023 16:57,09.06.2023 16:12,Within SLA,11.06.2023 11:37,Within SLA,11.06.2023 07:11,10.0,5.0,Training and Consulting Services,Tier 1,Poland,52.536273,19.050639,1
Closed,2306,Low,Chat,Product setup,2nd line support,Heather Urry,09.06.2023 23:12,10.06.2023 23:12,09.06.2023 23:14,09.06.2023 23:13,Within SLA,10.06.2023 02:15,Within SLA,14.06.2023 09:57,7.0,3.0,Custom software development,Tier 2,Italy,43.036776,12.678565,1
In progress,2307,High,Email,Bug report,2nd line support,Adolpho Messingham,09.06.2023 00:30,11.06.2023 00:30,09.06.2023 01:30,09.06.2023 00:36,Within SLA,,SLA Violated,,2.0,,Ready to use Software,Tier 2,Austria,47.6964719,13.3457347,0
Closed,2309,Low,Chat,Bug report,2nd line support,Adolpho Messingham,09.06.2023 15:51,10.06.2023 15:51,09.06.2023 15:53,09.06.2023 15:54,SLA Violated,10.06.2023 00:04,Within SLA,09.06.2023 22:14,3.0,3.0,Custom software development,Tier 2,Greece,39.368279,21.863141,1
Closed,2310,Low,Chat,Bug report,1st line support,Connor Danielovitch,09.06.2023 13:39,10.06.2023 13:39,09.06.2023 13:41,2023-06-09 13:41:25.081,Within SLA,09.06.2023 16:01,Within SLA,13.06.2023 20:23,60.0,3.0,Training and Consulting Services,Tier 1,Germany,51.165691,10.451526,1
Closed,2311,High,Email,Pricing and Licensing,1st line support,Kristos Westoll,09.06.2023 15:21,11.06.2023 15:21,09.06.2023 16:21,09.06.2023 15:37,Within SLA,10.06.2023 01:55,Within SLA,11.06.2023 23:11,1.0,5.0,Custom software development,Tier 1,Republic of Ireland,53.094024,-8.019675,1
In progress,2313,Low,Email,Pricing and Licensing,1st line support,Kristos Westoll,10.06.2023 03:28,12.06.2023 03:28,10.06.2023 04:28,2023-06-10 03:36:28.009,Within SLA,,SLA Violated,,10.0,,Custom software development,Tier 1,Austria,47.6964719,13.3457347,0
Resolved,2321,Medium,Chat,Product setup,2nd line support,Heather Urry,10.06.2023 05:14,11.06.2023 05:14,10.06.2023 05:16,10.06.2023 05:15,Within SLA,10.06.2023 16:07,Within SLA,,6.0,,Ready to use Software,Tier 2,France,48.864716,2.349014,0
Resolved,2322,Low,Chat,Feature request,1st line support,Connor Danielovitch,10.06.2023 15:57,11.06.2023 15:57,10.06.2023 15:59,10.06.2023 15:59,Within SLA,11.06.2023 10:32,Within SLA,,5.0,,Ready to use Software,Tier 1,France,48.864716,2.349014,0
Closed,2323,Low,Email,Product setup,2nd line support,Heather Urry,10.06.2023 02:58,12.06.2023 02:58,10.06.2023 03:58,10.06.2023 10:20,SLA Violated,11.06.2023 15:01,Within SLA,16.06.2023 15:31,2.0,5.0,Training and Consulting Services,Tier 2,France,48.864716,2.349014,1
Resolved,2324,High,Phone,Product setup,1st line support,Sheela Cutten,10.06.2023 03:37,12.06.2023 03:37,10.06.2023 03:39,10.06.2023 03:38,Within SLA,10.06.2023 09:37,Within SLA,,1.0,,Training and Consulting Services,Tier 1,Czech Republic,49.8037633,15.4749126,0
Resolved,2325,Low,Email,Pricing and licensing,2nd line support,Heather Urry,11.06.2023 17:44,13.06.2023 17:44,11.06.2023 18:44,11.06.2023 18:11,Within SLA,13.06.2023 04:25,Within SLA,,8.0,,Ready to use Software,Tier 2,Slovenia,46.1491664,14.9860106,0
Closed,2332,Medium,Chat,Pricing and licensing,1st line support,Connor Danielovitch,12.06.2023 18:07,13.06.2023 18:07,12.06.2023 18:09,12.06.2023 18:09,Within SLA,12.06.2023 23:16,Within SLA,15.06.2023 05:04,6.0,4.0,Other,Tier 1,Poland,52.536273,19.050639,1
Closed,2333,Low,Chat,Purchasing and invoicing,2nd line support,Adolpho Messingham,12.06.2023 08:43,13.06.2023 08:43,12.06.2023 08:45,12.06.2023 08:44,Within SLA,2023-06-13 06:10:37.003,Within SLA,2023-06-15 23:36:06.006,6.0,1.0,Ready to use Software,Tier 2,Greece,39.368279,21.863141,1
Resolved,2334,Low,Chat,Pricing and licensing,2nd line support,Michele Whyatt,12.06.2023 18:04,13.06.2023 18:04,12.06.2023 18:06,12.06.2023 18:05,Within SLA,16.06.2023 06:26,SLA Violated,,4.0,,Ready to use Software,Tier 2,Spain,39.67337,-4.767726,0
Closed,2335,Low,Email,Bug report,1st line support,Bernard Beckley,12.06.2023 14:05,14.06.2023 14:05,12.06.2023 15:05,12.06.2023 14:16,Within SLA,13.06.2023 19:56,Within SLA,18.06.2023 11:38,3.0,5.0,Ready to use Software,Tier 1,Republic of Ireland,53.094024,-8.019675,1
In progress,2336,Low,Email,Purchasing and invoicing,1st line support,Nicola Wane,12.06.2023 04:41,14.06.2023 04:41,12.06.2023 05:41,12.06.2023 05:32,Within SLA,,SLA Violated,,1.0,,Other,Tier 1,United Kingdom,55.378052,-3.435973,0
In progress,2337,Low,Chat,Feature request,2nd line support,Adolpho Messingham,12.06.2023 20:04,13.06.2023 20:04,12.06.2023 20:06,12.06.2023 20:05,Within SLA,,SLA Violated,,3.0,,Ready to use Software,Tier 2,Czech Republic,49.8037633,15.4749126,0
Resolved,2338,Low,Chat,Purchasing and invoicing,1st line support,Sheela Cutten,12.06.2023 17:39,13.06.2023 17:39,12.06.2023 17:41,12.06.2023 17:41,Within SLA,13.06.2023 10:42,Within SLA,,5.0,,Other,Tier 1,United Kingdom,55.378052,-3.435973,0
Closed,2339,Low,Email,Pricing and licensing,2nd line support,Adolpho Messingham,12.06.2023 02:59,14.06.2023 02:59,12.06.2023 03:59,12.06.2023 03:54,Within SLA,13.06.2023 07:09,Within SLA,16.06.2023 17:07,8.0,3.0,Custom software development,Tier 2,United Kingdom,55.378052,-3.435973,1
Closed,2340,Medium,Email,Pricing and licensing,2nd line support,Heather Urry,13.06.2023 11:58,15.06.2023 11:58,13.06.2023 12:58,13.06.2023 12:28,Within SLA,14.06.2023 19:51,Within SLA,14.06.2023 02:08,9.0,2.0,Custom software development,Tier 2,Italy,43.036776,12.678565,1
Resolved,2341,High,Chat,Feature request,2nd line support,Adolpho Messingham,13.06.2023 15:33,14.06.2023 15:33,13.06.2023 15:35,13.06.2023 15:35,Within SLA,13.06.2023 19:30,Within SLA,,60.0,,Other,Tier 2,Italy,43.036776,12.678565,0
Closed,2342,Low,Email,Feature request,1st line support,Sheela Cutten,13.06.2023 07:16,15.06.2023 07:16,13.06.2023 08:16,13.06.2023 10:44,SLA Violated,2023-06-14 18:46:17.045,Within SLA,16.06.2023 20:37,2.0,4.0,Ready to use Software,Tier 1,Germany,51.165691,10.451526,1
Closed,2343,High,Email,Purchasing and invoicing,1st line support,Kristos Westoll,13.06.2023 08:41,15.06.2023 08:41,13.06.2023 09:41,13.06.2023 09:30,Within SLA,15.06.2023 16:27,SLA Violated,16.06.2023 17:08,3.0,5.0,Custom software development,Tier 1,Greece,39.368279,21.863141,1
Closed,2344,Low,Chat,Feature request,1st line support,Bernard Beckley,13.06.2023 17:13,14.06.2023 17:13,13.06.2023 17:15,13.06.2023 17:14,Within SLA,14.06.2023 14:51,Within SLA,18.06.2023 03:31,6.0,5.0,Ready to use Software,Tier 1,Czech Republic,49.8037633,15.4749126,1
Closed,2345,Low,Email,Product setup,1st line support,Connor Danielovitch,13.06.2023 09:35,15.06.2023 09:35,13.06.2023 10:35,13.06.2023 09:55,Within SLA,14.06.2023 10:40,Within SLA,19.06.2023 07:46,3.0,4.0,Ready to use Software,Tier 1,France,48.864716,2.349014,1
Resolved,2346,Low,Email,Product setup,1st line support,Connor Danielovitch,13.06.2023 13:58,15.06.2023 13:58,13.06.2023 14:58,13.06.2023 14:20,Within SLA,14.06.2023 23:28,Within SLA,,9.0,,Ready to use Software,Tier 1,Germany,51.165691,10.451526,0
Closed,2347,Medium,Email,Bug report,1st line support,Kristos Westoll,13.06.2023 01:46,15.06.2023 01:46,13.06.2023 02:46,13.06.2023 01:54,Within SLA,13.06.2023 20:42,Within SLA,18.06.2023 15:49,8.0,4.0,Custom software development,Tier 1,Poland,52.536273,19.050639,1
Closed,2348,Low,Chat,Pricing and licensing,1st line support,Sheela Cutten,14.06.2023 03:36,15.06.2023 03:36,14.06.2023 03:38,14.06.2023 03:38,Within SLA,15.06.2023 03:32,Within SLA,18.06.2023 17:18,3.0,4.0,Ready to use Software,Tier 1,Republic of Ireland,53.094024,-8.019675,1
Resolved,2349,Low,Phone,Purchasing and invoicing,1st line support,Nicola Wane,14.06.2023 05:05,16.06.2023 05:05,14.06.2023 05:07,14.06.2023 05:10,SLA Violated,15.06.2023 01:06,Within SLA,,6.0,,Ready to use Software,Tier 1,Germany,51.165691,10.451526,0
Resolved,2350,Medium,Email,Feature request,1st line support,Sheela Cutten,14.06.2023 14:13,16.06.2023 14:13,14.06.2023 15:13,14.06.2023 15:01,Within SLA,15.06.2023 04:54,Within SLA,,6.0,,Ready to use Software,Tier 1,Germany,51.165691,10.451526,0
Closed,2351,Low,Phone,Product setup,2nd line support,Adolpho Messingham,14.06.2023 07:37,16.06.2023 07:37,14.06.2023 07:39,14.06.2023 07:39,Within SLA,15.06.2023 11:12,Within SLA,20.06.2023 18:01,7.0,1.0,Ready to use Software,Tier 2,Republic of Ireland,53.094024,-8.019675,1
Resolved,2352,High,Email,Training request,2nd line support,Michele Whyatt,14.06.2023 19:25,16.06.2023 19:25,14.06.2023 20:25,14.06.2023 19:27,Within SLA,19.06.2023 15:23,SLA Violated,,10.0,,Training and Consulting Services,Tier 2,Bulgaria,42.7249925,25.4833039,0
Closed,2353,Medium,Email,Product setup,1st line support,Nicola Wane,14.06.2023 08:44,16.06.2023 08:44,14.06.2023 09:44,14.06.2023 11:05,SLA Violated,16.06.2023 11:16,SLA Violated,17.06.2023 02:19,3.0,3.0,Training and Consulting Services,Tier 1,United Kingdom,55.378052,-3.435973,1
Closed,2354,Medium,Email,Bug report,1st line support,Sheela Cutten,14.06.2023 03:27,16.06.2023 03:27,14.06.2023 04:27,14.06.2023 03:38,Within SLA,15.06.2023 19:29,Within SLA,19.06.2023 21:50,9.0,4.0,Ready to use Software,Tier 1,Czech Republic,49.8037633,15.4749126,1
In progress,2355,Medium,Chat,Pricing and licensing,2nd line support,Heather Urry,15.06.2023 07:44,16.06.2023 07:44,15.06.2023 07:46,15.06.2023 07:45,Within SLA,,SLA Violated,,7.0,,Ready to use Software,Tier 2,Austria,47.6964719,13.3457347,0
Closed,2356,Medium,Chat,Feature request,2nd line support,Michele Whyatt,15.06.2023 09:33,16.06.2023 09:33,15.06.2023 09:35,2023-06-15 09:38:33.077,SLA Violated,16.06.2023 02:03,Within SLA,17.06.2023 23:06,6.0,3.0,Other,Tier 2,Slovenia,46.1491664,14.9860106,1
In progress,2357,High,Email,Feature request,2nd line support,Michele Whyatt,15.06.2023 03:11,17.06.2023 03:11,15.06.2023 04:11,15.06.2023 03:36,Within SLA,,SLA Violated,,5.0,,Custom software development,Tier 2,United Kingdom,55.378052,-3.435973,0
Closed,2358,Medium,Email,Product setup,2nd line support,Heather Urry,15.06.2023 19:11,17.06.2023 19:11,15.06.2023 20:11,15.06.2023 20:05,Within SLA,16.06.2023 16:58,Within SLA,18.06.2023 08:52,8.0,1.0,Training and Consulting Services,Tier 2,Republic of Ireland,53.094024,-8.019675,1
Closed,2359,Low,Chat,Product setup,2nd line support,Adolpho Messingham,15.06.2023 03:22,16.06.2023 03:22,15.06.2023 03:24,2023-06-15 03:24:14.005,Within SLA,15.06.2023 10:47,Within SLA,16.06.2023 09:47,4.0,3.0,Custom software development,Tier 2,France,48.864716,2.349014,1
Closed,2360,Low,Chat,Training request,1st line support,Nicola Wane,15.06.2023 12:47,16.06.2023 12:47,15.06.2023 12:49,15.06.2023 12:48,Within SLA,16.06.2023 08:59,Within SLA,18.06.2023 23:26,6.0,4.0,Training and Consulting Services,Tier 1,Germany,51.165691,10.451526,1
Resolved,2361,Low,Email,Feature request,2nd line support,Heather Urry,15.06.2023 01:48,17.06.2023 01:48,15.06.2023 02:48,15.06.2023 02:17,Within SLA,15.06.2023 05:51,Within SLA,,2.0,,Ready to use Software,Tier 2,Greece,39.368279,21.863141,0
Closed,2362,Medium,Email,Training request,2nd line support,Heather Urry,15.06.2023 21:46,17.06.2023 21:46,15.06.2023 22:46,15.06.2023 22:31,Within SLA,17.06.2023 08:17,Within SLA,2023-06-16 17:08:56.061,10.0,2.0,Training and Consulting Services,Tier 2,Poland,52.536273,19.050639,1
Resolved,2363,Medium,Email,Feature request,2nd line support,Adolpho Messingham,15.06.2023 00:54,17.06.2023 00:54,15.06.2023 01:54,15.06.2023 01:43,Within SLA,16.06.2023 20:27,Within SLA,,7.0,,Custom software development,Tier 2,United Kingdom,55.378052,-3.435973,0
Resolved,2364,Low,Email,Feature request,1st line support,Connor Danielovitch,16.06.2023 21:52,18.06.2023 21:52,16.06.2023 22:52,16.06.2023 22:45,Within SLA,21.06.2023 13:03,SLA Violated,,1.0,,Custom software development,Tier 1,Czech Republic,49.8037633,15.4749126,0
Closed,2365,Medium,Email,Purchasing and invoicing,1st line support,Sheela Cutten,16.06.2023 11:53,18.06.2023 11:53,16.06.2023 12:53,16.06.2023 12:23,Within SLA,18.06.2023 01:37,Within SLA,2023-06-20 09:46:21.072,1.0,4.0,Ready to use Software,Tier 1,Republic of Ireland,53.094024,-8.019675,1
Closed,2366,High,Email,Other,1st line support,Kristos Westoll,16.06.2023 15:52,18.06.2023 15:52,16.06.2023 16:52,16.06.2023 16:28,Within SLA,18.06.2023 14:06,Within SLA,20.06.2023 00:34,5.0,5.0,Ready to use Software,Tier 1,Greece,39.368279,21.863141,1
Closed,2367,Low,Chat,Product setup,1st line support,Kristos Westoll,16.06.2023 09:59,17.06.2023 09:59,16.06.2023 10:01,16.06.2023 10:01,Within SLA,16.06.2023 14:30,Within SLA,24.06.2023 02:53,3.0,4.0,Ready to use Software,Tier 1,Greece,39.368279,21.863141,1
Resolved,2368,Low,Email,Pricing and licensing,1st line support,Connor Danielovitch,16.06.2023 16:30,18.06.2023 16:30,16.06.2023 17:30,16.06.2023 17:35,SLA Violated,20.06.2023 04:22,SLA Violated,,1.0,,Custom software development,Tier 1,Republic of Ireland,53.094024,-8.019675,0
In progress,2369,Low,Chat,Product setup,2nd line support,Michele Whyatt,16.06.2023 06:07,17.06.2023 06:07,16.06.2023 06:09,16.06.2023 06:09,Within SLA,,SLA Violated,,4.0,,Custom software development,Tier 2,France,48.864716,2.349014,0
Closed,2370,Low,Email,Pricing and Licensing,1st line support,Bernard Beckley,16.06.2023 14:52,18.06.2023 14:52,16.06.2023 15:52,16.06.2023 15:42,Within SLA,17.06.2023 11:22,Within SLA,17.06.2023 04:17,10.0,4.0,Custom software development,Tier 1,Greece,39.368279,21.863141,1
In progress,2371,Medium,Email,Purchasing and invoicing,2nd line support,Adolpho Messingham,16.06.2023 18:36,18.06.2023 18:36,16.06.2023 19:36,16.06.2023 18:46,Within SLA,,SLA Violated,,1.0,,Ready to use Software,Tier 2,Republic of Ireland,53.094024,-8.019675,0
Resolved,2372,Low,Chat,Pricing and licensing,1st line support,Bernard Beckley,16.06.2023 18:14,17.06.2023 18:14,16.06.2023 18:16,16.06.2023 18:14,Within SLA,17.06.2023 04:48,Within SLA,,3.0,,Ready to use Software,Tier 1,Spain,39.67337,-4.767726,0
Closed,2373,High,Email,Bug report,1st line support,Sheela Cutten,16.06.2023 03:03,18.06.2023 03:03,16.06.2023 04:03,16.06.2023 04:01,Within SLA,17.06.2023 04:24,Within SLA,18.06.2023 13:38,3.0,4.0,Ready to use Software,Tier 1,France,48.864716,2.349014,1
Closed,2374,Low,Email,Bug report,1st line support,Bernard Beckley,17.06.2023 13:06,19.06.2023 13:06,17.06.2023 14:06,2023-06-17 13:36:16.047,Within SLA,18.06.2023 07:10,Within SLA,23.06.2023 07:12,1.0,2.0,Ready to use Software,Tier 1,Poland,52.536273,19.050639,1
Closed,2375,Low,Email,Pricing and licensing,1st line support,Sheela Cutten,17.06.2023 06:29,19.06.2023 06:29,17.06.2023 07:29,17.06.2023 07:26,Within SLA,18.06.2023 00:09,Within SLA,22.06.2023 17:38,6.0,4.0,Training and Consulting Services,Tier 1,United Kingdom,55.378052,-3.435973,1
In progress,2376,Low,Chat,Pricing and licensing,1st line support,Kristos Westoll,17.06.2023 06:31,18.06.2023 06:31,17.06.2023 06:33,17.06.2023 06:37,SLA Violated,,SLA Violated,,9.0,,Ready to use Software,Tier 1,United Kingdom,55.378052,-3.435973,0
Resolved,2381,Low,Chat,Feature request,2nd line support,Adolpho Messingham,18.06.2023 18:13,19.06.2023 18:13,18.06.2023 18:15,2023-06-18 18:14:17.005,Within SLA,20.06.2023 07:45,SLA Violated,,7.0,,Custom software development,Tier 2,United Kingdom,55.378052,-3.435973,0
Closed,2382,Low,Chat,Pricing and Licensing,1st line support,Sheela Cutten,18.06.2023 14:10,19.06.2023 14:10,18.06.2023 14:12,18.06.2023 14:10,Within SLA,2023-06-18 19:08:10.019,Within SLA,20.06.2023 01:53,3.0,3.0,Custom software development,Tier 1,Poland,52.536273,19.050639,1
In progress,2383,High,Chat,Product setup,1st line support,Kristos Westoll,19.06.2023 07:11,20.06.2023 07:11,19.06.2023 07:13,19.06.2023 07:13,SLA Violated,,SLA Violated,,6.0,,Ready to use Software,Tier 1,Spain,39.67337,-4.767726,0
Closed,2384,Low,Chat,Pricing and licensing,1st line support,Connor Danielovitch,19.06.2023 10:06,20.06.2023 10:06,19.06.2023 10:08,19.06.2023 10:07,Within SLA,20.06.2023 08:41,Within SLA,23.06.2023 19:47,6.0,4.0,Custom software development,Tier 1,Italy,43.036776,12.678565,1
In progress,2385,Low,Email,Feature request,2nd line support,Adolpho Messingham,19.06.2023 02:56,21.06.2023 02:56,19.06.2023 03:56,19.06.2023 03:19,Within SLA,,SLA Violated,,1.0,,Other,Tier 2,Slovenia,46.1491664,14.9860106,0
Closed,2386,Low,Email,Product setup,2nd line support,Heather Urry,19.06.2023 09:47,21.06.2023 09:47,19.06.2023 10:47,19.06.2023 10:25,Within SLA,20.06.2023 05:32,Within SLA,22.06.2023 11:14,1.0,5.0,Ready to use Software,Tier 2,Republic of Ireland,53.094024,-8.019675,1
In progress,2387,Medium,Email,Bug report,1st line support,Sheela Cutten,19.06.2023 15:00,21.06.2023 15:00,19.06.2023 16:00,19.06.2023 15:04,Within SLA,,SLA Violated,,9.0,,Custom software development,Tier 1,Austria,47.6964719,13.3457347,0
In progress,2388,Low,Email,Pricing and licensing,1st line support,Sheela Cutten,19.06.2023 18:56,21.06.2023 18:56,19.06.2023 19:56,19.06.2023 19:55,Within SLA,,SLA Violated,,1.0,,Other,Tier 1,Czech Republic,49.8037633,15.4749126,0
Resolved,2389,Medium,Email,Feature request,1st line support,Connor Danielovitch,19.06.2023 13:19,21.06.2023 13:19,19.06.2023 14:19,19.06.2023 13:32,Within SLA,19.06.2023 20:41,Within SLA,,7.0,,Ready to use Software,Tier 1,Austria,47.6964719,13.3457347,0
Closed,2390,Low,Email,Purchasing and invoicing,1st line support,Bernard Beckley,20.06.2023 05:58,22.06.2023 05:58,20.06.2023 06:58,20.06.2023 06:03,Within SLA,22.06.2023 01:44,Within SLA,22.06.2023 12:41,1.0,5.0,Other,Tier 1,United Kingdom,55.378052,-3.435973,1
In progress,2391,Low,Chat,Product setup,1st line support,Nicola Wane,20.06.2023 03:21,21.06.2023 03:21,20.06.2023 03:23,20.06.2023 03:22,Within SLA,,SLA Violated,,5.0,,Ready to use Software,Tier 1,Czech Republic,49.8037633,15.4749126,0
Closed,2392,Low,Email,Pricing and licensing,1st line support,Bernard Beckley,20.06.2023 00:42,22.06.2023 00:42,20.06.2023 01:42,20.06.2023 01:41,Within SLA,2023-06-23 15:17:53.004,SLA Violated,25.06.2023 11:38,3.0,2.0,Other,Tier 1,Bulgaria,42.7249925,25.4833039,1
Closed,2393,Low,Phone,Product setup,1st line support,Connor Danielovitch,20.06.2023 03:00,22.06.2023 03:00,20.06.2023 03:02,20.06.2023 03:00,Within SLA,21.06.2023 10:31,Within SLA,20.06.2023 22:49,3.0,3.0,Ready to use Software,Tier 1,United Kingdom,55.378052,-3.435973,1
Closed,2394,Low,Chat,Other,1st line support,Connor Danielovitch,20.06.2023 04:41,21.06.2023 04:41,20.06.2023 04:43,20.06.2023 04:43,Within SLA,20.06.2023 23:55,Within SLA,21.06.2023 04:13,3.0,4.0,Ready to use Software,Tier 1,Italy,43.036776,12.678565,1
Closed,2395,High,Email,Product setup,2nd line support,Michele Whyatt,21.06.2023 19:25,23.06.2023 19:25,21.06.2023 20:25,21.06.2023 19:40,Within SLA,2023-06-22 16:57:48.036,Within SLA,25.06.2023 21:33,10.0,1.0,Ready to use Software,Tier 2,United Kingdom,55.378052,-3.435973,1
Resolved,2396,High,Email,Pricing and Licensing,1st line support,Bernard Beckley,21.06.2023 17:34,23.06.2023 17:34,21.06.2023 18:34,21.06.2023 18:09,Within SLA,23.06.2023 07:58,Within SLA,,7.0,,Custom software development,Tier 1,Germany,51.165691,10.451526,0
Resolved,2397,Low,Email,Other,1st line support,Connor Danielovitch,21.06.2023 05:06,23.06.2023 05:06,21.06.2023 06:06,2023-06-21 05:32:02.043,Within SLA,2023-06-22 08:11:45.070,Within SLA,,2.0,,Custom software development,Tier 1,Poland,52.536273,19.050639,0
Closed,2398,Low,Email,Purchasing and invoicing,1st line support,Connor Danielovitch,21.06.2023 19:47,23.06.2023 19:47,21.06.2023 20:47,21.06.2023 19:50,Within SLA,22.06.2023 13:39,Within SLA,24.06.2023 02:05,10.0,5.0,Ready to use Software,Tier 1,Bulgaria,42.7249925,25.4833039,1
Closed,2399,High,Chat,Product setup,2nd line support,Heather Urry,21.06.2023 10:02,22.06.2023 10:02,21.06.2023 10:04,21.06.2023 10:03,Within SLA,22.06.2023 17:22,SLA Violated,24.06.2023 15:43,4.0,3.0,Custom software development,Tier 2,United Kingdom,55.378052,-3.435973,1
Closed,2400,High,Chat,Feature request,1st line support,Nicola Wane,21.06.2023 22:56,22.06.2023 22:56,21.06.2023 22:58,21.06.2023 22:57,Within SLA,27.06.2023 19:57,SLA Violated,28.06.2023 21:42,6.0,3.0,Ready to use Software,Tier 1,Poland,52.536273,19.050639,1
Resolved,2401,Low,Chat,Other,1st line support,Connor Danielovitch,21.06.2023 18:25,22.06.2023 18:25,21.06.2023 18:27,21.06.2023 18:28,SLA Violated,22.06.2023 15:59,Within SLA,,4.0,,Ready to use Software,Tier 1,Spain,39.67337,-4.767726,0
Closed,2402,Medium,Email,Feature request,1st line support,Kristos Westoll,21.06.2023 23:30,23.06.2023 23:30,22.06.2023 00:30,22.06.2023 00:20,Within SLA,22.06.2023 20:43,Within SLA,25.06.2023 15:08,1.0,5.0,Ready to use Software,Tier 1,Germany,51.165691,10.451526,1
Resolved,2403,High,Chat,Other,1st line support,Kristos Westoll,21.06.2023 11:31,22.06.2023 11:31,21.06.2023 11:33,21.06.2023 11:32,Within SLA,21.06.2023 11:39,Within SLA,,60.0,,Custom software development,Tier 1,United Kingdom,55.378052,-3.435973,0
Closed,2404,Low,Email,Training request,2nd line support,Adolpho Messingham,21.06.2023 08:31,23.06.2023 08:31,21.06.2023 09:31,21.06.2023 08:52,Within SLA,21.06.2023 21:32,Within SLA,25.06.2023 12:33,8.0,3.0,Training and Consulting Services,Tier 2,Poland,52.536273,19.050639,1
In progress,2405,Medium,Email,Training request,1st line support,Connor Danielovitch,21.06.2023 18:46,23.06.2023 18:46,21.06.2023 19:46,21.06.2023 19:34,Within SLA,,SLA Violated,,8.0,,Training and Consulting Services,Tier 1,Spain,39.67337,-4.767726,0
In progress,2406,Medium,Email,Product setup,1st line support,Connor Danielovitch,21.06.2023 15:15,23.06.2023 15:15,21.06.2023 16:15,21.06.2023 15:57,Within SLA,,SLA Violated,,2.0,,Ready to use Software,Tier 1,Poland,52.536273,19.050639,0
Resolved,2407,High,Email,Feature request,2nd line support,Heather Urry,21.06.2023 15:13,23.06.2023 15:13,21.06.2023 16:13,21.06.2023 15:51,Within SLA,23.06.2023 02:46,Within SLA,,3.0,,Other,Tier 2,Poland,52.536273,19.050639,0
Closed,2408,Low,Phone,Pricing and licensing,1st line support,Sheela Cutten,21.06.2023 15:24,23.06.2023 15:24,21.06.2023 15:26,21.06.2023 15:25,Within SLA,2023-06-27 08:48:41.028,SLA Violated,29.06.2023 03:21,5.0,4.0,Training and Consulting Services,Tier 1,Germany,51.165691,10.451526,1
In progress,2409,Low,Email,Product setup,1st line support,Connor Danielovitch,21.06.2023 07:58,23.06.2023 07:58,21.06.2023 08:58,21.06.2023 08:53,Within SLA,,SLA Violated,,2.0,,Other,Tier 1,United Kingdom,55.378052,-3.435973,0
Closed,2410,Low,Phone,Product setup,1st line support,Nicola Wane,21.06.2023 14:09,23.06.2023 14:09,21.06.2023 14:11,21.06.2023 14:13,SLA Violated,21.06.2023 22:35,Within SLA,2023-06-25 16:37:27.027,1.0,2.0,Ready to use Software,Tier 1,Slovenia,46.1491664,14.9860106,1
Resolved,2411,High,Email,Feature request,2nd line support,Heather Urry,22.06.2023 21:31,24.06.2023 21:31,22.06.2023 22:31,22.06.2023 21:36,Within SLA,23.06.2023 11:02,Within SLA,,1.0,,Custom software development,Tier 2,Austria,47.6964719,13.3457347,0
In progress,2412,Medium,Phone,Pricing and Licensing,1st line support,Sheela Cutten,22.06.2023 09:19,24.06.2023 09:19,22.06.2023 09:21,22.06.2023 09:22,SLA Violated,,SLA Violated,,1.0,,Custom software development,Tier 1,United Kingdom,55.378052,-3.435973,0
Resolved,2413,High,Chat,Pricing and licensing,1st line support,Sheela Cutten,22.06.2023 21:24,23.06.2023 21:24,22.06.2023 21:26,22.06.2023 21:25,Within SLA,23.06.2023 08:25,Within SLA,,4.0,,Other,Tier 1,Czech Republic,49.8037633,15.4749126,0
Closed,2414,Low,Email,Feature request,2nd line support,Heather Urry,22.06.2023 15:10,24.06.2023 15:10,22.06.2023 16:10,22.06.2023 21:32,SLA Violated,23.06.2023 01:28,Within SLA,28.06.2023 14:11,1.0,5.0,Custom software development,Tier 2,Poland,52.536273,19.050639,1
In progress,2415,Medium,Email,Other,1st line support,Kristos Westoll,22.06.2023 09:31,24.06.2023 09:31,22.06.2023 10:31,22.06.2023 10:12,Within SLA,,SLA Violated,,3.0,,Ready to use Software,Tier 1,Germany,51.165691,10.451526,0
Closed,2416,Low,Chat,Product setup,1st line support,Sheela Cutten,22.06.2023 03:14,23.06.2023 03:14,22.06.2023 03:16,22.06.2023 03:16,Within SLA,22.06.2023 08:24,Within SLA,27.06.2023 11:55,3.0,4.0,Ready to use Software,Tier 1,Poland,52.536273,19.050639,1
In progress,2417,Low,Chat,Training request,2nd line support,Heather Urry,22.06.2023 05:33,23.06.2023 05:33,22.06.2023 05:35,2023-06-22 05:36:01.055,SLA Violated,,SLA Violated,,8.0,,Training and Consulting Services,Tier 2,Italy,43.036776,12.678565,0
Closed,2418,Medium,Email,Purchasing and invoicing,2nd line support,Michele Whyatt,22.06.2023 15:20,24.06.2023 15:20,22.06.2023 16:20,22.06.2023 15:36,Within SLA,2023-06-25 01:52:58.007,SLA Violated,26.06.2023 02:42,1.0,4.0,Ready to use Software,Tier 2,Germany,51.165691,10.451526,1
Closed,2419,Low,Phone,Pricing and Licensing,1st line support,Connor Danielovitch,22.06.2023 15:17,24.06.2023 15:17,22.06.2023 15:19,22.06.2023 15:18,Within SLA,24.06.2023 06:43,Within SLA,2023-06-26 13:52:24.043,2.0,3.0,Custom software development,Tier 1,France,48.864716,2.349014,1
Closed,2420,Medium,Chat,Other,2nd line support,Adolpho Messingham,22.06.2023 10:16,23.06.2023 10:16,22.06.2023 10:18,22.06.2023 10:20,SLA Violated,22.06.2023 14:53,Within SLA,26.06.2023 20:28,60.0,4.0,Other,Tier 2,France,48.864716,2.349014,1
Resolved,2421,Low,Phone,Other,1st line support,Kristos Westoll,23.06.2023 02:51,25.06.2023 02:51,23.06.2023 02:53,23.06.2023 02:52,Within SLA,23.06.2023 16:17,Within SLA,,3.0,,Ready to use Software,Tier 1,Bulgaria,42.7249925,25.4833039,0
Resolved,2422,Low,Phone,Pricing and licensing,1st line support,Bernard Beckley,23.06.2023 02:00,25.06.2023 02:00,23.06.2023 02:02,23.06.2023 02:04,SLA Violated,23.06.2023 21:33,Within SLA,,2.0,,Training and Consulting Services,Tier 1,Austria,47.6964719,13.3457347,0
Closed,2423,Low,Email,Feature request,1st line support,Connor Danielovitch,23.06.2023 11:18,25.06.2023 11:18,23.06.2023 12:18,23.06.2023 12:10,Within SLA,23.06.2023 23:12,Within SLA,25.06.2023 01:19,1.0,3.0,Ready to use Software,Tier 1,Germany,51.165691,10.451526,1
Closed,2425,Medium,Email,Product setup,1st line support,Bernard Beckley,23.06.2023 13:46,25.06.2023 13:46,23.06.2023 14:46,2023-06-23 14:10:55.009,Within SLA,2023-06-24 23:07:51.019,Within SLA,25.06.2023 08:08,1.0,4.0,Ready to use Software,Tier 1,United Kingdom,55.378052,-3.435973,1
In progress,2426,Low,Email,Pricing and Licensing,1st line support,Kristos Westoll,23.06.2023 20:46,25.06.2023 20:46,23.06.2023 21:46,23.06.2023 21:26,Within SLA,,SLA Violated,,2.0,,Custom software development,Tier 1,Germany,51.165691,10.451526,0
Resolved,2429,Low,Email,Pricing and licensing,1st line support,Nicola Wane,23.06.2023 22:09,25.06.2023 22:09,23.06.2023 23:09,23.06.2023 22:20,Within SLA,25.06.2023 00:32,Within SLA,,2.0,,Ready to use Software,Tier 1,Italy,43.036776,12.678565,0
Closed,2431,High,Email,Purchasing and invoicing,1st line support,Bernard Beckley,24.06.2023 07:16,26.06.2023 07:16,24.06.2023 08:16,24.06.2023 07:52,Within SLA,30.06.2023 04:11,SLA Violated,01.07.2023 07:41,1.0,4.0,Other,Tier 1,Italy,43.036776,12.678565,1
Closed,2433,Low,Chat,Feature request,1st line support,Sheela Cutten,24.06.2023 18:39,25.06.2023 18:39,24.06.2023 18:41,24.06.2023 18:40,Within SLA,25.06.2023 12:35,Within SLA,30.06.2023 22:30,3.0,2.0,Ready to use Software,Tier 1,Bulgaria,42.7249925,25.4833039,1
Closed,2446,Low,Chat,Pricing and licensing,2nd line support,Heather Urry,25.06.2023 16:40,26.06.2023 16:40,25.06.2023 16:42,25.06.2023 16:42,Within SLA,26.06.2023 13:32,Within SLA,26.06.2023 19:07,6.0,4.0,Custom software development,Tier 2,Republic of Ireland,53.094024,-8.019675,1
Resolved,2447,High,Chat,Purchasing and invoicing,1st line support,Kristos Westoll,25.06.2023 11:26,26.06.2023 11:26,25.06.2023 11:28,25.06.2023 11:28,Within SLA,25.06.2023 13:44,Within SLA,,8.0,,Ready to use Software,Tier 1,Poland,52.536273,19.050639,0
Closed,2448,Low,Email,Other,2nd line support,Michele Whyatt,26.06.2023 22:38,28.06.2023 22:38,26.06.2023 23:38,27.06.2023 05:46,SLA Violated,28.06.2023 00:49,Within SLA,27.06.2023 15:53,2.0,4.0,Ready to use Software,Tier 2,France,48.864716,2.349014,1
In progress,2449,Low,Email,Product setup,1st line support,Connor Danielovitch,26.06.2023 10:41,28.06.2023 10:41,26.06.2023 11:41,26.06.2023 11:30,Within SLA,,SLA Violated,,10.0,,Other,Tier 1,Italy,43.036776,12.678565,0
Resolved,2450,Low,Phone,Bug report,1st line support,Sheela Cutten,26.06.2023 05:34,28.06.2023 05:34,26.06.2023 05:36,2023-06-26 05:35:20.020,Within SLA,27.06.2023 17:15,Within SLA,,1.0,,Ready to use Software,Tier 1,Spain,39.67337,-4.767726,0
Closed,2451,High,Phone,Other,2nd line support,Heather Urry,26.06.2023 12:51,28.06.2023 12:51,26.06.2023 12:53,26.06.2023 12:52,Within SLA,27.06.2023 12:39,Within SLA,27.06.2023 16:11,3.0,3.0,Training and Consulting Services,Tier 2,United Kingdom,55.378052,-3.435973,1
Closed,2452,Medium,Phone,Feature request,1st line support,Connor Danielovitch,26.06.2023 05:51,28.06.2023 05:51,26.06.2023 05:53,26.06.2023 05:53,SLA Violated,28.06.2023 03:04,Within SLA,28.06.2023 18:01,3.0,5.0,Custom software development,Tier 1,Spain,39.67337,-4.767726,1
Closed,2453,Low,Email,Purchasing and invoicing,1st line support,Sheela Cutten,26.06.2023 11:00,28.06.2023 11:00,26.06.2023 12:00,2023-06-26 11:24:52.048,Within SLA,30.06.2023 19:00,SLA Violated,02.07.2023 02:57,1.0,3.0,Custom software development,Tier 1,Republic of Ireland,53.094024,-8.019675,1
In progress,2454,Low,Phone,Other,1st line support,Connor Danielovitch,26.06.2023 11:40,28.06.2023 11:40,26.06.2023 11:42,26.06.2023 11:42,Within SLA,,SLA Violated,,1.0,,Custom software development,Tier 1,Germany,51.165691,10.451526,0
In progress,2455,Low,Email,Pricing and Licensing,1st line support,Bernard Beckley,26.06.2023 20:30,28.06.2023 20:30,26.06.2023 21:30,26.06.2023 20:44,Within SLA,,SLA Violated,,2.0,,Custom software development,Tier 1,Poland,52.536273,19.050639,0
Closed,2456,Medium,Phone,Feature request,1st line support,Nicola Wane,26.06.2023 07:54,28.06.2023 07:54,26.06.2023 07:56,2023-06-26 08:00:32.028,SLA Violated,27.06.2023 18:20,Within SLA,01.07.2023 04:16,3.0,5.0,Ready to use Software,Tier 1,Bulgaria,42.7249925,25.4833039,1
Closed,2457,Low,Chat,Bug report,1st line support,Connor Danielovitch,26.06.2023 08:29,27.06.2023 08:29,26.06.2023 08:31,26.06.2023 08:31,Within SLA,27.06.2023 07:18,Within SLA,27.06.2023 12:32,9.0,4.0,Training and Consulting Services,Tier 1,Slovenia,46.1491664,14.9860106,1
Resolved,2458,Low,Email,Bug report,2nd line support,Michele Whyatt,26.06.2023 03:46,28.06.2023 03:46,26.06.2023 04:46,26.06.2023 03:52,Within SLA,2023-06-29 23:39:56.007,SLA Violated,,2.0,,Ready to use Software,Tier 2,Slovenia,46.1491664,14.9860106,0
Closed,2459,Medium,Email,Feature request,2nd line support,Heather Urry,27.06.2023 23:17,29.06.2023 23:17,28.06.2023 00:17,27.06.2023 23:34,Within SLA,28.06.2023 15:33,Within SLA,02.07.2023 18:12,3.0,2.0,Ready to use Software,Tier 2,Italy,43.036776,12.678565,1
Closed,2460,Medium,Chat,Pricing and licensing,1st line support,Bernard Beckley,27.06.2023 12:16,28.06.2023 12:16,27.06.2023 12:18,2023-06-27 12:17:31.010,Within SLA,27.06.2023 19:53,Within SLA,29.06.2023 10:16,6.0,1.0,Ready to use Software,Tier 1,Spain,39.67337,-4.767726,1
Closed,2461,Low,Chat,Feature request,2nd line support,Heather Urry,27.06.2023 08:00,28.06.2023 08:00,27.06.2023 08:02,27.06.2023 08:00,Within SLA,27.06.2023 15:01,Within SLA,30.06.2023 04:39,3.0,4.0,Custom software development,Tier 2,Italy,43.036776,12.678565,1
In progress,2462,Low,Chat,Purchasing and invoicing,1st line support,Sheela Cutten,27.06.2023 22:45,28.06.2023 22:45,27.06.2023 22:47,27.06.2023 22:48,SLA Violated,,SLA Violated,,9.0,,Ready to use Software,Tier 1,Spain,39.67337,-4.767726,0
Closed,2463,Low,Phone,Other,1st line support,Sheela Cutten,27.06.2023 21:39,29.06.2023 21:39,27.06.2023 21:41,27.06.2023 21:40,Within SLA,28.06.2023 18:14,Within SLA,05.07.2023 16:31,1.0,2.0,Ready to use Software,Tier 1,Poland,52.536273,19.050639,1
Resolved,2464,Low,Email,Pricing and Licensing,1st line support,Nicola Wane,27.06.2023 06:19,29.06.2023 06:19,27.06.2023 07:19,27.06.2023 06:31,Within SLA,01.07.2023 14:54,SLA Violated,,2.0,,Custom software development,Tier 1,United Kingdom,55.378052,-3.435973,0
Resolved,2465,High,Chat,Product setup,2nd line support,Michele Whyatt,27.06.2023 06:27,28.06.2023 06:27,27.06.2023 06:29,27.06.2023 06:29,SLA Violated,01.07.2023 03:25,SLA Violated,,6.0,,Custom software development,Tier 2,Spain,39.67337,-4.767726,0
Resolved,2466,Medium,Email,Bug report,1st line support,Bernard Beckley,27.06.2023 01:10,29.06.2023 01:10,27.06.2023 02:10,27.06.2023 01:50,Within SLA,2023-06-27 02:52:02.005,Within SLA,,2.0,,Ready to use Software,Tier 1,United Kingdom,55.378052,-3.435973,0
Resolved,2467,Low,Email,Purchasing and invoicing,2nd line support,Michele Whyatt,27.06.2023 19:26,29.06.2023 19:26,27.06.2023 20:26,27.06.2023 19:45,Within SLA,2023-06-28 05:55:06.051,Within SLA,,9.0,,Custom software development,Tier 2,Poland,52.536273,19.050639,0
Closed,2468,Low,Chat,Product setup,1st line support,Bernard Beckley,28.06.2023 05:59,29.06.2023 05:59,28.06.2023 06:01,28.06.2023 06:00,Within SLA,28.06.2023 15:31,Within SLA,30.06.2023 06:40,4.0,4.0,Ready to use Software,Tier 1,Poland,52.536273,19.050639,1
Closed,2469,Low,Email,Pricing and licensing,1st line support,Kristos Westoll,28.06.2023 09:54,30.06.2023 09:54,28.06.2023 10:54,28.06.2023 09:55,Within SLA,29.06.2023 13:39,Within SLA,30.06.2023 12:13,3.0,5.0,Ready to use Software,Tier 1,United Kingdom,55.378052,-3.435973,1
Closed,2470,Low,Chat,Pricing and licensing,1st line support,Bernard Beckley,28.06.2023 12:57,29.06.2023 12:57,28.06.2023 12:59,28.06.2023 12:58,Within SLA,28.06.2023 21:24,Within SLA,04.07.2023 17:31,6.0,3.0,Ready to use Software,Tier 1,Germany,51.165691,10.451526,1
Resolved,2471,Low,Chat,Pricing and licensing,1st line support,Kristos Westoll,28.06.2023 12:31,29.06.2023 12:31,28.06.2023 12:33,28.06.2023 12:31,Within SLA,28.06.2023 14:39,Within SLA,,4.0,,Other,Tier 1,Poland,52.536273,19.050639,0
Resolved,2473,Medium,Email,Pricing and licensing,1st line support,Nicola Wane,28.06.2023 01:59,30.06.2023 01:59,28.06.2023 02:59,28.06.2023 04:06,SLA Violated,28.06.2023 04:16,Within SLA,,4.0,,Training and Consulting Services,Tier 1,Germany,51.165691,10.451526,0
Resolved,2475,Low,Chat,Product setup,1st line support,Connor Danielovitch,28.06.2023 05:47,29.06.2023 05:47,28.06.2023 05:49,28.06.2023 05:49,Within SLA,02.07.2023 08:50,SLA Violated,,8.0,,Ready to use Software,Tier 1,Germany,51.165691,10.451526,0
Closed,2476,High,Chat,Other,1st line support,Bernard Beckley,28.06.2023 10:12,29.06.2023 10:12,28.06.2023 10:14,28.06.2023 10:15,SLA Violated,28.06.2023 13:12,Within SLA,03.07.2023 16:03,60.0,3.0,Custom software development,Tier 1,Poland,52.536273,19.050639,1
In progress,2477,Medium,Chat,Feature request,1st line support,Bernard Beckley,28.06.2023 18:31,29.06.2023 18:31,28.06.2023 18:33,28.06.2023 18:33,Within SLA,,SLA Violated,,6.0,,Custom software development,Tier 1,France,48.864716,2.349014,0
In progress,2478,High,Chat,Product setup,2nd line support,Adolpho Messingham,28.06.2023 18:37,29.06.2023 18:37,28.06.2023 18:39,28.06.2023 18:38,Within SLA,,SLA Violated,,7.0,,Custom software development,Tier 2,France,48.864716,2.349014,0
Resolved,2479,Low,Email,Other,2nd line support,Heather Urry,28.06.2023 04:10,30.06.2023 04:10,28.06.2023 05:10,28.06.2023 05:08,Within SLA,30.06.2023 02:42,Within SLA,,6.0,,Training and Consulting Services,Tier 2,Germany,51.165691,10.451526,0
Resolved,2481,High,Chat,Other,1st line support,Kristos Westoll,29.06.2023 20:05,30.06.2023 20:05,29.06.2023 20:07,29.06.2023 20:05,Within SLA,30.06.2023 15:22,Within SLA,,9.0,,Ready to use Software,Tier 1,Bulgaria,42.7249925,25.4833039,0
Closed,2482,Low,Email,Bug report,1st line support,Kristos Westoll,29.06.2023 02:01,01.07.2023 02:01,29.06.2023 03:01,29.06.2023 02:56,Within SLA,29.06.2023 15:53,Within SLA,04.07.2023 06:17,1.0,5.0,Training and Consulting Services,Tier 1,Greece,39.368279,21.863141,1
Resolved,2483,Low,Email,Product setup,2nd line support,Heather Urry,29.06.2023 08:11,01.07.2023 08:11,29.06.2023 09:11,2023-06-29 08:48:39.096,Within SLA,02.07.2023 04:26,SLA Violated,,3.0,,Other,Tier 2,Italy,43.036776,12.678565,0
Resolved,2484,Medium,Email,Product setup,1st line support,Nicola Wane,29.06.2023 23:48,01.07.2023 23:48,30.06.2023 00:48,30.06.2023 00:35,Within SLA,01.07.2023 16:55,Within SLA,,4.0,,Training and Consulting Services,Tier 1,Italy,43.036776,12.678565,0
Resolved,2485,Medium,Email,Other,1st line support,Bernard Beckley,29.06.2023 01:15,01.07.2023 01:15,29.06.2023 02:15,29.06.2023 01:56,Within SLA,30.06.2023 04:38,Within SLA,,2.0,,Training and Consulting Services,Tier 1,Austria,47.6964719,13.3457347,0
Resolved,2486,Low,Phone,Product setup,1st line support,Bernard Beckley,30.06.2023 11:38,02.07.2023 11:38,30.06.2023 11:40,30.06.2023 11:38,Within SLA,30.06.2023 21:04,Within SLA,,1.0,,Ready to use Software,Tier 1,Greece,39.368279,21.863141,0
Resolved,2487,High,Chat,Product setup,2nd line support,Michele Whyatt,30.06.2023 01:01,01.07.2023 01:01,30.06.2023 01:03,30.06.2023 01:02,Within SLA,30.06.2023 21:26,Within SLA,,7.0,,Other,Tier 2,Poland,52.536273,19.050639,0
Closed,2488,Low,Chat,Feature request,2nd line support,Adolpho Messingham,30.06.2023 00:30,01.07.2023 00:30,30.06.2023 00:32,30.06.2023 00:31,Within SLA,30.06.2023 22:15,Within SLA,03.07.2023 22:07,4.0,3.0,Custom software development,Tier 2,Poland,52.536273,19.050639,1
Closed,2489,Low,Chat,Purchasing and invoicing,1st line support,Bernard Beckley,30.06.2023 11:55,01.07.2023 11:55,30.06.2023 11:57,30.06.2023 11:57,Within SLA,30.06.2023 19:39,Within SLA,03.07.2023 12:24,6.0,3.0,Custom software development,Tier 1,Slovenia,46.1491664,14.9860106,1
Closed,2490,Medium,Email,Product setup,2nd line support,Heather Urry,30.06.2023 03:26,02.07.2023 03:26,30.06.2023 04:26,30.06.2023 04:12,Within SLA,30.06.2023 22:59,Within SLA,05.07.2023 18:15,2.0,4.0,Ready to use Software,Tier 2,Poland,52.536273,19.050639,1
Closed,2491,High,Chat,Pricing and Licensing,1st line support,Nicola Wane,30.06.2023 11:16,01.07.2023 11:16,30.06.2023 11:18,30.06.2023 11:19,SLA Violated,30.06.2023 16:23,Within SLA,02.07.2023 00:11,7.0,5.0,Custom software development,Tier 1,Bulgaria,42.7249925,25.4833039,1
In progress,2492,Medium,Email,Product setup,1st line support,Connor Danielovitch,30.06.2023 01:18,02.07.2023 01:18,30.06.2023 02:18,30.06.2023 02:03,Within SLA,,SLA Violated,,6.0,,Ready to use Software,Tier 1,Spain,39.67337,-4.767726,0
Closed,2493,Low,Email,Product setup,2nd line support,Michele Whyatt,30.06.2023 08:43,02.07.2023 08:43,30.06.2023 09:43,30.06.2023 09:31,Within SLA,02.07.2023 12:41,SLA Violated,03.07.2023 13:09,5.0,3.0,Ready to use Software,Tier 2,Poland,52.536273,19.050639,1
In progress,2494,Medium,Chat,Feature request,1st line support,Sheela Cutten,30.06.2023 18:51,01.07.2023 18:51,30.06.2023 18:53,30.06.2023 18:52,Within SLA,,SLA Violated,,6.0,,Other,Tier 1,Greece,39.368279,21.863141,0
Resolved,2495,High,Email,Feature request,2nd line support,Heather Urry,30.06.2023 11:48,02.07.2023 11:48,30.06.2023 12:48,30.06.2023 12:07,Within SLA,05.07.2023 11:34,SLA Violated,,6.0,,Other,Tier 2,Czech Republic,49.8037633,15.4749126,0
Closed,2496,Medium,Email,Purchasing and invoicing,1st line support,Sheela Cutten,30.06.2023 07:56,02.07.2023 07:56,30.06.2023 08:56,30.06.2023 07:58,Within SLA,2023-07-02 06:30:19.067,Within SLA,05.07.2023 10:34,5.0,2.0,Custom software development,Tier 1,Italy,43.036776,12.678565,1
In progress,2497,Low,Email,Feature request,1st line support,Kristos Westoll,01.07.2023 19:34,03.07.2023 19:34,01.07.2023 20:34,01.07.2023 19:48,Within SLA,,SLA Violated,,1.0,,Ready to use Software,Tier 1,United Kingdom,55.378052,-3.435973,0
Closed,2498,High,Chat,Product setup,1st line support,Sheela Cutten,01.07.2023 04:08,02.07.2023 04:08,01.07.2023 04:10,01.07.2023 04:09,Within SLA,01.07.2023 05:42,Within SLA,05.07.2023 12:24,4.0,5.0,Ready to use Software,Tier 1,Italy,43.036776,12.678565,1
Resolved,2508,Medium,Phone,Other,1st line support,Nicola Wane,02.07.2023 11:43,04.07.2023 11:43,02.07.2023 11:45,2023-07-02 11:43:44.044,Within SLA,08.07.2023 05:52,SLA Violated,,1.0,,Ready to use Software,Tier 1,Greece,39.368279,21.863141,0
Closed,2509,Medium,Chat,Feature request,1st line support,Sheela Cutten,02.07.2023 15:34,03.07.2023 15:34,02.07.2023 15:36,02.07.2023 15:36,Within SLA,03.07.2023 12:17,Within SLA,03.07.2023 23:10,3.0,4.0,Other,Tier 1,Bulgaria,42.7249925,25.4833039,1
In progress,2510,Low,Phone,Product setup,1st line support,Sheela Cutten,02.07.2023 12:17,04.07.2023 12:17,02.07.2023 12:19,02.07.2023 12:19,Within SLA,,SLA Violated,,2.0,,Ready to use Software,Tier 1,United Kingdom,55.378052,-3.435973,0
In progress,2511,Low,Chat,Product setup,1st line support,Nicola Wane,03.07.2023 12:38,04.07.2023 12:38,03.07.2023 12:40,03.07.2023 12:42,SLA Violated,,SLA Violated,,3.0,,Custom software development,Tier 1,Greece,39.368279,21.863141,0
Resolved,2512,Low,Email,Pricing and licensing,1st line support,Connor Danielovitch,03.07.2023 05:38,05.07.2023 05:38,03.07.2023 06:38,03.07.2023 05:56,Within SLA,04.07.2023 03:37,Within SLA,,6.0,,Ready to use Software,Tier 1,Czech Republic,49.8037633,15.4749126,0
In progress,2513,Low,Email,Bug report,1st line support,Sheela Cutten,03.07.2023 22:38,05.07.2023 22:38,03.07.2023 23:38,03.07.2023 22:53,Within SLA,,SLA Violated,,1.0,,Custom software development,Tier 1,United Kingdom,55.378052,-3.435973,0
In progress,2514,Low,Email,Bug report,1st line support,Bernard Beckley,03.07.2023 00:50,05.07.2023 00:50,03.07.2023 01:50,03.07.2023 01:39,Within SLA,,SLA Violated,,3.0,,Ready to use Software,Tier 1,Germany,51.165691,10.451526,0
In progress,2515,Low,Chat,Feature request,1st line support,Sheela Cutten,03.07.2023 19:13,04.07.2023 19:13,03.07.2023 19:15,03.07.2023 19:14,Within SLA,,SLA Violated,,4.0,,Custom software development,Tier 1,Poland,52.536273,19.050639,0
Resolved,2516,Medium,Email,Product setup,1st line support,Bernard Beckley,04.07.2023 23:47,06.07.2023 23:47,05.07.2023 00:47,2023-07-05 00:07:29.096,Within SLA,05.07.2023 13:06,Within SLA,,2.0,,Ready to use Software,Tier 1,Germany,51.165691,10.451526,0
Closed,2517,Medium,Chat,Pricing and licensing,2nd line support,Adolpho Messingham,04.07.2023 02:36,05.07.2023 02:36,04.07.2023 02:38,04.07.2023 02:36,Within SLA,04.07.2023 19:31,Within SLA,11.07.2023 10:38,9.0,2.0,Training and Consulting Services,Tier 2,Italy,43.036776,12.678565,1
Resolved,2518,Low,Email,Pricing and licensing,1st line support,Connor Danielovitch,04.07.2023 00:39,06.07.2023 00:39,04.07.2023 01:39,04.07.2023 01:08,Within SLA,05.07.2023 10:13,Within SLA,,3.0,,Ready to use Software,Tier 1,Poland,52.536273,19.050639,0
Closed,2519,High,Phone,Pricing and licensing,1st line support,Bernard Beckley,04.07.2023 10:01,06.07.2023 10:01,04.07.2023 10:03,04.07.2023 10:01,Within SLA,06.07.2023 00:51,Within SLA,07.07.2023 01:35,1.0,3.0,Ready to use Software,Tier 1,United Kingdom,55.378052,-3.435973,1
In progress,2520,High,Chat,Other,1st line support,Kristos Westoll,04.07.2023 13:14,05.07.2023 13:14,04.07.2023 13:16,04.07.2023 13:16,Within SLA,,SLA Violated,,9.0,,Ready to use Software,Tier 1,Germany,51.165691,10.451526,0
Closed,2521,Low,Email,Other,2nd line support,Michele Whyatt,04.07.2023 01:40,06.07.2023 01:40,04.07.2023 02:40,04.07.2023 04:13,SLA Violated,05.07.2023 11:19,Within SLA,2023-07-11 00:58:21.007,10.0,5.0,Custom software development,Tier 2,Republic of Ireland,53.094024,-8.019675,1
Closed,2522,Low,Email,Bug report,1st line support,Nicola Wane,04.07.2023 03:48,06.07.2023 03:48,04.07.2023 04:48,04.07.2023 04:48,Within SLA,04.07.2023 05:00,Within SLA,07.07.2023 04:28,8.0,1.0,Custom software development,Tier 1,Austria,47.6964719,13.3457347,1
In progress,2523,Low,Chat,Bug report,2nd line support,Michele Whyatt,04.07.2023 15:19,05.07.2023 15:19,04.07.2023 15:21,04.07.2023 15:20,Within SLA,,SLA Violated,,6.0,,Ready to use Software,Tier 2,Austria,47.6964719,13.3457347,0
Closed,2525,High,Chat,Bug report,2nd line support,Adolpho Messingham,05.07.2023 12:47,06.07.2023 12:47,05.07.2023 12:49,2023-07-05 12:52:06.016,SLA Violated,05.07.2023 21:54,Within SLA,06.07.2023 13:00,6.0,1.0,Ready to use Software,Tier 2,Slovenia,46.1491664,14.9860106,1
Resolved,2526,Medium,Chat,Product setup,1st line support,Kristos Westoll,05.07.2023 15:03,06.07.2023 15:03,05.07.2023 15:05,05.07.2023 15:08,SLA Violated,05.07.2023 23:40,Within SLA,,3.0,,Ready to use Software,Tier 1,Germany,51.165691,10.451526,0
Resolved,2527,Low,Email,Product setup,1st line support,Nicola Wane,05.07.2023 23:01,07.07.2023 23:01,06.07.2023 00:01,05.07.2023 23:18,Within SLA,07.07.2023 01:06,Within SLA,,1.0,,Ready to use Software,Tier 1,Spain,39.67337,-4.767726,0
Resolved,2528,Medium,Email,Product setup,1st line support,Bernard Beckley,05.07.2023 21:03,07.07.2023 21:03,05.07.2023 22:03,05.07.2023 21:13,Within SLA,07.07.2023 10:11,Within SLA,,3.0,,Custom software development,Tier 1,Poland,52.536273,19.050639,0
Resolved,2529,Medium,Chat,Product setup,1st line support,Nicola Wane,05.07.2023 22:10,06.07.2023 22:10,05.07.2023 22:12,05.07.2023 22:11,Within SLA,06.07.2023 17:00,Within SLA,,6.0,,Ready to use Software,Tier 1,Poland,52.536273,19.050639,0
In progress,2530,Low,Chat,Product setup,1st line support,Sheela Cutten,05.07.2023 17:10,06.07.2023 17:10,05.07.2023 17:12,05.07.2023 17:10,Within SLA,,SLA Violated,,3.0,,Ready to use Software,Tier 1,Italy,43.036776,12.678565,0
Closed,2532,High,Email,Feature request,1st line support,Nicola Wane,05.07.2023 14:30,07.07.2023 14:30,05.07.2023 15:30,05.07.2023 14:36,Within SLA,05.07.2023 17:41,Within SLA,09.07.2023 00:06,2.0,1.0,Ready to use Software,Tier 1,United Kingdom,55.378052,-3.435973,1
Resolved,2535,Low,Chat,Product setup,1st line support,Connor Danielovitch,06.07.2023 02:48,07.07.2023 02:48,06.07.2023 02:50,06.07.2023 02:49,Within SLA,07.07.2023 01:49,Within SLA,,6.0,,Ready to use Software,Tier 1,Italy,43.036776,12.678565,0
In progress,2536,Low,Chat,Other,1st line support,Connor Danielovitch,06.07.2023 19:49,07.07.2023 19:49,06.07.2023 19:51,06.07.2023 19:49,Within SLA,,SLA Violated,,9.0,,Custom software development,Tier 1,Germany,51.165691,10.451526,0
Closed,2537,Medium,Chat,Product setup,2nd line support,Michele Whyatt,06.07.2023 10:23,07.07.2023 10:23,06.07.2023 10:25,06.07.2023 10:24,Within SLA,07.07.2023 04:25,Within SLA,11.07.2023 21:20,6.0,5.0,Custom software development,Tier 2,Italy,43.036776,12.678565,1
Closed,2539,Low,Email,Pricing and licensing,1st line support,Sheela Cutten,06.07.2023 13:22,08.07.2023 13:22,06.07.2023 14:22,06.07.2023 14:09,Within SLA,08.07.2023 05:15,Within SLA,11.07.2023 08:01,10.0,4.0,Ready to use Software,Tier 1,Poland,52.536273,19.050639,1
Resolved,2540,Low,Email,Other,1st line support,Kristos Westoll,06.07.2023 01:26,08.07.2023 01:26,06.07.2023 02:26,06.07.2023 01:30,Within SLA,06.07.2023 13:02,Within SLA,,1.0,,Ready to use Software,Tier 1,Greece,39.368279,21.863141,0
Closed,2541,Low,Chat,Pricing and licensing,2nd line support,Adolpho Messingham,06.07.2023 16:59,07.07.2023 16:59,06.07.2023 17:01,06.07.2023 17:05,SLA Violated,08.07.2023 10:12,SLA Violated,09.07.2023 08:33,6.0,4.0,Ready to use Software,Tier 2,Poland,52.536273,19.050639,1
Closed,2543,Low,Phone,Product setup,1st line support,Kristos Westoll,06.07.2023 08:04,08.07.2023 08:04,06.07.2023 08:06,06.07.2023 08:07,SLA Violated,08.07.2023 05:22,Within SLA,13.07.2023 10:00,2.0,4.0,Ready to use Software,Tier 1,Germany,51.165691,10.451526,1
Closed,2544,Medium,Email,Pricing and licensing,1st line support,Sheela Cutten,06.07.2023 14:05,08.07.2023 14:05,06.07.2023 15:05,06.07.2023 14:10,Within SLA,2023-07-07 02:40:53.058,Within SLA,10.07.2023 00:29,5.0,4.0,Other,Tier 1,Spain,39.67337,-4.767726,1
Closed,2545,High,Chat,Bug report,1st line support,Sheela Cutten,06.07.2023 02:12,07.07.2023 02:12,06.07.2023 02:14,2023-07-06 02:13:31.042,Within SLA,06.07.2023 21:17,Within SLA,13.07.2023 22:57,2.0,4.0,Custom software development,Tier 1,Poland,52.536273,19.050639,1
Resolved,2546,Low,Email,Feature request,2nd line support,Michele Whyatt,06.07.2023 23:36,08.07.2023 23:36,07.07.2023 00:36,06.07.2023 23:45,Within SLA,10.07.2023 09:17,SLA Violated,,10.0,,Ready to use Software,Tier 2,United Kingdom,55.378052,-3.435973,0
Resolved,2547,Low,Email,Feature request,1st line support,Bernard Beckley,07.07.2023 00:03,09.07.2023 00:03,07.07.2023 01:03,07.07.2023 00:23,Within SLA,07.07.2023 17:42,Within SLA,,2.0,,Custom software development,Tier 1,United Kingdom,55.378052,-3.435973,0
Resolved,2548,Medium,Email,Pricing and licensing,2nd line support,Heather Urry,07.07.2023 13:22,09.07.2023 13:22,07.07.2023 14:22,07.07.2023 13:55,Within SLA,09.07.2023 03:13,Within SLA,,9.0,,Ready to use Software,Tier 2,Czech Republic,49.8037633,15.4749126,0
Resolved,2549,Medium,Chat,Pricing and licensing,2nd line support,Michele Whyatt,07.07.2023 11:51,08.07.2023 11:51,07.07.2023 11:53,07.07.2023 11:51,Within SLA,07.07.2023 18:46,Within SLA,,6.0,,Ready to use Software,Tier 2,Italy,43.036776,12.678565,0
In progress,2550,Low,Chat,Product setup,1st line support,Bernard Beckley,07.07.2023 14:51,08.07.2023 14:51,07.07.2023 14:53,07.07.2023 14:53,Within SLA,,SLA Violated,,6.0,,Ready to use Software,Tier 1,Italy,43.036776,12.678565,0
Resolved,2551,High,Email,Other,1st line support,Connor Danielovitch,07.07.2023 12:22,09.07.2023 12:22,07.07.2023 13:22,07.07.2023 12:48,Within SLA,13.07.2023 12:00,SLA Violated,,7.0,,Ready to use Software,Tier 1,France,48.864716,2.349014,0
Closed,2552,Low,Email,Product setup,1st line support,Nicola Wane,07.07.2023 23:08,09.07.2023 23:08,08.07.2023 00:08,07.07.2023 23:26,Within SLA,09.07.2023 10:13,Within SLA,14.07.2023 19:42,9.0,5.0,Training and Consulting Services,Tier 1,Germany,51.165691,10.451526,1
Resolved,2553,Low,Phone,Other,1st line support,Bernard Beckley,07.07.2023 22:58,09.07.2023 22:58,07.07.2023 23:00,07.07.2023 22:59,Within SLA,08.07.2023 22:15,Within SLA,,7.0,,Other,Tier 1,Spain,39.67337,-4.767726,0
Resolved,2554,High,Email,Bug report,1st line support,Nicola Wane,07.07.2023 15:00,09.07.2023 15:00,07.07.2023 16:00,07.07.2023 15:08,Within SLA,11.07.2023 10:23,SLA Violated,,3.0,,Custom software development,Tier 1,Spain,39.67337,-4.767726,0
Closed,2555,Low,Chat,Feature request,2nd line support,Michele Whyatt,07.07.2023 10:28,08.07.2023 10:28,07.07.2023 10:30,07.07.2023 10:29,Within SLA,08.07.2023 02:34,Within SLA,10.07.2023 18:32,2.0,4.0,Ready to use Software,Tier 2,France,48.864716,2.349014,1
Resolved,2556,Low,Phone,Bug report,1st line support,Kristos Westoll,07.07.2023 00:06,09.07.2023 00:06,07.07.2023 00:08,07.07.2023 00:06,Within SLA,07.07.2023 22:47,Within SLA,,1.0,,Custom software development,Tier 1,Germany,51.165691,10.451526,0
Closed,2557,Medium,Email,Product setup,1st line support,Bernard Beckley,08.07.2023 00:15,10.07.2023 00:15,08.07.2023 01:15,08.07.2023 00:57,Within SLA,08.07.2023 04:50,Within SLA,11.07.2023 13:51,3.0,3.0,Ready to use Software,Tier 1,Italy,43.036776,12.678565,1
Closed,2558,Low,Chat,Purchasing and invoicing,1st line support,Kristos Westoll,08.07.2023 05:06,09.07.2023 05:06,08.07.2023 05:08,08.07.2023 05:07,Within SLA,08.07.2023 16:56,Within SLA,14.07.2023 05:04,6.0,3.0,Other,Tier 1,Austria,47.6964719,13.3457347,1
Closed,2559,Medium,Chat,Product setup,2nd line support,Adolpho Messingham,09.07.2023 17:02,10.07.2023 17:02,09.07.2023 17:04,09.07.2023 17:03,Within SLA,09.07.2023 22:11,Within SLA,16.07.2023 11:51,2.0,2.0,Ready to use Software,Tier 2,France,48.864716,2.349014,1
Resolved,2566,Low,Phone,Feature request,1st line support,Bernard Beckley,09.07.2023 14:19,11.07.2023 14:19,09.07.2023 14:21,09.07.2023 14:20,Within SLA,10.07.2023 20:27,Within SLA,,1.0,,Custom software development,Tier 1,Austria,47.6964719,13.3457347,0
Resolved,2567,Medium,Email,Pricing and licensing,1st line support,Nicola Wane,09.07.2023 08:37,11.07.2023 08:37,09.07.2023 09:37,09.07.2023 09:08,Within SLA,10.07.2023 14:27,Within SLA,,3.0,,Ready to use Software,Tier 1,Czech Republic,49.8037633,15.4749126,0
Resolved,2568,Low,Email,Purchasing and invoicing,1st line support,Connor Danielovitch,09.07.2023 22:06,11.07.2023 22:06,09.07.2023 23:06,09.07.2023 23:03,Within SLA,10.07.2023 16:37,Within SLA,,1.0,,Ready to use Software,Tier 1,Germany,51.165691,10.451526,0
Closed,2569,Low,Chat,Product setup,2nd line support,Heather Urry,10.07.2023 06:08,11.07.2023 06:08,10.07.2023 06:10,10.07.2023 06:09,Within SLA,10.07.2023 06:32,Within SLA,16.07.2023 09:38,60.0,2.0,Custom software development,Tier 2,United Kingdom,55.378052,-3.435973,1
Resolved,2570,Low,Email,Feature request,2nd line support,Michele Whyatt,10.07.2023 19:01,12.07.2023 19:01,10.07.2023 20:01,10.07.2023 19:36,Within SLA,10.07.2023 20:14,Within SLA,,2.0,,Ready to use Software,Tier 2,Bulgaria,42.7249925,25.4833039,0
Closed,2571,Medium,Email,Training request,1st line support,Bernard Beckley,10.07.2023 18:34,12.07.2023 18:34,10.07.2023 19:34,10.07.2023 18:52,Within SLA,16.07.2023 02:30,SLA Violated,2023-07-16 08:51:27.014,9.0,1.0,Training and Consulting Services,Tier 1,Germany,51.165691,10.451526,1
Closed,2572,Low,Email,Product setup,1st line support,Nicola Wane,10.07.2023 05:59,12.07.2023 05:59,10.07.2023 06:59,10.07.2023 06:13,Within SLA,15.07.2023 21:26,SLA Violated,16.07.2023 20:08,3.0,4.0,Ready to use Software,Tier 1,Bulgaria,42.7249925,25.4833039,1
Resolved,2573,Low,Chat,Training request,2nd line support,Michele Whyatt,10.07.2023 14:32,11.07.2023 14:32,10.07.2023 14:34,10.07.2023 14:34,Within SLA,14.07.2023 15:26,SLA Violated,,2.0,,Training and Consulting Services,Tier 2,Bulgaria,42.7249925,25.4833039,0
Closed,2574,Medium,Phone,Other,1st line support,Connor Danielovitch,10.07.2023 04:02,12.07.2023 04:02,10.07.2023 04:04,10.07.2023 04:04,Within SLA,10.07.2023 16:54,Within SLA,12.07.2023 15:20,2.0,4.0,Ready to use Software,Tier 1,Poland,52.536273,19.050639,1
Closed,2575,Medium,Email,Bug report,1st line support,Connor Danielovitch,10.07.2023 04:15,12.07.2023 04:15,10.07.2023 05:15,10.07.2023 04:32,Within SLA,11.07.2023 01:11,Within SLA,13.07.2023 04:40,5.0,5.0,Ready to use Software,Tier 1,Republic of Ireland,53.094024,-8.019675,1
In progress,2576,Low,Phone,Product setup,1st line support,Nicola Wane,10.07.2023 17:17,12.07.2023 17:17,10.07.2023 17:19,10.07.2023 17:20,SLA Violated,,SLA Violated,,5.0,,Other,Tier 1,Republic of Ireland,53.094024,-8.019675,0
Resolved,2577,Medium,Chat,Feature request,1st line support,Sheela Cutten,10.07.2023 07:34,11.07.2023 07:34,10.07.2023 07:36,10.07.2023 07:36,SLA Violated,10.07.2023 11:02,Within SLA,,6.0,,Ready to use Software,Tier 1,France,48.864716,2.349014,0
Resolved,2578,Medium,Chat,Feature request,2nd line support,Michele Whyatt,10.07.2023 21:04,11.07.2023 21:04,10.07.2023 21:06,10.07.2023 21:05,Within SLA,11.07.2023 01:00,Within SLA,,6.0,,Other,Tier 2,United Kingdom,55.378052,-3.435973,0
Resolved,2579,Low,Email,Product setup,1st line support,Nicola Wane,10.07.2023 07:54,12.07.2023 07:54,10.07.2023 08:54,10.07.2023 08:16,Within SLA,11.07.2023 01:19,Within SLA,,3.0,,Other,Tier 1,United Kingdom,55.378052,-3.435973,0
Resolved,2580,Medium,Email,Feature request,1st line support,Kristos Westoll,10.07.2023 11:07,12.07.2023 11:07,10.07.2023 12:07,10.07.2023 11:44,Within SLA,15.07.2023 19:27,SLA Violated,,2.0,,Ready to use Software,Tier 1,Germany,51.165691,10.451526,0
In progress,2581,High,Chat,Training request,1st line support,Connor Danielovitch,11.07.2023 10:05,12.07.2023 10:05,11.07.2023 10:07,2023-07-11 10:06:23.006,Within SLA,,SLA Violated,,2.0,,Training and Consulting Services,Tier 1,Italy,43.036776,12.678565,0
Resolved,2582,Low,Email,Purchasing and invoicing,2nd line support,Michele Whyatt,11.07.2023 05:02,13.07.2023 05:02,11.07.2023 06:02,11.07.2023 05:05,Within SLA,12.07.2023 15:21,Within SLA,,10.0,,Custom software development,Tier 2,Germany,51.165691,10.451526,0
Closed,2583,High,Chat,Purchasing and invoicing,1st line support,Sheela Cutten,11.07.2023 21:40,12.07.2023 21:40,11.07.2023 21:42,11.07.2023 21:40,Within SLA,12.07.2023 13:40,Within SLA,2023-07-17 08:31:21.030,5.0,2.0,Other,Tier 1,Spain,39.67337,-4.767726,1
Closed,2584,Medium,Email,Purchasing and invoicing,2nd line support,Heather Urry,11.07.2023 22:04,13.07.2023 22:04,11.07.2023 23:04,11.07.2023 23:02,Within SLA,12.07.2023 22:56,Within SLA,16.07.2023 03:10,10.0,3.0,Other,Tier 2,France,48.864716,2.349014,1
Closed,2585,Low,Phone,Feature request,1st line support,Sheela Cutten,11.07.2023 00:09,13.07.2023 00:09,11.07.2023 00:11,11.07.2023 00:11,Within SLA,12.07.2023 07:52,Within SLA,13.07.2023 23:59,4.0,2.0,Ready to use Software,Tier 1,Germany,51.165691,10.451526,1
Resolved,2586,Medium,Chat,Feature request,1st line support,Connor Danielovitch,11.07.2023 01:59,12.07.2023 01:59,11.07.2023 02:01,11.07.2023 02:01,Within SLA,16.07.2023 21:10,SLA Violated,,3.0,,Ready to use Software,Tier 1,Germany,51.165691,10.451526,0
Closed,2587,Low,Email,Bug report,1st line support,Connor Danielovitch,11.07.2023 04:59,13.07.2023 04:59,11.07.2023 05:59,11.07.2023 05:33,Within SLA,12.07.2023 19:18,Within SLA,17.07.2023 09:49,5.0,3.0,Custom software development,Tier 1,Poland,52.536273,19.050639,1
In progress,2588,Medium,Email,Product setup,1st line support,Sheela Cutten,11.07.2023 01:35,13.07.2023 01:35,11.07.2023 02:35,11.07.2023 02:27,Within SLA,,SLA Violated,,10.0,,Custom software development,Tier 1,Slovenia,46.1491664,14.9860106,0
Resolved,2589,Low,Chat,Feature request,1st line support,Bernard Beckley,11.07.2023 03:05,12.07.2023 03:05,11.07.2023 03:07,11.07.2023 03:06,Within SLA,2023-07-11 12:47:02.076,Within SLA,,6.0,,Ready to use Software,Tier 1,Germany,51.165691,10.451526,0
Closed,2590,Medium,Email,Pricing and licensing,1st line support,Sheela Cutten,12.07.2023 16:05,14.07.2023 16:05,12.07.2023 17:05,12.07.2023 16:59,Within SLA,17.07.2023 17:37,SLA Violated,18.07.2023 05:59,2.0,3.0,Custom software development,Tier 1,France,48.864716,2.349014,1
In progress,2591,Low,Email,Purchasing and invoicing,1st line support,Bernard Beckley,12.07.2023 07:32,14.07.2023 07:32,12.07.2023 08:32,12.07.2023 07:51,Within SLA,,SLA Violated,,9.0,,Ready to use Software,Tier 1,Germany,51.165691,10.451526,0
Closed,2592,Low,Chat,Product setup,1st line support,Bernard Beckley,12.07.2023 16:04,13.07.2023 16:04,12.07.2023 16:06,12.07.2023 16:07,SLA Violated,12.07.2023 17:09,Within SLA,15.07.2023 07:06,6.0,3.0,Ready to use Software,Tier 1,United Kingdom,55.378052,-3.435973,1
Closed,2593,Low,Chat,Pricing and licensing,2nd line support,Michele Whyatt,12.07.2023 04:04,13.07.2023 04:04,12.07.2023 04:06,12.07.2023 04:06,Within SLA,12.07.2023 13:15,Within SLA,12.07.2023 21:56,4.0,4.0,Ready to use Software,Tier 2,Italy,43.036776,12.678565,1
In progress,2594,Medium,Email,Purchasing and invoicing,1st line support,Connor Danielovitch,12.07.2023 17:46,14.07.2023 17:46,12.07.2023 18:46,12.07.2023 18:23,Within SLA,,SLA Violated,,1.0,,Ready to use Software,Tier 1,United Kingdom,55.378052,-3.435973,0
Closed,2595,Low,Chat,Pricing and licensing,1st line support,Bernard Beckley,12.07.2023 20:49,13.07.2023 20:49,12.07.2023 20:51,12.07.2023 20:50,Within SLA,13.07.2023 11:18,Within SLA,13.07.2023 17:39,6.0,3.0,Ready to use Software,Tier 1,Poland,52.536273,19.050639,1
Closed,2596,Medium,Phone,Pricing and licensing,1st line support,Nicola Wane,12.07.2023 21:28,14.07.2023 21:28,12.07.2023 21:30,12.07.2023 21:29,Within SLA,18.07.2023 11:17,SLA Violated,19.07.2023 17:28,3.0,4.0,Ready to use Software,Tier 1,Italy,43.036776,12.678565,1
Closed,2597,Medium,Chat,Feature request,1st line support,Sheela Cutten,12.07.2023 15:40,13.07.2023 15:40,12.07.2023 15:42,12.07.2023 15:42,Within SLA,13.07.2023 01:03,Within SLA,13.07.2023 11:11,3.0,4.0,Ready to use Software,Tier 1,Slovenia,46.1491664,14.9860106,1
Resolved,2598,Low,Chat,Feature request,1st line support,Sheela Cutten,12.07.2023 17:30,13.07.2023 17:30,12.07.2023 17:32,12.07.2023 17:34,SLA Violated,2023-07-12 22:31:55.042,Within SLA,,60.0,,Ready to use Software,Tier 1,United Kingdom,55.378052,-3.435973,0
In progress,2599,High,Phone,Product setup,1st line support,Connor Danielovitch,13.07.2023 17:14,15.07.2023 17:14,13.07.2023 17:16,13.07.2023 17:15,Within SLA,,SLA Violated,,2.0,,Training and Consulting Services,Tier 1,Germany,51.165691,10.451526,0
Resolved,2600,Medium,Phone,Pricing and licensing,2nd line support,Adolpho Messingham,13.07.2023 07:02,15.07.2023 07:02,13.07.2023 07:04,13.07.2023 07:04,Within SLA,13.07.2023 21:58,Within SLA,,1.0,,Custom software development,Tier 2,Poland,52.536273,19.050639,0
Closed,2601,Medium,Chat,Bug report,1st line support,Bernard Beckley,13.07.2023 07:09,14.07.2023 07:09,13.07.2023 07:11,13.07.2023 07:09,Within SLA,13.07.2023 20:38,Within SLA,18.07.2023 15:56,6.0,3.0,Training and Consulting Services,Tier 1,United Kingdom,55.378052,-3.435973,1
Closed,2602,Medium,Chat,Pricing and licensing,1st line support,Connor Danielovitch,13.07.2023 05:54,14.07.2023 05:54,13.07.2023 05:56,2023-07-13 05:56:39.048,Within SLA,18.07.2023 17:20,SLA Violated,2023-07-19 16:02:10.004,6.0,4.0,Ready to use Software,Tier 1,Bulgaria,42.7249925,25.4833039,1
Resolved,2603,Medium,Email,Purchasing and invoicing,1st line support,Bernard Beckley,13.07.2023 10:58,15.07.2023 10:58,13.07.2023 11:58,13.07.2023 11:22,Within SLA,14.07.2023 13:21,Within SLA,,1.0,,Ready to use Software,Tier 1,Poland,52.536273,19.050639,0
In progress,2604,High,Email,Other,2nd line support,Adolpho Messingham,14.07.2023 16:19,16.07.2023 16:19,14.07.2023 17:19,14.07.2023 16:33,Within SLA,,SLA Violated,,10.0,,Ready to use Software,Tier 2,Poland,52.536273,19.050639,0
Closed,2605,Low,Chat,Feature request,2nd line support,Michele Whyatt,14.07.2023 19:58,15.07.2023 19:58,14.07.2023 20:00,14.07.2023 19:58,Within SLA,15.07.2023 12:07,Within SLA,17.07.2023 01:17,6.0,4.0,Other,Tier 2,Poland,52.536273,19.050639,1
Closed,2606,Medium,Chat,Pricing and licensing,1st line support,Sheela Cutten,14.07.2023 17:35,15.07.2023 17:35,14.07.2023 17:37,14.07.2023 17:36,Within SLA,15.07.2023 17:01,Within SLA,20.07.2023 21:37,2.0,4.0,Custom software development,Tier 1,United Kingdom,55.378052,-3.435973,1
Closed,2607,Low,Chat,Feature request,1st line support,Kristos Westoll,14.07.2023 17:14,15.07.2023 17:14,14.07.2023 17:16,14.07.2023 17:16,SLA Violated,15.07.2023 03:26,Within SLA,21.07.2023 12:07,7.0,4.0,Ready to use Software,Tier 1,United Kingdom,55.378052,-3.435973,1
Resolved,2608,Low,Email,Product setup,1st line support,Nicola Wane,14.07.2023 13:34,16.07.2023 13:34,14.07.2023 14:34,14.07.2023 14:11,Within SLA,18.07.2023 08:29,SLA Violated,,10.0,,Custom software development,Tier 1,Slovenia,46.1491664,14.9860106,0
In progress,2610,Medium,Email,Product setup,1st line support,Connor Danielovitch,14.07.2023 22:52,16.07.2023 22:52,14.07.2023 23:52,14.07.2023 23:10,Within SLA,,SLA Violated,,10.0,,Training and Consulting Services,Tier 1,United Kingdom,55.378052,-3.435973,0
Resolved,2611,Low,Email,Pricing and licensing,1st line support,Bernard Beckley,14.07.2023 11:31,16.07.2023 11:31,14.07.2023 12:31,14.07.2023 15:46,SLA Violated,15.07.2023 10:58,Within SLA,,2.0,,Ready to use Software,Tier 1,Greece,39.368279,21.863141,0
Closed,2612,Low,Chat,Feature request,1st line support,Nicola Wane,14.07.2023 03:21,15.07.2023 03:21,14.07.2023 03:23,14.07.2023 03:22,Within SLA,18.07.2023 12:04,SLA Violated,20.07.2023 01:00,6.0,4.0,Ready to use Software,Tier 1,France,48.864716,2.349014,1
Closed,2613,Medium,Email,Purchasing and invoicing,1st line support,Bernard Beckley,14.07.2023 08:22,16.07.2023 08:22,14.07.2023 09:22,14.07.2023 08:45,Within SLA,14.07.2023 15:32,Within SLA,19.07.2023 22:37,2.0,3.0,Other,Tier 1,United Kingdom,55.378052,-3.435973,1
Resolved,2619,Low,Email,Product setup,1st line support,Kristos Westoll,15.07.2023 12:50,17.07.2023 12:50,15.07.2023 13:50,15.07.2023 13:16,Within SLA,19.07.2023 19:58,SLA Violated,,2.0,,Other,Tier 1,Italy,43.036776,12.678565,0
In progress,2620,Low,Email,Pricing and licensing,1st line support,Nicola Wane,15.07.2023 14:25,17.07.2023 14:25,15.07.2023 15:25,15.07.2023 14:58,Within SLA,,SLA Violated,,2.0,,Ready to use Software,Tier 1,Poland,52.536273,19.050639,0
Closed,2621,Low,Chat,Product setup,2nd line support,Heather Urry,15.07.2023 23:31,16.07.2023 23:31,15.07.2023 23:33,15.07.2023 23:32,Within SLA,16.07.2023 20:19,Within SLA,21.07.2023 12:05,6.0,3.0,Training and Consulting Services,Tier 2,Germany,51.165691,10.451526,1
Closed,2622,Medium,Email,Bug report,1st line support,Kristos Westoll,16.07.2023 21:55,18.07.2023 21:55,16.07.2023 22:55,16.07.2023 22:04,Within SLA,17.07.2023 13:43,Within SLA,18.07.2023 05:45,2.0,4.0,Ready to use Software,Tier 1,Italy,43.036776,12.678565,1
Closed,2632,Medium,Chat,Other,1st line support,Connor Danielovitch,16.07.2023 17:54,17.07.2023 17:54,16.07.2023 17:56,16.07.2023 17:55,Within SLA,2023-07-18 07:55:55.087,SLA Violated,20.07.2023 05:55,3.0,5.0,Custom software development,Tier 1,Italy,43.036776,12.678565,1
Closed,2633,Low,Email,Purchasing and invoicing,1st line support,Connor Danielovitch,17.07.2023 12:33,19.07.2023 12:33,17.07.2023 13:33,17.07.2023 13:08,Within SLA,17.07.2023 17:04,Within SLA,21.07.2023 10:49,9.0,3.0,Other,Tier 1,Slovenia,46.1491664,14.9860106,1
In progress,2634,Medium,Chat,Purchasing and invoicing,1st line support,Connor Danielovitch,17.07.2023 13:46,18.07.2023 13:46,17.07.2023 13:48,17.07.2023 13:48,Within SLA,,SLA Violated,,9.0,,Ready to use Software,Tier 1,Poland,52.536273,19.050639,0
In progress,2635,High,Email,Product setup,1st line support,Sheela Cutten,17.07.2023 09:30,19.07.2023 09:30,17.07.2023 10:30,17.07.2023 09:31,Within SLA,,SLA Violated,,10.0,,Other,Tier 1,Greece,39.368279,21.863141,0
Closed,2636,Medium,Email,Product setup,2nd line support,Adolpho Messingham,17.07.2023 21:54,19.07.2023 21:54,17.07.2023 22:54,17.07.2023 22:08,Within SLA,2023-07-19 15:45:21.095,Within SLA,19.07.2023 21:16,7.0,3.0,Ready to use Software,Tier 2,Italy,43.036776,12.678565,1
Closed,2637,Low,Email,Pricing and licensing,2nd line support,Adolpho Messingham,17.07.2023 04:29,19.07.2023 04:29,17.07.2023 05:29,17.07.2023 04:52,Within SLA,2023-07-17 09:15:09.051,Within SLA,23.07.2023 05:05,2.0,5.0,Training and Consulting Services,Tier 2,Germany,51.165691,10.451526,1
Closed,2638,Low,Email,Product setup,1st line support,Kristos Westoll,17.07.2023 16:26,19.07.2023 16:26,17.07.2023 17:26,17.07.2023 17:14,Within SLA,23.07.2023 08:26,SLA Violated,23.07.2023 09:01,2.0,2.0,Training and Consulting Services,Tier 1,United Kingdom,55.378052,-3.435973,1
In progress,2639,Medium,Email,Product setup,1st line support,Kristos Westoll,17.07.2023 15:47,19.07.2023 15:47,17.07.2023 16:47,17.07.2023 16:37,Within SLA,,SLA Violated,,1.0,,Training and Consulting Services,Tier 1,United Kingdom,55.378052,-3.435973,0
In progress,2640,Medium,Email,Other,1st line support,Kristos Westoll,17.07.2023 14:31,19.07.2023 14:31,17.07.2023 15:31,17.07.2023 15:12,Within SLA,,SLA Violated,,2.0,,Ready to use Software,Tier 1,Republic of Ireland,53.094024,-8.019675,0
Resolved,2641,Low,Email,Pricing and licensing,1st line support,Kristos Westoll,17.07.2023 15:53,19.07.2023 15:53,17.07.2023 16:53,17.07.2023 16:35,Within SLA,17.07.2023 18:31,Within SLA,,7.0,,Ready to use Software,Tier 1,Italy,43.036776,12.678565,0
Closed,2642,Medium,Chat,Other,1st line support,Connor Danielovitch,18.07.2023 02:49,19.07.2023 02:49,18.07.2023 02:51,18.07.2023 02:50,Within SLA,18.07.2023 21:49,Within SLA,25.07.2023 04:57,2.0,4.0,Ready to use Software,Tier 1,Germany,51.165691,10.451526,1
Resolved,2643,Low,Email,Feature request,1st line support,Nicola Wane,18.07.2023 14:57,20.07.2023 14:57,18.07.2023 15:57,18.07.2023 15:30,Within SLA,19.07.2023 00:00,Within SLA,,10.0,,Ready to use Software,Tier 1,Slovenia,46.1491664,14.9860106,0
Closed,2644,Medium,Chat,Purchasing and invoicing,2nd line support,Michele Whyatt,18.07.2023 16:29,19.07.2023 16:29,18.07.2023 16:31,18.07.2023 16:30,Within SLA,18.07.2023 22:15,Within SLA,22.07.2023 22:59,6.0,3.0,Custom software development,Tier 2,Germany,51.165691,10.451526,1
Closed,2645,Low,Email,Other,1st line support,Bernard Beckley,18.07.2023 13:46,20.07.2023 13:46,18.07.2023 14:46,18.07.2023 13:53,Within SLA,18.07.2023 18:31,Within SLA,25.07.2023 14:34,1.0,1.0,Other,Tier 1,United Kingdom,55.378052,-3.435973,1
Resolved,2646,Low,Email,Product setup,1st line support,Connor Danielovitch,18.07.2023 07:16,20.07.2023 07:16,18.07.2023 08:16,18.07.2023 07:51,Within SLA,18.07.2023 22:09,Within SLA,,4.0,,Custom software development,Tier 1,Germany,51.165691,10.451526,0
Closed,2647,Low,Email,Product setup,1st line support,Kristos Westoll,18.07.2023 17:01,20.07.2023 17:01,18.07.2023 18:01,18.07.2023 17:07,Within SLA,20.07.2023 20:34,SLA Violated,2023-07-22 15:14:44.089,2.0,2.0,Ready to use Software,Tier 1,Austria,47.6964719,13.3457347,1
In progress,2648,High,Email,Purchasing and invoicing,1st line support,Kristos Westoll,18.07.2023 04:21,20.07.2023 04:21,18.07.2023 05:21,2023-07-18 04:46:42.005,Within SLA,,SLA Violated,,2.0,,Other,Tier 1,Italy,43.036776,12.678565,0
In progress,2649,Low,Email,Other,2nd line support,Adolpho Messingham,18.07.2023 05:16,20.07.2023 05:16,18.07.2023 06:16,18.07.2023 05:29,Within SLA,,SLA Violated,,3.0,,Custom software development,Tier 2,Italy,43.036776,12.678565,0
Closed,2650,Low,Email,Pricing and licensing,1st line support,Nicola Wane,18.07.2023 07:18,20.07.2023 07:18,18.07.2023 08:18,2023-07-18 07:47:46.075,Within SLA,19.07.2023 14:04,Within SLA,20.07.2023 06:09,3.0,5.0,Ready to use Software,Tier 1,Republic of Ireland,53.094024,-8.019675,1
In progress,2651,Low,Chat,Product setup,1st line support,Connor Danielovitch,19.07.2023 20:24,20.07.2023 20:24,19.07.2023 20:26,19.07.2023 20:26,Within SLA,,SLA Violated,,2.0,,Custom software development,Tier 1,Spain,39.67337,-4.767726,0
Closed,2652,Low,Chat,Purchasing and invoicing,1st line support,Connor Danielovitch,19.07.2023 03:50,20.07.2023 03:50,19.07.2023 03:52,19.07.2023 03:52,Within SLA,2023-07-21 19:59:26.007,SLA Violated,22.07.2023 12:39,6.0,3.0,Other,Tier 1,Germany,51.165691,10.451526,1
Closed,2653,High,Chat,Pricing and licensing,1st line support,Bernard Beckley,19.07.2023 00:38,20.07.2023 00:38,19.07.2023 00:40,19.07.2023 00:42,SLA Violated,24.07.2023 03:49,SLA Violated,25.07.2023 12:26,7.0,5.0,Other,Tier 1,Austria,47.6964719,13.3457347,1
Closed,2654,Medium,Chat,Feature request,2nd line support,Adolpho Messingham,19.07.2023 04:58,20.07.2023 04:58,19.07.2023 05:00,19.07.2023 05:01,SLA Violated,19.07.2023 09:48,Within SLA,20.07.2023 05:53,3.0,3.0,Custom software development,Tier 2,Italy,43.036776,12.678565,1
Resolved,2655,High,Email,Product setup,1st line support,Kristos Westoll,19.07.2023 16:27,21.07.2023 16:27,19.07.2023 17:27,19.07.2023 16:44,Within SLA,2023-07-20 10:35:34.063,Within SLA,,10.0,,Ready to use Software,Tier 1,Czech Republic,49.8037633,15.4749126,0
Closed,2656,Low,Email,Pricing and licensing,1st line support,Sheela Cutten,19.07.2023 01:55,21.07.2023 01:55,19.07.2023 02:55,19.07.2023 02:54,Within SLA,20.07.2023 22:30,Within SLA,2023-07-24 11:08:19.016,6.0,3.0,Ready to use Software,Tier 1,Italy,43.036776,12.678565,1
Closed,2657,High,Chat,Product setup,1st line support,Bernard Beckley,19.07.2023 11:40,20.07.2023 11:40,19.07.2023 11:42,19.07.2023 11:41,Within SLA,21.07.2023 09:43,SLA Violated,21.07.2023 14:06,2.0,5.0,Ready to use Software,Tier 1,Italy,43.036776,12.678565,1
Resolved,2658,Medium,Chat,Product setup,1st line support,Bernard Beckley,19.07.2023 07:01,20.07.2023 07:01,19.07.2023 07:03,19.07.2023 07:02,Within SLA,19.07.2023 11:02,Within SLA,,8.0,,Ready to use Software,Tier 1,Spain,39.67337,-4.767726,0
Closed,2659,Medium,Chat,Feature request,2nd line support,Heather Urry,19.07.2023 21:29,20.07.2023 21:29,19.07.2023 21:31,19.07.2023 21:30,Within SLA,2023-07-20 03:07:03.049,Within SLA,23.07.2023 11:52,9.0,4.0,Ready to use Software,Tier 2,France,48.864716,2.349014,1
Resolved,2660,Low,Chat,Product setup,2nd line support,Michele Whyatt,19.07.2023 20:35,20.07.2023 20:35,19.07.2023 20:37,19.07.2023 20:37,Within SLA,20.07.2023 03:19,Within SLA,,9.0,,Ready to use Software,Tier 2,Spain,39.67337,-4.767726,0
Closed,2661,Low,Email,Product setup,2nd line support,Michele Whyatt,19.07.2023 10:17,21.07.2023 10:17,19.07.2023 11:17,19.07.2023 10:24,Within SLA,20.07.2023 20:43,Within SLA,20.07.2023 23:36,1.0,1.0,Ready to use Software,Tier 2,Poland,52.536273,19.050639,1
Resolved,2662,Low,Chat,Pricing and licensing,2nd line support,Adolpho Messingham,20.07.2023 05:38,21.07.2023 05:38,20.07.2023 05:40,20.07.2023 05:39,Within SLA,21.07.2023 04:17,Within SLA,,2.0,,Ready to use Software,Tier 2,Poland,52.536273,19.050639,0
Closed,2663,Low,Email,Training request,1st line support,Bernard Beckley,20.07.2023 09:57,22.07.2023 09:57,20.07.2023 10:57,20.07.2023 10:01,Within SLA,2023-07-24 08:53:58.098,SLA Violated,25.07.2023 06:09,1.0,3.0,Training and Consulting Services,Tier 1,France,48.864716,2.349014,1
Resolved,2664,Low,Email,Feature request,1st line support,Sheela Cutten,20.07.2023 07:52,22.07.2023 07:52,20.07.2023 08:52,20.07.2023 08:38,Within SLA,20.07.2023 19:28,Within SLA,,10.0,,Ready to use Software,Tier 1,Germany,51.165691,10.451526,0
Resolved,2665,Low,Email,Feature request,2nd line support,Michele Whyatt,20.07.2023 23:02,22.07.2023 23:02,21.07.2023 00:02,20.07.2023 23:37,Within SLA,21.07.2023 18:22,Within SLA,,6.0,,Other,Tier 2,Poland,52.536273,19.050639,0
Closed,2667,Medium,Email,Pricing and licensing,2nd line support,Heather Urry,20.07.2023 00:51,22.07.2023 00:51,20.07.2023 01:51,20.07.2023 01:20,Within SLA,20.07.2023 12:00,Within SLA,20.07.2023 18:43,4.0,5.0,Custom software development,Tier 2,France,48.864716,2.349014,1
Resolved,2669,Medium,Email,Pricing and licensing,1st line support,Connor Danielovitch,20.07.2023 05:31,22.07.2023 05:31,20.07.2023 06:31,2023-07-20 11:05:20.094,SLA Violated,20.07.2023 10:37,Within SLA,,2.0,,Custom software development,Tier 1,Germany,51.165691,10.451526,0
In progress,2670,Medium,Email,Feature request,1st line support,Kristos Westoll,20.07.2023 08:29,22.07.2023 08:29,20.07.2023 09:29,20.07.2023 09:24,Within SLA,,SLA Violated,,6.0,,Ready to use Software,Tier 1,Poland,52.536273,19.050639,0
In progress,2671,Low,Chat,Product setup,1st line support,Kristos Westoll,20.07.2023 10:48,21.07.2023 10:48,20.07.2023 10:50,20.07.2023 10:49,Within SLA,,SLA Violated,,4.0,,Other,Tier 1,Greece,39.368279,21.863141,0
Closed,2672,Low,Chat,Product setup,1st line support,Kristos Westoll,20.07.2023 03:48,21.07.2023 03:48,20.07.2023 03:50,20.07.2023 03:50,Within SLA,21.07.2023 07:47,SLA Violated,22.07.2023 15:09,5.0,2.0,Custom software development,Tier 1,Austria,47.6964719,13.3457347,1
Resolved,2673,Medium,Email,Pricing and licensing,2nd line support,Heather Urry,20.07.2023 15:35,22.07.2023 15:35,20.07.2023 16:35,20.07.2023 15:57,Within SLA,2023-07-20 20:15:07.064,Within SLA,,1.0,,Ready to use Software,Tier 2,Italy,43.036776,12.678565,0
Resolved,2674,Medium,Email,Other,1st line support,Nicola Wane,21.07.2023 17:17,23.07.2023 17:17,21.07.2023 18:17,21.07.2023 17:54,Within SLA,23.07.2023 07:02,Within SLA,,4.0,,Training and Consulting Services,Tier 1,Greece,39.368279,21.863141,0
Closed,2675,Medium,Chat,Bug report,1st line support,Nicola Wane,21.07.2023 04:14,22.07.2023 04:14,21.07.2023 04:16,21.07.2023 04:16,Within SLA,2023-07-23 17:12:33.046,SLA Violated,25.07.2023 08:09,2.0,4.0,Ready to use Software,Tier 1,Poland,52.536273,19.050639,1
Resolved,2676,Medium,Email,Product setup,1st line support,Kristos Westoll,21.07.2023 21:58,23.07.2023 21:58,21.07.2023 22:58,21.07.2023 22:25,Within SLA,2023-07-21 23:49:28.095,Within SLA,,3.0,,Custom software development,Tier 1,Germany,51.165691,10.451526,0
Resolved,2677,Low,Chat,Feature request,2nd line support,Adolpho Messingham,21.07.2023 23:58,22.07.2023 23:58,22.07.2023 00:00,2023-07-22 00:04:42.063,SLA Violated,22.07.2023 22:48,Within SLA,,2.0,,Other,Tier 2,Germany,51.165691,10.451526,0
Closed,2678,Medium,Email,Pricing and licensing,1st line support,Nicola Wane,21.07.2023 01:52,23.07.2023 01:52,21.07.2023 02:52,21.07.2023 02:37,Within SLA,22.07.2023 20:39,Within SLA,27.07.2023 18:24,2.0,5.0,Other,Tier 1,United Kingdom,55.378052,-3.435973,1
Resolved,2680,Medium,Chat,Product setup,2nd line support,Michele Whyatt,21.07.2023 08:59,22.07.2023 08:59,21.07.2023 09:01,21.07.2023 09:00,Within SLA,21.07.2023 20:40,Within SLA,,9.0,,Ready to use Software,Tier 2,Czech Republic,49.8037633,15.4749126,0
Closed,2681,High,Chat,Product setup,1st line support,Nicola Wane,22.07.2023 09:55,23.07.2023 09:55,22.07.2023 09:57,22.07.2023 09:57,Within SLA,27.07.2023 00:14,SLA Violated,28.07.2023 16:18,4.0,4.0,Custom software development,Tier 1,Germany,51.165691,10.451526,1
Closed,2682,Low,Email,Product setup,2nd line support,Michele Whyatt,22.07.2023 07:28,24.07.2023 07:28,22.07.2023 08:28,22.07.2023 08:10,Within SLA,26.07.2023 21:54,SLA Violated,27.07.2023 08:11,1.0,2.0,Ready to use Software,Tier 2,Greece,39.368279,21.863141,1
Closed,2683,Low,Chat,Feature request,1st line support,Sheela Cutten,22.07.2023 02:02,23.07.2023 02:02,22.07.2023 02:04,2023-07-22 02:02:14.021,Within SLA,22.07.2023 16:46,Within SLA,24.07.2023 06:55,9.0,3.0,Ready to use Software,Tier 1,Italy,43.036776,12.678565,1
Closed,2694,Medium,Chat,Product setup,1st line support,Kristos Westoll,23.07.2023 08:50,24.07.2023 08:50,23.07.2023 08:52,23.07.2023 08:50,Within SLA,23.07.2023 22:33,Within SLA,24.07.2023 18:50,2.0,5.0,Ready to use Software,Tier 1,Italy,43.036776,12.678565,1
In progress,2695,Medium,Chat,Product setup,1st line support,Nicola Wane,23.07.2023 03:45,24.07.2023 03:45,23.07.2023 03:47,23.07.2023 03:45,Within SLA,,SLA Violated,,5.0,,Ready to use Software,Tier 1,Republic of Ireland,53.094024,-8.019675,0
Resolved,2696,Low,Email,Bug report,2nd line support,Heather Urry,23.07.2023 22:55,25.07.2023 22:55,23.07.2023 23:55,23.07.2023 23:21,Within SLA,24.07.2023 09:28,Within SLA,,10.0,,Other,Tier 2,Czech Republic,49.8037633,15.4749126,0
Closed,2697,High,Email,Product setup,1st line support,Sheela Cutten,24.07.2023 20:47,26.07.2023 20:47,24.07.2023 21:47,24.07.2023 21:23,Within SLA,25.07.2023 15:24,Within SLA,29.07.2023 11:21,1.0,4.0,Ready to use Software,Tier 1,Italy,43.036776,12.678565,1
Resolved,2698,Medium,Email,Other,1st line support,Connor Danielovitch,24.07.2023 23:11,26.07.2023 23:11,25.07.2023 00:11,24.07.2023 23:57,Within SLA,2023-07-26 09:41:59.053,Within SLA,,6.0,,Custom software development,Tier 1,Bulgaria,42.7249925,25.4833039,0
In progress,2699,Medium,Phone,Purchasing and invoicing,1st line support,Nicola Wane,24.07.2023 08:12,26.07.2023 08:12,24.07.2023 08:14,2023-07-24 08:13:05.096,Within SLA,,SLA Violated,,3.0,,Other,Tier 1,Greece,39.368279,21.863141,0
In progress,2700,Medium,Chat,Product setup,1st line support,Kristos Westoll,24.07.2023 05:12,25.07.2023 05:12,24.07.2023 05:14,24.07.2023 05:14,Within SLA,,SLA Violated,,6.0,,Other,Tier 1,Italy,43.036776,12.678565,0
Closed,2701,High,Email,Product setup,1st line support,Sheela Cutten,24.07.2023 22:56,26.07.2023 22:56,24.07.2023 23:56,24.07.2023 23:42,Within SLA,25.07.2023 10:40,Within SLA,2023-07-26 07:24:06.003,4.0,4.0,Custom software development,Tier 1,Poland,52.536273,19.050639,1
Closed,2702,Low,Chat,Purchasing and invoicing,1st line support,Nicola Wane,24.07.2023 06:35,25.07.2023 06:35,24.07.2023 06:37,24.07.2023 06:35,Within SLA,29.07.2023 20:10,SLA Violated,31.07.2023 12:35,2.0,4.0,Ready to use Software,Tier 1,Germany,51.165691,10.451526,1
Closed,2703,Medium,Chat,Purchasing and invoicing,2nd line support,Heather Urry,24.07.2023 05:17,25.07.2023 05:17,24.07.2023 05:19,24.07.2023 05:17,Within SLA,28.07.2023 22:09,SLA Violated,30.07.2023 09:21,4.0,1.0,Ready to use Software,Tier 2,Slovenia,46.1491664,14.9860106,1
Closed,2704,Low,Email,Purchasing and invoicing,1st line support,Nicola Wane,24.07.2023 19:22,26.07.2023 19:22,24.07.2023 20:22,24.07.2023 20:13,Within SLA,26.07.2023 10:18,Within SLA,2023-07-30 21:21:00.096,10.0,5.0,Other,Tier 1,Czech Republic,49.8037633,15.4749126,1
Closed,2705,High,Email,Feature request,2nd line support,Heather Urry,25.07.2023 19:01,27.07.2023 19:01,25.07.2023 20:01,25.07.2023 19:52,Within SLA,26.07.2023 02:17,Within SLA,27.07.2023 10:50,1.0,5.0,Ready to use Software,Tier 2,Poland,52.536273,19.050639,1
In progress,2706,Medium,Phone,Pricing and licensing,1st line support,Bernard Beckley,25.07.2023 05:19,27.07.2023 05:19,25.07.2023 05:21,25.07.2023 05:20,Within SLA,,SLA Violated,,5.0,,Ready to use Software,Tier 1,Poland,52.536273,19.050639,0
In progress,2707,High,Chat,Other,1st line support,Nicola Wane,25.07.2023 08:24,26.07.2023 08:24,25.07.2023 08:26,25.07.2023 08:24,Within SLA,,SLA Violated,,5.0,,Custom software development,Tier 1,Spain,39.67337,-4.767726,0
Resolved,2708,Medium,Chat,Feature request,1st line support,Connor Danielovitch,25.07.2023 10:09,26.07.2023 10:09,25.07.2023 10:11,25.07.2023 10:11,Within SLA,31.07.2023 03:44,SLA Violated,,8.0,,Ready to use Software,Tier 1,Republic of Ireland,53.094024,-8.019675,0
Resolved,2709,Medium,Email,Purchasing and invoicing,1st line support,Sheela Cutten,25.07.2023 12:41,27.07.2023 12:41,25.07.2023 13:41,25.07.2023 13:13,Within SLA,26.07.2023 20:54,Within SLA,,5.0,,Ready to use Software,Tier 1,Germany,51.165691,10.451526,0
Closed,2710,Low,Chat,Bug report,1st line support,Sheela Cutten,25.07.2023 16:03,26.07.2023 16:03,25.07.2023 16:05,25.07.2023 16:05,Within SLA,25.07.2023 17:00,Within SLA,01.08.2023 03:45,2.0,3.0,Ready to use Software,Tier 1,Germany,51.165691,10.451526,1
Closed,2711,Medium,Chat,Training request,1st line support,Kristos Westoll,25.07.2023 22:00,26.07.2023 22:00,25.07.2023 22:02,25.07.2023 22:01,Within SLA,26.07.2023 20:00,Within SLA,01.08.2023 00:43,5.0,1.0,Training and Consulting Services,Tier 1,United Kingdom,55.378052,-3.435973,1
Closed,2712,Medium,Phone,Pricing and licensing,2nd line support,Heather Urry,26.07.2023 05:17,28.07.2023 05:17,26.07.2023 05:19,26.07.2023 05:20,SLA Violated,29.07.2023 20:15,SLA Violated,30.07.2023 16:43,1.0,5.0,Ready to use Software,Tier 2,Slovenia,46.1491664,14.9860106,1
Resolved,2713,Low,Chat,Other,1st line support,Bernard Beckley,26.07.2023 17:48,27.07.2023 17:48,26.07.2023 17:50,26.07.2023 17:49,Within SLA,27.07.2023 16:00,Within SLA,,9.0,,Custom software development,Tier 1,Slovenia,46.1491664,14.9860106,0
In progress,2714,Medium,Email,Pricing and licensing,1st line support,Nicola Wane,26.07.2023 17:37,28.07.2023 17:37,26.07.2023 18:37,26.07.2023 18:36,Within SLA,,SLA Violated,,6.0,,Training and Consulting Services,Tier 1,United Kingdom,55.378052,-3.435973,0
Closed,2715,Low,Chat,Pricing and licensing,1st line support,Nicola Wane,26.07.2023 11:56,27.07.2023 11:56,26.07.2023 11:58,26.07.2023 11:59,SLA Violated,27.07.2023 11:38,Within SLA,28.07.2023 15:06,2.0,5.0,Other,Tier 1,Germany,51.165691,10.451526,1
In progress,2716,Low,Email,Product setup,1st line support,Bernard Beckley,26.07.2023 06:23,28.07.2023 06:23,26.07.2023 07:23,26.07.2023 06:28,Within SLA,,SLA Violated,,3.0,,Training and Consulting Services,Tier 1,Poland,52.536273,19.050639,0
Closed,2717,Low,Email,Product setup,2nd line support,Heather Urry,26.07.2023 10:12,28.07.2023 10:12,26.07.2023 11:12,26.07.2023 10:57,Within SLA,26.07.2023 17:06,Within SLA,27.07.2023 21:29,2.0,3.0,Custom software development,Tier 2,United Kingdom,55.378052,-3.435973,1
Resolved,2718,Medium,Email,Purchasing and invoicing,1st line support,Sheela Cutten,26.07.2023 10:23,28.07.2023 10:23,26.07.2023 11:23,26.07.2023 11:22,Within SLA,31.07.2023 23:26,SLA Violated,,1.0,,Ready to use Software,Tier 1,Bulgaria,42.7249925,25.4833039,0
In progress,2719,Low,Email,Purchasing and invoicing,2nd line support,Heather Urry,26.07.2023 14:24,28.07.2023 14:24,26.07.2023 15:24,2023-07-26 14:48:57.009,Within SLA,,SLA Violated,,1.0,,Custom software development,Tier 2,Spain,39.67337,-4.767726,0
Resolved,2720,Medium,Email,Product setup,1st line support,Nicola Wane,27.07.2023 12:52,29.07.2023 12:52,27.07.2023 13:52,2023-07-27 13:48:22.002,Within SLA,27.07.2023 13:13,Within SLA,,1.0,,Ready to use Software,Tier 1,Greece,39.368279,21.863141,0
Closed,2721,Low,Phone,Product setup,1st line support,Sheela Cutten,27.07.2023 17:15,29.07.2023 17:15,27.07.2023 17:17,27.07.2023 17:15,Within SLA,29.07.2023 08:12,Within SLA,01.08.2023 10:58,4.0,2.0,Custom software development,Tier 1,Bulgaria,42.7249925,25.4833039,1
Closed,2722,Low,Chat,Training request,1st line support,Connor Danielovitch,27.07.2023 22:45,28.07.2023 22:45,27.07.2023 22:47,2023-07-27 22:50:25.027,SLA Violated,27.07.2023 22:49,Within SLA,01.08.2023 14:52,5.0,4.0,Training and Consulting Services,Tier 1,Poland,52.536273,19.050639,1
Resolved,2723,Medium,Email,Bug report,1st line support,Sheela Cutten,27.07.2023 21:40,29.07.2023 21:40,27.07.2023 22:40,27.07.2023 21:57,Within SLA,28.07.2023 14:02,Within SLA,,1.0,,Training and Consulting Services,Tier 1,Italy,43.036776,12.678565,0
Closed,2724,High,Chat,Pricing and licensing,1st line support,Nicola Wane,27.07.2023 01:06,28.07.2023 01:06,27.07.2023 01:08,27.07.2023 01:07,Within SLA,27.07.2023 23:58,Within SLA,02.08.2023 11:04,6.0,3.0,Custom software development,Tier 1,Italy,43.036776,12.678565,1
Resolved,2725,Low,Email,Feature request,1st line support,Sheela Cutten,28.07.2023 10:17,30.07.2023 10:17,28.07.2023 11:17,28.07.2023 10:19,Within SLA,2023-08-01 23:24:17.075,SLA Violated,,3.0,,Custom software development,Tier 1,United Kingdom,55.378052,-3.435973,0
Closed,2726,High,Email,Product setup,1st line support,Sheela Cutten,28.07.2023 16:21,30.07.2023 16:21,28.07.2023 17:21,28.07.2023 16:34,Within SLA,29.07.2023 16:38,Within SLA,04.08.2023 04:24,8.0,5.0,Custom software development,Tier 1,Germany,51.165691,10.451526,1
Resolved,2728,Low,Email,Product setup,1st line support,Nicola Wane,28.07.2023 04:55,30.07.2023 04:55,28.07.2023 05:55,28.07.2023 09:10,SLA Violated,29.07.2023 18:39,Within SLA,,8.0,,Custom software development,Tier 1,France,48.864716,2.349014,0
Closed,2729,Medium,Chat,Feature request,1st line support,Connor Danielovitch,28.07.2023 05:07,29.07.2023 05:07,28.07.2023 05:09,2023-07-28 05:08:56.051,Within SLA,02.08.2023 19:57,SLA Violated,03.08.2023 10:05,5.0,3.0,Ready to use Software,Tier 1,Slovenia,46.1491664,14.9860106,1
Resolved,2730,Low,Chat,Purchasing and invoicing,1st line support,Kristos Westoll,28.07.2023 03:03,29.07.2023 03:03,28.07.2023 03:05,28.07.2023 03:05,Within SLA,2023-07-28 16:24:57.013,Within SLA,,6.0,,Other,Tier 1,France,48.864716,2.349014,0
Resolved,2731,High,Email,Purchasing and invoicing,1st line support,Kristos Westoll,29.07.2023 16:35,31.07.2023 16:35,29.07.2023 17:35,29.07.2023 16:48,Within SLA,30.07.2023 17:23,Within SLA,,3.0,,Ready to use Software,Tier 1,Italy,43.036776,12.678565,0
Closed,2732,Medium,Email,Pricing and licensing,1st line support,Nicola Wane,29.07.2023 16:26,31.07.2023 16:26,29.07.2023 17:26,29.07.2023 16:39,Within SLA,31.07.2023 10:53,Within SLA,05.08.2023 00:10,5.0,5.0,Custom software development,Tier 1,Republic of Ireland,53.094024,-8.019675,1
Closed,2734,Low,Chat,Other,1st line support,Bernard Beckley,29.07.2023 12:07,30.07.2023 12:07,29.07.2023 12:09,29.07.2023 12:08,Within SLA,29.07.2023 19:34,Within SLA,31.07.2023 09:08,6.0,4.0,Other,Tier 1,Slovenia,46.1491664,14.9860106,1
Resolved,2746,High,Chat,Other,1st line support,Bernard Beckley,30.07.2023 00:43,31.07.2023 00:43,30.07.2023 00:45,30.07.2023 00:44,Within SLA,30.07.2023 07:47,Within SLA,,5.0,,Other,Tier 1,France,48.864716,2.349014,0
Closed,2748,Low,Email,Other,1st line support,Sheela Cutten,30.07.2023 21:40,01.08.2023 21:40,30.07.2023 22:40,30.07.2023 21:51,Within SLA,2023-07-30 23:00:35.048,Within SLA,02.08.2023 09:24,3.0,1.0,Ready to use Software,Tier 1,Slovenia,46.1491664,14.9860106,1
Closed,2749,Low,Email,Bug report,1st line support,Kristos Westoll,30.07.2023 11:52,01.08.2023 11:52,30.07.2023 12:52,30.07.2023 12:10,Within SLA,31.07.2023 04:41,Within SLA,01.08.2023 09:58,1.0,4.0,Custom software development,Tier 1,Slovenia,46.1491664,14.9860106,1
In progress,2750,Medium,Email,Product setup,2nd line support,Michele Whyatt,31.07.2023 21:21,02.08.2023 21:21,31.07.2023 22:21,01.08.2023 03:51,SLA Violated,,SLA Violated,,7.0,,Other,Tier 2,Slovenia,46.1491664,14.9860106,0
Resolved,2751,Medium,Chat,Pricing and licensing,1st line support,Nicola Wane,31.07.2023 00:14,01.08.2023 00:14,31.07.2023 00:16,31.07.2023 00:14,Within SLA,01.08.2023 11:36,SLA Violated,,6.0,,Custom software development,Tier 1,Czech Republic,49.8037633,15.4749126,0
Closed,2752,High,Chat,Training request,1st line support,Connor Danielovitch,31.07.2023 09:46,01.08.2023 09:46,31.07.2023 09:48,31.07.2023 09:47,Within SLA,2023-08-01 05:09:43.047,Within SLA,01.08.2023 21:43,6.0,4.0,Training and Consulting Services,Tier 1,Slovenia,46.1491664,14.9860106,1
Resolved,2753,Low,Chat,Product setup,1st line support,Connor Danielovitch,31.07.2023 19:50,01.08.2023 19:50,31.07.2023 19:52,31.07.2023 19:53,SLA Violated,01.08.2023 11:07,Within SLA,,9.0,,Ready to use Software,Tier 1,Czech Republic,49.8037633,15.4749126,0
Closed,2754,Medium,Email,Product setup,2nd line support,Heather Urry,31.07.2023 04:29,02.08.2023 04:29,31.07.2023 05:29,31.07.2023 04:39,Within SLA,31.07.2023 07:46,Within SLA,31.07.2023 20:57,6.0,4.0,Custom software development,Tier 2,Spain,39.67337,-4.767726,1
Closed,2755,Low,Email,Purchasing and invoicing,1st line support,Sheela Cutten,31.07.2023 19:38,02.08.2023 19:38,31.07.2023 20:38,31.07.2023 20:21,Within SLA,01.08.2023 18:05,Within SLA,07.08.2023 08:46,1.0,4.0,Ready to use Software,Tier 1,Austria,47.6964719,13.3457347,1
Closed,2756,High,Email,Product setup,1st line support,Nicola Wane,31.07.2023 15:54,02.08.2023 15:54,31.07.2023 16:54,31.07.2023 16:49,Within SLA,2023-08-02 05:37:52.081,Within SLA,06.08.2023 09:21,3.0,3.0,Training and Consulting Services,Tier 1,Greece,39.368279,21.863141,1
Closed,2757,Medium,Chat,Other,1st line support,Bernard Beckley,31.07.2023 15:07,01.08.2023 15:07,31.07.2023 15:09,31.07.2023 15:07,Within SLA,01.08.2023 00:32,Within SLA,04.08.2023 06:55,2.0,2.0,Custom software development,Tier 1,Germany,51.165691,10.451526,1
Closed,2758,Low,Chat,Pricing and licensing,1st line support,Kristos Westoll,31.07.2023 19:18,01.08.2023 19:18,31.07.2023 19:20,31.07.2023 19:19,Within SLA,01.08.2023 18:03,Within SLA,02.08.2023 02:48,2.0,2.0,Ready to use Software,Tier 1,Poland,52.536273,19.050639,1
Resolved,2759,Low,Email,Bug report,1st line support,Nicola Wane,31.07.2023 18:58,02.08.2023 18:58,31.07.2023 19:58,31.07.2023 19:18,Within SLA,01.08.2023 13:01,Within SLA,,8.0,,Ready to use Software,Tier 1,United Kingdom,55.378052,-3.435973,0
Closed,2760,Medium,Chat,Pricing and licensing,1st line support,Sheela Cutten,31.07.2023 08:56,01.08.2023 08:56,31.07.2023 08:58,31.07.2023 08:57,Within SLA,02.08.2023 03:55,SLA Violated,02.08.2023 14:00,6.0,5.0,Ready to use Software,Tier 1,Poland,52.536273,19.050639,1
Closed,2761,Low,Email,Purchasing and invoicing,1st line support,Connor Danielovitch,31.07.2023 09:43,02.08.2023 09:43,31.07.2023 10:43,31.07.2023 09:47,Within SLA,01.08.2023 11:59,Within SLA,02.08.2023 10:35,8.0,4.0,Other,Tier 1,Bulgaria,42.7249925,25.4833039,1
Closed,2762,Low,Chat,Feature request,1st line support,Nicola Wane,01.08.2023 04:34,02.08.2023 04:34,01.08.2023 04:36,01.08.2023 04:36,Within SLA,02.08.2023 01:36,Within SLA,2023-08-07 05:34:59.036,2.0,5.0,Ready to use Software,Tier 1,United Kingdom,55.378052,-3.435973,1
Resolved,2763,Medium,Chat,Feature request,2nd line support,Heather Urry,01.08.2023 15:29,02.08.2023 15:29,01.08.2023 15:31,01.08.2023 15:30,Within SLA,01.08.2023 21:25,Within SLA,,7.0,,Other,Tier 2,Poland,52.536273,19.050639,0
Resolved,2764,Low,Email,Product setup,1st line support,Nicola Wane,01.08.2023 20:01,03.08.2023 20:01,01.08.2023 21:01,01.08.2023 20:45,Within SLA,02.08.2023 00:09,Within SLA,,1.0,,Other,Tier 1,France,48.864716,2.349014,0
In progress,2765,High,Email,Product setup,1st line support,Nicola Wane,01.08.2023 11:55,03.08.2023 11:55,01.08.2023 12:55,01.08.2023 11:59,Within SLA,,SLA Violated,,1.0,,Other,Tier 1,Italy,43.036776,12.678565,0
Resolved,2766,Low,Email,Pricing and licensing,1st line support,Bernard Beckley,01.08.2023 03:21,03.08.2023 03:21,01.08.2023 04:21,01.08.2023 04:08,Within SLA,01.08.2023 04:27,Within SLA,,4.0,,Custom software development,Tier 1,Greece,39.368279,21.863141,0
Closed,2768,Medium,Email,Feature request,2nd line support,Adolpho Messingham,01.08.2023 04:44,03.08.2023 04:44,01.08.2023 05:44,01.08.2023 05:34,Within SLA,06.08.2023 19:45,SLA Violated,08.08.2023 18:10,8.0,3.0,Custom software development,Tier 2,Austria,47.6964719,13.3457347,1
Closed,2769,Medium,Email,Bug report,2nd line support,Adolpho Messingham,02.08.2023 07:41,04.08.2023 07:41,02.08.2023 08:41,02.08.2023 07:46,Within SLA,02.08.2023 12:25,Within SLA,2023-08-05 15:42:21.011,2.0,3.0,Custom software development,Tier 2,Poland,52.536273,19.050639,1
Resolved,2771,Medium,Email,Pricing and licensing,2nd line support,Michele Whyatt,02.08.2023 11:18,04.08.2023 11:18,02.08.2023 12:18,02.08.2023 11:32,Within SLA,04.08.2023 09:37,Within SLA,,3.0,,Ready to use Software,Tier 2,Republic of Ireland,53.094024,-8.019675,0
Closed,2772,Low,Email,Pricing and licensing,1st line support,Kristos Westoll,02.08.2023 07:31,04.08.2023 07:31,02.08.2023 08:31,2023-08-02 08:28:03.024,Within SLA,04.08.2023 05:46,Within SLA,05.08.2023 14:31,5.0,4.0,Ready to use Software,Tier 1,Spain,39.67337,-4.767726,1
Closed,2774,Low,Email,Product setup,2nd line support,Michele Whyatt,02.08.2023 18:06,04.08.2023 18:06,02.08.2023 19:06,03.08.2023 01:15,SLA Violated,07.08.2023 07:01,SLA Violated,2023-08-08 10:25:49.048,1.0,4.0,Custom software development,Tier 2,Spain,39.67337,-4.767726,1
Closed,2775,Low,Phone,Pricing and licensing,1st line support,Bernard Beckley,02.08.2023 21:53,04.08.2023 21:53,02.08.2023 21:55,02.08.2023 21:54,Within SLA,07.08.2023 03:50,SLA Violated,09.08.2023 00:16,6.0,4.0,Ready to use Software,Tier 1,Slovenia,46.1491664,14.9860106,1
Closed,2776,Medium,Chat,Bug report,1st line support,Sheela Cutten,02.08.2023 02:37,03.08.2023 02:37,02.08.2023 02:39,02.08.2023 02:42,SLA Violated,02.08.2023 08:31,Within SLA,02.08.2023 14:27,4.0,4.0,Training and Consulting Services,Tier 1,United Kingdom,55.378052,-3.435973,1
Resolved,2777,Medium,Email,Pricing and licensing,1st line support,Nicola Wane,02.08.2023 16:20,04.08.2023 16:20,02.08.2023 17:20,02.08.2023 17:00,Within SLA,04.08.2023 08:57,Within SLA,,1.0,,Ready to use Software,Tier 1,Italy,43.036776,12.678565,0
Resolved,2778,High,Email,Purchasing and invoicing,1st line support,Bernard Beckley,02.08.2023 15:53,04.08.2023 15:53,02.08.2023 16:53,02.08.2023 16:32,Within SLA,08.08.2023 10:26,SLA Violated,,7.0,,Other,Tier 1,Italy,43.036776,12.678565,0
In progress,2779,Medium,Phone,Product setup,1st line support,Connor Danielovitch,03.08.2023 22:39,05.08.2023 22:39,03.08.2023 22:41,03.08.2023 22:42,SLA Violated,,SLA Violated,,1.0,,Ready to use Software,Tier 1,Austria,47.6964719,13.3457347,0
Closed,2780,High,Email,Feature request,2nd line support,Adolpho Messingham,03.08.2023 18:46,05.08.2023 18:46,03.08.2023 19:46,03.08.2023 19:01,Within SLA,05.08.2023 11:59,Within SLA,09.08.2023 20:52,7.0,2.0,Ready to use Software,Tier 2,Poland,52.536273,19.050639,1
Resolved,2781,High,Chat,Bug report,2nd line support,Michele Whyatt,03.08.2023 00:14,04.08.2023 00:14,03.08.2023 00:16,03.08.2023 00:15,Within SLA,07.08.2023 19:15,SLA Violated,,6.0,,Custom software development,Tier 2,Germany,51.165691,10.451526,0
Resolved,2782,High,Phone,Product setup,2nd line support,Adolpho Messingham,03.08.2023 15:31,05.08.2023 15:31,03.08.2023 15:33,03.08.2023 15:32,Within SLA,04.08.2023 22:51,Within SLA,,1.0,,Custom software development,Tier 2,France,48.864716,2.349014,0
Resolved,2783,Low,Email,Purchasing and invoicing,1st line support,Nicola Wane,03.08.2023 14:52,05.08.2023 14:52,03.08.2023 15:52,03.08.2023 15:34,Within SLA,04.08.2023 04:16,Within SLA,,1.0,,Custom software development,Tier 1,France,48.864716,2.349014,0
Closed,2784,Medium,Chat,Feature request,2nd line support,Michele Whyatt,03.08.2023 12:37,04.08.2023 12:37,03.08.2023 12:39,03.08.2023 12:38,Within SLA,04.08.2023 04:47,Within SLA,07.08.2023 12:16,6.0,4.0,Ready to use Software,Tier 2,Italy,43.036776,12.678565,1
Closed,2785,Medium,Phone,Product setup,2nd line support,Michele Whyatt,03.08.2023 21:38,05.08.2023 21:38,03.08.2023 21:40,03.08.2023 21:39,Within SLA,2023-08-05 14:52:32.043,Within SLA,05.08.2023 23:11,1.0,4.0,Custom software development,Tier 2,United Kingdom,55.378052,-3.435973,1
In progress,2786,Medium,Chat,Pricing and licensing,1st line support,Sheela Cutten,03.08.2023 21:33,04.08.2023 21:33,03.08.2023 21:35,03.08.2023 21:35,Within SLA,,SLA Violated,,60.0,,Ready to use Software,Tier 1,Germany,51.165691,10.451526,0
Resolved,2787,Low,Phone,Feature request,1st line support,Nicola Wane,04.08.2023 12:43,06.08.2023 12:43,04.08.2023 12:45,04.08.2023 12:44,Within SLA,07.08.2023 02:10,SLA Violated,,1.0,,Ready to use Software,Tier 1,France,48.864716,2.349014,0
Closed,2788,Low,Chat,Feature request,2nd line support,Michele Whyatt,04.08.2023 04:37,05.08.2023 04:37,04.08.2023 04:39,04.08.2023 04:38,Within SLA,2023-08-04 14:07:43.050,Within SLA,06.08.2023 05:11,4.0,1.0,Ready to use Software,Tier 2,Italy,43.036776,12.678565,1
In progress,2789,High,Email,Product setup,1st line support,Sheela Cutten,04.08.2023 18:15,06.08.2023 18:15,04.08.2023 19:15,2023-08-04 18:50:58.022,Within SLA,,SLA Violated,,6.0,,Other,Tier 1,Greece,39.368279,21.863141,0
Closed,2790,Medium,Email,Product setup,1st line support,Bernard Beckley,04.08.2023 03:20,06.08.2023 03:20,04.08.2023 04:20,04.08.2023 04:17,Within SLA,05.08.2023 21:34,Within SLA,2023-08-06 06:58:58.084,8.0,1.0,Ready to use Software,Tier 1,Italy,43.036776,12.678565,1
Resolved,2791,High,Email,Pricing and licensing,1st line support,Bernard Beckley,04.08.2023 01:50,06.08.2023 01:50,04.08.2023 02:50,04.08.2023 01:55,Within SLA,05.08.2023 20:31,Within SLA,,4.0,,Training and Consulting Services,Tier 1,France,48.864716,2.349014,0
Closed,2792,Low,Phone,Bug report,1st line support,Kristos Westoll,05.08.2023 00:41,07.08.2023 00:41,05.08.2023 00:43,05.08.2023 00:42,Within SLA,07.08.2023 05:00,SLA Violated,08.08.2023 10:15,3.0,1.0,Ready to use Software,Tier 1,Italy,43.036776,12.678565,1
Closed,2793,Medium,Email,Other,1st line support,Nicola Wane,05.08.2023 02:24,07.08.2023 02:24,05.08.2023 03:24,05.08.2023 08:21,SLA Violated,05.08.2023 09:54,Within SLA,09.08.2023 03:05,9.0,4.0,Custom software development,Tier 1,United Kingdom,55.378052,-3.435973,1
Closed,2794,Medium,Chat,Product setup,1st line support,Nicola Wane,05.08.2023 01:58,06.08.2023 01:58,05.08.2023 02:00,05.08.2023 01:59,Within SLA,05.08.2023 10:23,Within SLA,07.08.2023 00:33,5.0,5.0,Training and Consulting Services,Tier 1,Poland,52.536273,19.050639,1
Closed,2806,Low,Email,Feature request,1st line support,Nicola Wane,06.08.2023 11:09,08.08.2023 11:09,06.08.2023 12:09,06.08.2023 11:43,Within SLA,06.08.2023 15:34,Within SLA,2023-08-11 08:07:36.071,8.0,5.0,Ready to use Software,Tier 1,Italy,43.036776,12.678565,1
Resolved,2807,High,Email,Other,1st line support,Connor Danielovitch,06.08.2023 12:50,08.08.2023 12:50,06.08.2023 13:50,2023-08-06 13:17:36.041,Within SLA,07.08.2023 15:01,Within SLA,,1.0,,Custom software development,Tier 1,Slovenia,46.1491664,14.9860106,0
Resolved,2808,High,Email,Bug report,1st line support,Connor Danielovitch,06.08.2023 10:37,08.08.2023 10:37,06.08.2023 11:37,06.08.2023 11:23,Within SLA,11.08.2023 17:38,SLA Violated,,10.0,,Custom software development,Tier 1,United Kingdom,55.378052,-3.435973,0
Closed,2809,Low,Email,Purchasing and invoicing,1st line support,Nicola Wane,06.08.2023 13:52,08.08.2023 13:52,06.08.2023 14:52,06.08.2023 14:21,Within SLA,08.08.2023 07:57,Within SLA,08.08.2023 23:06,3.0,5.0,Ready to use Software,Tier 1,Czech Republic,49.8037633,15.4749126,1
Closed,2810,Low,Email,Product setup,1st line support,Nicola Wane,06.08.2023 17:58,08.08.2023 17:58,06.08.2023 18:58,06.08.2023 18:37,Within SLA,06.08.2023 21:30,Within SLA,12.08.2023 06:43,2.0,5.0,Other,Tier 1,Czech Republic,49.8037633,15.4749126,1
Closed,2811,Low,Email,Pricing and licensing,1st line support,Bernard Beckley,06.08.2023 13:38,08.08.2023 13:38,06.08.2023 14:38,06.08.2023 13:45,Within SLA,11.08.2023 13:43,SLA Violated,12.08.2023 00:10,2.0,5.0,Ready to use Software,Tier 1,France,48.864716,2.349014,1
Resolved,2812,High,Email,Purchasing and invoicing,1st line support,Connor Danielovitch,07.08.2023 12:46,09.08.2023 12:46,07.08.2023 13:46,07.08.2023 19:12,SLA Violated,07.08.2023 20:36,Within SLA,,1.0,,Other,Tier 1,Bulgaria,42.7249925,25.4833039,0
In progress,2813,Low,Email,Bug report,2nd line support,Michele Whyatt,07.08.2023 11:15,09.08.2023 11:15,07.08.2023 12:15,2023-08-07 11:23:32.077,Within SLA,,SLA Violated,,10.0,,Other,Tier 2,Germany,51.165691,10.451526,0
Resolved,2814,Low,Email,Training request,1st line support,Kristos Westoll,07.08.2023 19:44,09.08.2023 19:44,07.08.2023 20:44,07.08.2023 20:37,Within SLA,09.08.2023 03:49,Within SLA,,2.0,,Training and Consulting Services,Tier 1,Germany,51.165691,10.451526,0
Closed,2815,Low,Email,Feature request,1st line support,Nicola Wane,07.08.2023 23:34,09.08.2023 23:34,08.08.2023 00:34,07.08.2023 23:38,Within SLA,08.08.2023 07:04,Within SLA,14.08.2023 00:06,1.0,3.0,Ready to use Software,Tier 1,Poland,52.536273,19.050639,1
In progress,2816,Medium,Chat,Bug report,1st line support,Sheela Cutten,07.08.2023 15:10,08.08.2023 15:10,07.08.2023 15:12,07.08.2023 15:13,SLA Violated,,SLA Violated,,6.0,,Custom software development,Tier 1,Slovenia,46.1491664,14.9860106,0
Closed,2817,Medium,Email,Purchasing and invoicing,1st line support,Sheela Cutten,07.08.2023 22:29,09.08.2023 22:29,07.08.2023 23:29,07.08.2023 23:12,Within SLA,11.08.2023 16:11,SLA Violated,12.08.2023 22:53,4.0,5.0,Ready to use Software,Tier 1,France,48.864716,2.349014,1
Closed,2818,Low,Email,Purchasing and invoicing,1st line support,Sheela Cutten,08.08.2023 09:40,10.08.2023 09:40,08.08.2023 10:40,08.08.2023 10:16,Within SLA,10.08.2023 00:51,Within SLA,11.08.2023 20:48,3.0,5.0,Training and Consulting Services,Tier 1,Poland,52.536273,19.050639,1
Resolved,2819,Low,Phone,Purchasing and invoicing,1st line support,Connor Danielovitch,08.08.2023 21:09,10.08.2023 21:09,08.08.2023 21:11,08.08.2023 21:11,Within SLA,10.08.2023 18:00,Within SLA,,1.0,,Ready to use Software,Tier 1,Bulgaria,42.7249925,25.4833039,0
Resolved,2820,Medium,Chat,Other,1st line support,Bernard Beckley,08.08.2023 22:35,09.08.2023 22:35,08.08.2023 22:37,08.08.2023 22:37,Within SLA,09.08.2023 16:47,Within SLA,,6.0,,Custom software development,Tier 1,Bulgaria,42.7249925,25.4833039,0
Closed,2821,Medium,Chat,Training request,1st line support,Kristos Westoll,08.08.2023 00:50,09.08.2023 00:50,08.08.2023 00:52,08.08.2023 00:52,Within SLA,08.08.2023 18:27,Within SLA,12.08.2023 06:47,6.0,4.0,Training and Consulting Services,Tier 1,Poland,52.536273,19.050639,1
Closed,2822,Low,Phone,Product setup,1st line support,Nicola Wane,08.08.2023 07:51,10.08.2023 07:51,08.08.2023 07:53,08.08.2023 07:53,Within SLA,11.08.2023 20:40,SLA Violated,12.08.2023 01:19,4.0,1.0,Training and Consulting Services,Tier 1,Italy,43.036776,12.678565,1
Closed,2823,High,Email,Feature request,2nd line support,Adolpho Messingham,08.08.2023 01:22,10.08.2023 01:22,08.08.2023 02:22,08.08.2023 01:45,Within SLA,09.08.2023 00:36,Within SLA,09.08.2023 10:29,1.0,3.0,Ready to use Software,Tier 2,Germany,51.165691,10.451526,1
Closed,2824,Low,Email,Purchasing and invoicing,1st line support,Bernard Beckley,08.08.2023 05:42,10.08.2023 05:42,08.08.2023 06:42,08.08.2023 05:49,Within SLA,09.08.2023 06:53,Within SLA,10.08.2023 12:25,2.0,5.0,Ready to use Software,Tier 1,Slovenia,46.1491664,14.9860106,1
Resolved,2825,Medium,Chat,Product setup,1st line support,Connor Danielovitch,09.08.2023 20:32,10.08.2023 20:32,09.08.2023 20:34,09.08.2023 20:32,Within SLA,2023-08-09 23:05:15.032,Within SLA,,8.0,,Ready to use Software,Tier 1,Italy,43.036776,12.678565,0
In progress,2826,Medium,Email,Pricing and licensing,1st line support,Connor Danielovitch,09.08.2023 08:55,11.08.2023 08:55,09.08.2023 09:55,09.08.2023 09:13,Within SLA,,SLA Violated,,3.0,,Custom software development,Tier 1,Slovenia,46.1491664,14.9860106,0
Resolved,2827,High,Email,Bug report,1st line support,Bernard Beckley,09.08.2023 11:05,11.08.2023 11:05,09.08.2023 12:05,2023-08-09 12:04:39.099,Within SLA,13.08.2023 11:52,SLA Violated,,2.0,,Custom software development,Tier 1,Spain,39.67337,-4.767726,0
Closed,2828,Low,Email,Feature request,2nd line support,Michele Whyatt,09.08.2023 17:25,11.08.2023 17:25,09.08.2023 18:25,09.08.2023 17:36,Within SLA,14.08.2023 15:55,SLA Violated,16.08.2023 15:31,4.0,3.0,Other,Tier 2,Italy,43.036776,12.678565,1
Resolved,2829,High,Chat,Pricing and licensing,1st line support,Nicola Wane,09.08.2023 06:58,10.08.2023 06:58,09.08.2023 07:00,09.08.2023 06:59,Within SLA,09.08.2023 19:11,Within SLA,,6.0,,Ready to use Software,Tier 1,Republic of Ireland,53.094024,-8.019675,0
Closed,2830,Low,Chat,Feature request,1st line support,Sheela Cutten,09.08.2023 09:11,10.08.2023 09:11,09.08.2023 09:13,09.08.2023 09:15,SLA Violated,09.08.2023 14:03,Within SLA,11.08.2023 18:56,6.0,3.0,Custom software development,Tier 1,France,48.864716,2.349014,1
Resolved,2831,High,Chat,Bug report,2nd line support,Adolpho Messingham,09.08.2023 17:11,10.08.2023 17:11,09.08.2023 17:13,09.08.2023 17:11,Within SLA,10.08.2023 08:53,Within SLA,,6.0,,Custom software development,Tier 2,Bulgaria,42.7249925,25.4833039,0
In progress,2832,Low,Email,Bug report,2nd line support,Heather Urry,09.08.2023 03:50,11.08.2023 03:50,09.08.2023 04:50,09.08.2023 04:21,Within SLA,,SLA Violated,,10.0,,Custom software development,Tier 2,United Kingdom,55.378052,-3.435973,0
Closed,2833,Low,Email,Product setup,2nd line support,Michele Whyatt,09.08.2023 00:29,11.08.2023 00:29,09.08.2023 01:29,09.08.2023 01:03,Within SLA,09.08.2023 21:58,Within SLA,15.08.2023 08:47,5.0,4.0,Ready to use Software,Tier 2,Czech Republic,49.8037633,15.4749126,1
Closed,2834,Low,Phone,Other,2nd line support,Heather Urry,10.08.2023 18:52,12.08.2023 18:52,10.08.2023 18:54,10.08.2023 18:53,Within SLA,14.08.2023 17:33,SLA Violated,15.08.2023 21:53,2.0,4.0,Ready to use Software,Tier 2,Spain,39.67337,-4.767726,1
In progress,2835,High,Email,Other,2nd line support,Adolpho Messingham,10.08.2023 20:17,12.08.2023 20:17,10.08.2023 21:17,10.08.2023 20:19,Within SLA,,SLA Violated,,6.0,,Ready to use Software,Tier 2,Bulgaria,42.7249925,25.4833039,0
Closed,2836,Low,Email,Purchasing and invoicing,1st line support,Kristos Westoll,10.08.2023 22:15,12.08.2023 22:15,10.08.2023 23:15,2023-08-10 23:05:08.097,Within SLA,11.08.2023 14:48,Within SLA,15.08.2023 20:10,2.0,4.0,Custom software development,Tier 1,Germany,51.165691,10.451526,1
Resolved,2837,Medium,Email,Pricing and Licensing,1st line support,Kristos Westoll,11.08.2023 16:51,13.08.2023 16:51,11.08.2023 17:51,11.08.2023 17:49,Within SLA,12.08.2023 17:03,Within SLA,,5.0,,Custom software development,Tier 1,Republic of Ireland,53.094024,-8.019675,0
Closed,2838,Medium,Phone,Purchasing and invoicing,1st line support,Kristos Westoll,11.08.2023 04:48,13.08.2023 04:48,11.08.2023 04:50,11.08.2023 04:50,Within SLA,14.08.2023 01:33,SLA Violated,15.08.2023 08:39,6.0,2.0,Training and Consulting Services,Tier 1,Greece,39.368279,21.863141,1
Closed,2839,Medium,Email,Feature request,1st line support,Sheela Cutten,11.08.2023 23:20,13.08.2023 23:20,12.08.2023 00:20,11.08.2023 23:24,Within SLA,13.08.2023 11:02,Within SLA,18.08.2023 12:42,6.0,4.0,Ready to use Software,Tier 1,Czech Republic,49.8037633,15.4749126,1
Closed,2840,Low,Chat,Product setup,1st line support,Sheela Cutten,11.08.2023 23:26,12.08.2023 23:26,11.08.2023 23:28,11.08.2023 23:27,Within SLA,2023-08-12 21:43:34.063,Within SLA,12.08.2023 06:28,5.0,5.0,Other,Tier 1,Germany,51.165691,10.451526,1
Closed,2841,High,Chat,Purchasing and invoicing,1st line support,Nicola Wane,11.08.2023 15:00,12.08.2023 15:00,11.08.2023 15:02,11.08.2023 15:00,Within SLA,12.08.2023 09:56,Within SLA,13.08.2023 10:00,5.0,4.0,Ready to use Software,Tier 1,Poland,52.536273,19.050639,1
Closed,2842,High,Email,Purchasing and invoicing,1st line support,Connor Danielovitch,12.08.2023 08:58,14.08.2023 08:58,12.08.2023 09:58,12.08.2023 09:58,Within SLA,17.08.2023 20:19,SLA Violated,18.08.2023 05:54,7.0,3.0,Custom software development,Tier 1,Greece,39.368279,21.863141,1
In progress,2843,Medium,Email,Feature request,2nd line support,Adolpho Messingham,12.08.2023 04:28,14.08.2023 04:28,12.08.2023 05:28,12.08.2023 05:20,Within SLA,,SLA Violated,,10.0,,Other,Tier 2,Republic of Ireland,53.094024,-8.019675,0
Closed,2844,Medium,Chat,Purchasing and invoicing,2nd line support,Michele Whyatt,12.08.2023 14:25,13.08.2023 14:25,12.08.2023 14:27,12.08.2023 14:26,Within SLA,12.08.2023 20:44,Within SLA,15.08.2023 02:22,5.0,5.0,Ready to use Software,Tier 2,France,48.864716,2.349014,1
In progress,2845,Low,Phone,Feature request,1st line support,Sheela Cutten,12.08.2023 01:08,14.08.2023 01:08,12.08.2023 01:10,12.08.2023 01:13,SLA Violated,,SLA Violated,,3.0,,Ready to use Software,Tier 1,Germany,51.165691,10.451526,0
Closed,2855,High,Chat,Feature request,1st line support,Bernard Beckley,13.08.2023 04:29,14.08.2023 04:29,13.08.2023 04:31,13.08.2023 04:29,Within SLA,13.08.2023 08:30,Within SLA,16.08.2023 02:55,6.0,4.0,Ready to use Software,Tier 1,Greece,39.368279,21.863141,1
Closed,2856,Low,Email,Pricing and licensing,2nd line support,Heather Urry,14.08.2023 13:58,16.08.2023 13:58,14.08.2023 14:58,14.08.2023 14:21,Within SLA,15.08.2023 05:15,Within SLA,2023-08-16 17:00:03.001,3.0,3.0,Ready to use Software,Tier 2,Bulgaria,42.7249925,25.4833039,1
Closed,2857,Medium,Email,Feature request,2nd line support,Michele Whyatt,14.08.2023 19:11,16.08.2023 19:11,14.08.2023 20:11,14.08.2023 19:40,Within SLA,16.08.2023 15:22,Within SLA,19.08.2023 13:00,5.0,5.0,Other,Tier 2,Italy,43.036776,12.678565,1
Closed,2858,High,Email,Product setup,2nd line support,Adolpho Messingham,14.08.2023 07:57,16.08.2023 07:57,14.08.2023 08:57,14.08.2023 08:27,Within SLA,16.08.2023 02:51,Within SLA,17.08.2023 11:55,2.0,1.0,Ready to use Software,Tier 2,Italy,43.036776,12.678565,1
Closed,2859,Low,Chat,Bug report,1st line support,Bernard Beckley,14.08.2023 16:56,15.08.2023 16:56,14.08.2023 16:58,14.08.2023 16:58,Within SLA,16.08.2023 00:14,SLA Violated,16.08.2023 10:56,5.0,5.0,Training and Consulting Services,Tier 1,Germany,51.165691,10.451526,1
Resolved,2860,Medium,Chat,Other,1st line support,Nicola Wane,14.08.2023 16:34,15.08.2023 16:34,14.08.2023 16:36,14.08.2023 16:36,Within SLA,18.08.2023 10:45,SLA Violated,,6.0,,Other,Tier 1,Austria,47.6964719,13.3457347,0
Resolved,2861,Low,Email,Other,1st line support,Sheela Cutten,14.08.2023 12:56,16.08.2023 12:56,14.08.2023 13:56,14.08.2023 16:01,SLA Violated,14.08.2023 16:32,Within SLA,,1.0,,Other,Tier 1,Slovenia,46.1491664,14.9860106,0
In progress,2862,Medium,Email,Feature request,1st line support,Connor Danielovitch,14.08.2023 02:02,16.08.2023 02:02,14.08.2023 03:02,14.08.2023 02:26,Within SLA,,SLA Violated,,5.0,,Ready to use Software,Tier 1,Germany,51.165691,10.451526,0
Closed,2863,Medium,Phone,Pricing and Licensing,1st line support,Nicola Wane,14.08.2023 21:53,16.08.2023 21:53,14.08.2023 21:55,14.08.2023 21:54,Within SLA,16.08.2023 05:24,Within SLA,17.08.2023 19:43,1.0,1.0,Custom software development,Tier 1,Poland,52.536273,19.050639,1
Resolved,2864,High,Phone,Pricing and licensing,1st line support,Connor Danielovitch,14.08.2023 16:03,16.08.2023 16:03,14.08.2023 16:05,14.08.2023 16:04,Within SLA,19.08.2023 22:24,SLA Violated,,6.0,,Ready to use Software,Tier 1,Greece,39.368279,21.863141,0
Closed,2865,Low,Email,Product setup,1st line support,Nicola Wane,15.08.2023 06:38,17.08.2023 06:38,15.08.2023 07:38,15.08.2023 06:40,Within SLA,2023-08-16 15:02:32.045,Within SLA,18.08.2023 17:42,5.0,4.0,Ready to use Software,Tier 1,Spain,39.67337,-4.767726,1
Closed,2866,Low,Email,Feature request,2nd line support,Adolpho Messingham,15.08.2023 20:32,17.08.2023 20:32,15.08.2023 21:32,15.08.2023 21:23,Within SLA,16.08.2023 20:00,Within SLA,20.08.2023 21:06,1.0,1.0,Ready to use Software,Tier 2,Italy,43.036776,12.678565,1
In progress,2867,Low,Phone,Pricing and Licensing,1st line support,Bernard Beckley,15.08.2023 19:42,17.08.2023 19:42,15.08.2023 19:44,15.08.2023 19:43,Within SLA,,SLA Violated,,3.0,,Custom software development,Tier 1,Austria,47.6964719,13.3457347,0
Resolved,2868,Low,Email,Training request,1st line support,Kristos Westoll,15.08.2023 22:59,17.08.2023 22:59,15.08.2023 23:59,15.08.2023 23:01,Within SLA,17.08.2023 15:56,Within SLA,,10.0,,Training and Consulting Services,Tier 1,Poland,52.536273,19.050639,0
Resolved,2869,Low,Email,Other,1st line support,Kristos Westoll,15.08.2023 06:18,17.08.2023 06:18,15.08.2023 07:18,15.08.2023 06:57,Within SLA,16.08.2023 01:18,Within SLA,,3.0,,Other,Tier 1,Italy,43.036776,12.678565,0
Closed,2870,High,Phone,Pricing and licensing,1st line support,Connor Danielovitch,15.08.2023 21:06,17.08.2023 21:06,15.08.2023 21:08,15.08.2023 21:08,Within SLA,16.08.2023 02:11,Within SLA,2023-08-20 13:14:14.090,2.0,5.0,Custom software development,Tier 1,Germany,51.165691,10.451526,1
Closed,2871,High,Email,Feature request,1st line support,Sheela Cutten,15.08.2023 07:04,17.08.2023 07:04,15.08.2023 08:04,15.08.2023 07:20,Within SLA,17.08.2023 04:51,Within SLA,20.08.2023 11:29,5.0,3.0,Ready to use Software,Tier 1,Greece,39.368279,21.863141,1
In progress,2872,Medium,Email,Pricing and licensing,1st line support,Sheela Cutten,15.08.2023 21:39,17.08.2023 21:39,15.08.2023 22:39,16.08.2023 03:00,SLA Violated,,SLA Violated,,6.0,,Ready to use Software,Tier 1,Greece,39.368279,21.863141,0
Closed,2873,Low,Email,Product setup,1st line support,Nicola Wane,15.08.2023 02:44,17.08.2023 02:44,15.08.2023 03:44,15.08.2023 03:05,Within SLA,15.08.2023 22:23,Within SLA,17.08.2023 01:40,4.0,2.0,Ready to use Software,Tier 1,Poland,52.536273,19.050639,1
In progress,2874,Medium,Phone,Product setup,2nd line support,Michele Whyatt,15.08.2023 02:20,17.08.2023 02:20,15.08.2023 02:22,15.08.2023 02:21,Within SLA,,SLA Violated,,7.0,,Training and Consulting Services,Tier 2,Poland,52.536273,19.050639,0
Resolved,2875,Low,Chat,Purchasing and invoicing,1st line support,Sheela Cutten,15.08.2023 06:57,16.08.2023 06:57,15.08.2023 06:59,15.08.2023 06:58,Within SLA,15.08.2023 10:55,Within SLA,,5.0,,Ready to use Software,Tier 1,Slovenia,46.1491664,14.9860106,0
Closed,2876,Medium,Email,Purchasing and invoicing,1st line support,Bernard Beckley,15.08.2023 22:36,17.08.2023 22:36,15.08.2023 23:36,15.08.2023 23:16,Within SLA,16.08.2023 21:50,Within SLA,23.08.2023 12:02,4.0,4.0,Ready to use Software,Tier 1,Germany,51.165691,10.451526,1
Resolved,2877,Low,Email,Pricing and Licensing,1st line support,Connor Danielovitch,15.08.2023 22:21,17.08.2023 22:21,15.08.2023 23:21,2023-08-15 23:08:49.061,Within SLA,21.08.2023 15:04,SLA Violated,,1.0,,Custom software development,Tier 1,Poland,52.536273,19.050639,0
Closed,2878,Low,Chat,Feature request,2nd line support,Adolpho Messingham,15.08.2023 02:33,16.08.2023 02:33,15.08.2023 02:35,15.08.2023 02:35,Within SLA,20.08.2023 08:28,SLA Violated,2023-08-21 22:41:29.058,9.0,1.0,Other,Tier 2,Bulgaria,42.7249925,25.4833039,1
Closed,2879,Low,Phone,Pricing and Licensing,1st line support,Connor Danielovitch,15.08.2023 22:12,17.08.2023 22:12,15.08.2023 22:14,15.08.2023 22:16,SLA Violated,17.08.2023 05:31,Within SLA,19.08.2023 15:40,2.0,3.0,Custom software development,Tier 1,Republic of Ireland,53.094024,-8.019675,1
Closed,2881,High,Email,Purchasing and invoicing,1st line support,Nicola Wane,16.08.2023 18:24,18.08.2023 18:24,16.08.2023 19:24,16.08.2023 18:31,Within SLA,17.08.2023 05:56,Within SLA,22.08.2023 17:51,2.0,5.0,Custom software development,Tier 1,Republic of Ireland,53.094024,-8.019675,1
In progress,2883,Medium,Email,Pricing and licensing,1st line support,Bernard Beckley,16.08.2023 02:17,18.08.2023 02:17,16.08.2023 03:17,16.08.2023 02:39,Within SLA,,SLA Violated,,2.0,,Ready to use Software,Tier 1,Republic of Ireland,53.094024,-8.019675,0
In progress,2885,Medium,Email,Bug report,2nd line support,Michele Whyatt,16.08.2023 03:47,18.08.2023 03:47,16.08.2023 04:47,2023-08-16 04:30:31.019,Within SLA,,SLA Violated,,2.0,,Training and Consulting Services,Tier 2,Slovenia,46.1491664,14.9860106,0
Resolved,2886,Low,Chat,Bug report,2nd line support,Heather Urry,16.08.2023 16:29,17.08.2023 16:29,16.08.2023 16:31,16.08.2023 16:30,Within SLA,16.08.2023 18:16,Within SLA,,5.0,,Ready to use Software,Tier 2,Italy,43.036776,12.678565,0
Closed,2887,High,Email,Feature request,2nd line support,Heather Urry,17.08.2023 05:41,19.08.2023 05:41,17.08.2023 06:41,17.08.2023 06:37,Within SLA,18.08.2023 18:18,Within SLA,20.08.2023 04:31,9.0,5.0,Other,Tier 2,Poland,52.536273,19.050639,1
In progress,2888,Medium,Chat,Purchasing and invoicing,1st line support,Nicola Wane,17.08.2023 10:40,18.08.2023 10:40,17.08.2023 10:42,17.08.2023 10:41,Within SLA,,SLA Violated,,6.0,,Custom software development,Tier 1,Poland,52.536273,19.050639,0
In progress,2889,Low,Chat,Feature request,1st line support,Nicola Wane,17.08.2023 15:50,18.08.2023 15:50,17.08.2023 15:52,17.08.2023 15:50,Within SLA,,SLA Violated,,4.0,,Custom software development,Tier 1,United Kingdom,55.378052,-3.435973,0
In progress,2890,Low,Chat,Pricing and Licensing,1st line support,Kristos Westoll,17.08.2023 07:17,18.08.2023 07:17,17.08.2023 07:19,17.08.2023 07:18,Within SLA,,SLA Violated,,9.0,,Custom software development,Tier 1,Italy,43.036776,12.678565,0
Closed,2891,Medium,Chat,Pricing and licensing,1st line support,Connor Danielovitch,17.08.2023 14:57,18.08.2023 14:57,17.08.2023 14:59,17.08.2023 14:57,Within SLA,18.08.2023 10:18,Within SLA,23.08.2023 23:05,6.0,4.0,Training and Consulting Services,Tier 1,France,48.864716,2.349014,1
Closed,2892,Medium,Email,Product setup,1st line support,Sheela Cutten,18.08.2023 20:56,20.08.2023 20:56,18.08.2023 21:56,18.08.2023 21:22,Within SLA,23.08.2023 06:58,SLA Violated,24.08.2023 01:49,1.0,3.0,Ready to use Software,Tier 1,France,48.864716,2.349014,1
Resolved,2893,Low,Email,Pricing and Licensing,1st line support,Bernard Beckley,18.08.2023 02:50,20.08.2023 02:50,18.08.2023 03:50,18.08.2023 05:36,SLA Violated,18.08.2023 14:29,Within SLA,,6.0,,Custom software development,Tier 1,Greece,39.368279,21.863141,0
Resolved,2894,Low,Email,Pricing and licensing,1st line support,Nicola Wane,18.08.2023 22:39,20.08.2023 22:39,18.08.2023 23:39,18.08.2023 23:08,Within SLA,2023-08-19 00:54:55.013,Within SLA,,1.0,,Custom software development,Tier 1,Italy,43.036776,12.678565,0
Resolved,2896,Medium,Email,Pricing and Licensing,1st line support,Connor Danielovitch,18.08.2023 20:57,20.08.2023 20:57,18.08.2023 21:57,18.08.2023 21:06,Within SLA,19.08.2023 16:28,Within SLA,,1.0,,Custom software development,Tier 1,Czech Republic,49.8037633,15.4749126,0
Resolved,2897,High,Chat,Purchasing and invoicing,1st line support,Bernard Beckley,18.08.2023 23:15,19.08.2023 23:15,18.08.2023 23:17,18.08.2023 23:16,Within SLA,19.08.2023 14:45,Within SLA,,5.0,,Ready to use Software,Tier 1,Bulgaria,42.7249925,25.4833039,0
Closed,2899,Low,Email,Product setup,1st line support,Sheela Cutten,18.08.2023 18:46,20.08.2023 18:46,18.08.2023 19:46,18.08.2023 18:51,Within SLA,2023-08-19 01:51:24.053,Within SLA,2023-08-24 19:39:51.001,5.0,4.0,Ready to use Software,Tier 1,United Kingdom,55.378052,-3.435973,1
Resolved,2900,Low,Email,Pricing and licensing,1st line support,Bernard Beckley,19.08.2023 15:51,21.08.2023 15:51,19.08.2023 16:51,19.08.2023 16:21,Within SLA,21.08.2023 13:15,Within SLA,,10.0,,Ready to use Software,Tier 1,United Kingdom,55.378052,-3.435973,0
Closed,2901,Low,Email,Pricing and licensing,1st line support,Kristos Westoll,19.08.2023 10:37,21.08.2023 10:37,19.08.2023 11:37,19.08.2023 11:25,Within SLA,19.08.2023 15:35,Within SLA,22.08.2023 08:21,6.0,2.0,Ready to use Software,Tier 1,Germany,51.165691,10.451526,1
In progress,2912,Medium,Email,Other,1st line support,Nicola Wane,20.08.2023 00:54,22.08.2023 00:54,20.08.2023 01:54,20.08.2023 01:42,Within SLA,,SLA Violated,,1.0,,Ready to use Software,Tier 1,Poland,52.536273,19.050639,0
Closed,2913,Medium,Email,Purchasing and invoicing,1st line support,Sheela Cutten,21.08.2023 02:02,23.08.2023 02:02,21.08.2023 03:02,21.08.2023 02:20,Within SLA,25.08.2023 09:02,SLA Violated,25.08.2023 19:52,2.0,2.0,Other,Tier 1,Poland,52.536273,19.050639,1
Closed,2914,Low,Chat,Product setup,1st line support,Sheela Cutten,21.08.2023 05:14,22.08.2023 05:14,21.08.2023 05:16,21.08.2023 05:14,Within SLA,22.08.2023 06:49,SLA Violated,22.08.2023 07:42,4.0,4.0,Training and Consulting Services,Tier 1,Greece,39.368279,21.863141,1
Resolved,2915,Medium,Email,Product setup,1st line support,Kristos Westoll,21.08.2023 10:03,23.08.2023 10:03,21.08.2023 11:03,2023-08-21 10:29:22.010,Within SLA,22.08.2023 06:06,Within SLA,,6.0,,Training and Consulting Services,Tier 1,Czech Republic,49.8037633,15.4749126,0
Closed,2916,Low,Chat,Pricing and licensing,1st line support,Sheela Cutten,21.08.2023 03:51,22.08.2023 03:51,21.08.2023 03:53,21.08.2023 03:52,Within SLA,21.08.2023 09:38,Within SLA,26.08.2023 06:07,5.0,3.0,Custom software development,Tier 1,Spain,39.67337,-4.767726,1
Open,2917,Medium,Email,Product setup,1st line support,Kristos Westoll,21.08.2023 03:01,23.08.2023 03:01,21.08.2023 04:01,,SLA Violated,,SLA Violated,,,,Ready to use Software,Tier 1,Germany,51.165691,10.451526,0
Closed,2920,High,Email,Pricing and Licensing,1st line support,Bernard Beckley,21.08.2023 02:49,23.08.2023 02:49,21.08.2023 03:49,21.08.2023 03:09,Within SLA,21.08.2023 05:07,Within SLA,25.08.2023 18:19,6.0,4.0,Custom software development,Tier 1,Spain,39.67337,-4.767726,1
In progress,2921,High,Email,Feature request,1st line support,Connor Danielovitch,21.08.2023 07:26,23.08.2023 07:26,21.08.2023 08:26,2023-08-21 07:55:48.047,Within SLA,,SLA Violated,,4.0,,Ready to use Software,Tier 1,Italy,43.036776,12.678565,0
In progress,2922,Medium,Chat,Training request,1st line support,Bernard Beckley,21.08.2023 07:51,22.08.2023 07:51,21.08.2023 07:53,21.08.2023 07:53,Within SLA,,SLA Violated,,2.0,,Training and Consulting Services,Tier 1,Germany,51.165691,10.451526,0
Resolved,2923,High,Email,Other,1st line support,Kristos Westoll,22.08.2023 04:27,24.08.2023 04:27,22.08.2023 05:27,2023-08-22 05:06:17.036,Within SLA,2023-08-23 06:39:22.044,Within SLA,,9.0,,Training and Consulting Services,Tier 1,United Kingdom,55.378052,-3.435973,0
Resolved,2924,High,Email,Product setup,2nd line support,Michele Whyatt,22.08.2023 19:29,24.08.2023 19:29,22.08.2023 20:29,22.08.2023 19:56,Within SLA,24.08.2023 06:07,Within SLA,,7.0,,Other,Tier 2,Germany,51.165691,10.451526,0
Resolved,2926,Low,Email,Bug report,2nd line support,Adolpho Messingham,22.08.2023 13:47,24.08.2023 13:47,22.08.2023 14:47,22.08.2023 14:33,Within SLA,23.08.2023 00:31,Within SLA,,1.0,,Ready to use Software,Tier 2,Germany,51.165691,10.451526,0
Closed,2927,Low,Email,Bug report,1st line support,Connor Danielovitch,22.08.2023 15:20,24.08.2023 15:20,22.08.2023 16:20,2023-08-22 15:30:23.045,Within SLA,27.08.2023 01:55,SLA Violated,27.08.2023 05:01,1.0,5.0,Custom software development,Tier 1,United Kingdom,55.378052,-3.435973,1
Resolved,2928,Low,Email,Feature request,1st line support,Nicola Wane,22.08.2023 07:32,24.08.2023 07:32,22.08.2023 08:32,22.08.2023 08:04,Within SLA,24.08.2023 00:56,Within SLA,,8.0,,Other,Tier 1,Czech Republic,49.8037633,15.4749126,0
Closed,2929,Medium,Chat,Purchasing and invoicing,1st line support,Kristos Westoll,22.08.2023 02:24,23.08.2023 02:24,22.08.2023 02:26,22.08.2023 02:26,Within SLA,22.08.2023 22:18,Within SLA,26.08.2023 23:16,5.0,5.0,Training and Consulting Services,Tier 1,Spain,39.67337,-4.767726,1
Closed,2930,Low,Chat,Bug report,1st line support,Sheela Cutten,22.08.2023 23:11,23.08.2023 23:11,22.08.2023 23:13,22.08.2023 23:11,Within SLA,2023-08-25 03:55:24.036,SLA Violated,26.08.2023 02:38,60.0,3.0,Custom software development,Tier 1,Poland,52.536273,19.050639,1
Closed,2931,Medium,Chat,Training request,1st line support,Kristos Westoll,22.08.2023 03:00,23.08.2023 03:00,22.08.2023 03:02,22.08.2023 03:02,Within SLA,22.08.2023 11:26,Within SLA,25.08.2023 04:56,2.0,5.0,Training and Consulting Services,Tier 1,Republic of Ireland,53.094024,-8.019675,1
Closed,2932,Low,Email,Pricing and Licensing,1st line support,Bernard Beckley,22.08.2023 18:07,24.08.2023 18:07,22.08.2023 19:07,22.08.2023 18:10,Within SLA,23.08.2023 19:04,Within SLA,2023-08-29 07:49:32.037,1.0,4.0,Custom software development,Tier 1,Italy,43.036776,12.678565,1
Closed,2933,High,Email,Purchasing and invoicing,1st line support,Sheela Cutten,22.08.2023 18:04,24.08.2023 18:04,22.08.2023 19:04,22.08.2023 18:10,Within SLA,24.08.2023 06:31,Within SLA,27.08.2023 02:57,4.0,3.0,Other,Tier 1,Slovenia,46.1491664,14.9860106,1
Closed,2934,High,Phone,Bug report,1st line support,Bernard Beckley,22.08.2023 04:28,24.08.2023 04:28,22.08.2023 04:30,22.08.2023 04:31,SLA Violated,22.08.2023 19:31,Within SLA,24.08.2023 19:39,2.0,3.0,Ready to use Software,Tier 1,Germany,51.165691,10.451526,1
Resolved,2935,Medium,Chat,Pricing and licensing,1st line support,Nicola Wane,23.08.2023 14:28,24.08.2023 14:28,23.08.2023 14:30,23.08.2023 14:28,Within SLA,28.08.2023 04:44,SLA Violated,,8.0,,Custom software development,Tier 1,Republic of Ireland,53.094024,-8.019675,0
Closed,2936,Low,Email,Product setup,2nd line support,Adolpho Messingham,23.08.2023 17:19,25.08.2023 17:19,23.08.2023 18:19,23.08.2023 18:17,Within SLA,25.08.2023 13:45,Within SLA,24.08.2023 21:03,2.0,3.0,Other,Tier 2,Greece,39.368279,21.863141,1
Resolved,2937,Low,Email,Pricing and Licensing,1st line support,Connor Danielovitch,23.08.2023 12:29,25.08.2023 12:29,23.08.2023 13:29,23.08.2023 13:29,Within SLA,24.08.2023 00:34,Within SLA,,9.0,,Custom software development,Tier 1,Austria,47.6964719,13.3457347,0
Resolved,2938,Low,Chat,Purchasing and invoicing,2nd line support,Adolpho Messingham,23.08.2023 09:04,24.08.2023 09:04,23.08.2023 09:06,23.08.2023 09:06,Within SLA,2023-08-24 04:20:45.001,Within SLA,,5.0,,Custom software development,Tier 2,Italy,43.036776,12.678565,0
Resolved,2939,Low,Email,Feature request,1st line support,Kristos Westoll,23.08.2023 10:00,25.08.2023 10:00,23.08.2023 11:00,23.08.2023 10:31,Within SLA,2023-08-23 20:05:52.084,Within SLA,,4.0,,Ready to use Software,Tier 1,Czech Republic,49.8037633,15.4749126,0
In progress,2940,Medium,Chat,Product setup,1st line support,Bernard Beckley,23.08.2023 06:34,24.08.2023 06:34,23.08.2023 06:36,23.08.2023 06:34,Within SLA,,SLA Violated,,5.0,,Ready to use Software,Tier 1,France,48.864716,2.349014,0
In progress,2941,Low,Email,Product setup,1st line support,Kristos Westoll,23.08.2023 02:51,25.08.2023 02:51,23.08.2023 03:51,23.08.2023 04:03,SLA Violated,,SLA Violated,,8.0,,Training and Consulting Services,Tier 1,Greece,39.368279,21.863141,0
Resolved,2942,Medium,Email,Pricing and licensing,1st line support,Kristos Westoll,23.08.2023 09:34,25.08.2023 09:34,23.08.2023 10:34,23.08.2023 09:35,Within SLA,28.08.2023 10:56,SLA Violated,,1.0,,Ready to use Software,Tier 1,France,48.864716,2.349014,0
Closed,2943,Medium,Email,Training request,1st line support,Kristos Westoll,23.08.2023 00:12,25.08.2023 00:12,23.08.2023 01:12,23.08.2023 00:34,Within SLA,26.08.2023 18:56,SLA Violated,28.08.2023 13:58,5.0,1.0,Training and Consulting Services,Tier 1,Republic of Ireland,53.094024,-8.019675,1
Closed,2944,Low,Chat,Pricing and licensing,1st line support,Bernard Beckley,23.08.2023 19:12,24.08.2023 19:12,23.08.2023 19:14,23.08.2023 19:14,Within SLA,24.08.2023 07:12,Within SLA,2023-08-30 03:26:30.026,9.0,1.0,Custom software development,Tier 1,Italy,43.036776,12.678565,1
Resolved,2945,High,Chat,Bug report,1st line support,Connor Danielovitch,23.08.2023 18:56,24.08.2023 18:56,23.08.2023 18:58,23.08.2023 18:57,Within SLA,23.08.2023 23:23,Within SLA,,7.0,,Ready to use Software,Tier 1,France,48.864716,2.349014,0
Closed,2946,Low,Phone,Product setup,2nd line support,Michele Whyatt,24.08.2023 01:23,26.08.2023 01:23,24.08.2023 01:25,24.08.2023 01:23,Within SLA,25.08.2023 14:20,Within SLA,2023-08-27 13:53:40.030,7.0,4.0,Ready to use Software,Tier 2,Greece,39.368279,21.863141,1
Closed,2947,Medium,Email,Pricing and licensing,1st line support,Kristos Westoll,24.08.2023 17:27,26.08.2023 17:27,24.08.2023 18:27,24.08.2023 17:51,Within SLA,26.08.2023 03:40,Within SLA,27.08.2023 17:41,3.0,1.0,Custom software development,Tier 1,Germany,51.165691,10.451526,1
Closed,2948,Medium,Chat,Product setup,2nd line support,Michele Whyatt,24.08.2023 16:51,25.08.2023 16:51,24.08.2023 16:53,24.08.2023 16:52,Within SLA,25.08.2023 08:09,Within SLA,28.08.2023 00:35,6.0,1.0,Training and Consulting Services,Tier 2,Republic of Ireland,53.094024,-8.019675,1
Resolved,2949,Low,Chat,Bug report,2nd line support,Adolpho Messingham,24.08.2023 09:50,25.08.2023 09:50,24.08.2023 09:52,24.08.2023 09:53,SLA Violated,25.08.2023 17:01,SLA Violated,,9.0,,Custom software development,Tier 2,Slovenia,46.1491664,14.9860106,0
Closed,2950,Low,Chat,Product setup,1st line support,Kristos Westoll,24.08.2023 08:02,25.08.2023 08:02,24.08.2023 08:04,24.08.2023 08:03,Within SLA,24.08.2023 18:43,Within SLA,29.08.2023 06:08,8.0,2.0,Ready to use Software,Tier 1,Spain,39.67337,-4.767726,1
Resolved,2951,High,Email,Product setup,1st line support,Nicola Wane,24.08.2023 18:11,26.08.2023 18:11,24.08.2023 19:11,24.08.2023 18:39,Within SLA,28.08.2023 03:52,SLA Violated,,8.0,,Training and Consulting Services,Tier 1,Germany,51.165691,10.451526,0
Closed,2952,Medium,Email,Product setup,1st line support,Connor Danielovitch,24.08.2023 07:11,26.08.2023 07:11,24.08.2023 08:11,24.08.2023 07:58,Within SLA,26.08.2023 03:09,Within SLA,26.08.2023 01:04,3.0,4.0,Other,Tier 1,Slovenia,46.1491664,14.9860106,1
In progress,2953,Low,Phone,Product setup,1st line support,Bernard Beckley,24.08.2023 06:44,26.08.2023 06:44,24.08.2023 06:46,2023-08-24 06:46:05.074,Within SLA,,SLA Violated,,3.0,,Ready to use Software,Tier 1,Czech Republic,49.8037633,15.4749126,0
Closed,2954,High,Email,Bug report,1st line support,Kristos Westoll,24.08.2023 00:09,26.08.2023 00:09,24.08.2023 01:09,24.08.2023 05:49,SLA Violated,24.08.2023 01:16,Within SLA,27.08.2023 18:06,9.0,2.0,Ready to use Software,Tier 1,Germany,51.165691,10.451526,1
Resolved,2955,High,Email,Purchasing and invoicing,1st line support,Bernard Beckley,24.08.2023 04:59,26.08.2023 04:59,24.08.2023 05:59,24.08.2023 05:10,Within SLA,25.08.2023 10:26,Within SLA,,9.0,,Other,Tier 1,Czech Republic,49.8037633,15.4749126,0
Closed,2956,Medium,Chat,Product setup,1st line support,Connor Danielovitch,24.08.2023 03:29,25.08.2023 03:29,24.08.2023 03:31,2023-08-24 08:07:33.060,SLA Violated,24.08.2023 20:36,Within SLA,28.08.2023 00:01,2.0,4.0,Training and Consulting Services,Tier 1,Bulgaria,42.7249925,25.4833039,1
Closed,2957,Low,Email,Pricing and licensing,1st line support,Sheela Cutten,25.08.2023 18:54,27.08.2023 18:54,25.08.2023 19:54,25.08.2023 19:10,Within SLA,27.08.2023 00:36,Within SLA,31.08.2023 03:54,1.0,3.0,Training and Consulting Services,Tier 1,Czech Republic,49.8037633,15.4749126,1
Closed,2958,Low,Chat,Pricing and licensing,1st line support,Kristos Westoll,25.08.2023 19:31,26.08.2023 19:31,25.08.2023 19:33,25.08.2023 19:32,Within SLA,31.08.2023 12:37,SLA Violated,02.09.2023 00:45,6.0,4.0,Ready to use Software,Tier 1,Slovenia,46.1491664,14.9860106,1
Resolved,2959,Low,Email,Pricing and Licensing,1st line support,Nicola Wane,25.08.2023 21:09,27.08.2023 21:09,25.08.2023 22:09,25.08.2023 21:50,Within SLA,26.08.2023 10:21,Within SLA,,2.0,,Custom software development,Tier 1,United Kingdom,55.378052,-3.435973,0
Resolved,2960,Low,Email,Feature request,2nd line support,Adolpho Messingham,25.08.2023 20:56,27.08.2023 20:56,25.08.2023 21:56,25.08.2023 21:21,Within SLA,25.08.2023 22:37,Within SLA,,9.0,,Other,Tier 2,Germany,51.165691,10.451526,0
Resolved,2961,Low,Email,Product setup,1st line support,Bernard Beckley,25.08.2023 22:55,27.08.2023 22:55,25.08.2023 23:55,25.08.2023 23:18,Within SLA,26.08.2023 20:02,Within SLA,,3.0,,Training and Consulting Services,Tier 1,Italy,43.036776,12.678565,0
Resolved,2962,Low,Chat,Bug report,1st line support,Connor Danielovitch,26.08.2023 01:17,27.08.2023 01:17,26.08.2023 01:19,26.08.2023 01:18,Within SLA,26.08.2023 15:47,Within SLA,,9.0,,Custom software development,Tier 1,Germany,51.165691,10.451526,0
Closed,2974,Medium,Chat,Product setup,1st line support,Bernard Beckley,27.08.2023 12:53,28.08.2023 12:53,27.08.2023 12:55,27.08.2023 12:54,Within SLA,27.08.2023 16:18,Within SLA,02.09.2023 02:57,60.0,3.0,Ready to use Software,Tier 1,United Kingdom,55.378052,-3.435973,1
Closed,2975,High,Email,Purchasing and invoicing,1st line support,Connor Danielovitch,27.08.2023 12:42,29.08.2023 12:42,27.08.2023 13:42,27.08.2023 13:08,Within SLA,28.08.2023 22:19,Within SLA,29.08.2023 17:00,6.0,5.0,Custom software development,Tier 1,Germany,51.165691,10.451526,1
In progress,2976,Medium,Chat,Bug report,2nd line support,Heather Urry,28.08.2023 12:32,29.08.2023 12:32,28.08.2023 12:34,28.08.2023 12:34,Within SLA,,SLA Violated,,8.0,,Ready to use Software,Tier 2,Bulgaria,42.7249925,25.4833039,0
Resolved,2977,Low,Phone,Purchasing and invoicing,1st line support,Nicola Wane,28.08.2023 21:46,30.08.2023 21:46,28.08.2023 21:48,28.08.2023 21:47,Within SLA,29.08.2023 20:48,Within SLA,,1.0,,Custom software development,Tier 1,France,48.864716,2.349014,0
In progress,2978,Low,Email,Feature request,1st line support,Connor Danielovitch,28.08.2023 12:12,30.08.2023 12:12,28.08.2023 13:12,28.08.2023 12:19,Within SLA,,SLA Violated,,3.0,,Custom software development,Tier 1,Spain,39.67337,-4.767726,0
Resolved,2979,Low,Chat,Product setup,1st line support,Nicola Wane,28.08.2023 05:34,29.08.2023 05:34,28.08.2023 05:36,28.08.2023 05:34,Within SLA,29.08.2023 12:19,SLA Violated,,7.0,,Other,Tier 1,Italy,43.036776,12.678565,0
Closed,2980,Medium,Email,Training request,1st line support,Bernard Beckley,28.08.2023 01:24,30.08.2023 01:24,28.08.2023 02:24,28.08.2023 02:03,Within SLA,29.08.2023 08:50,Within SLA,01.09.2023 23:11,9.0,4.0,Training and Consulting Services,Tier 1,Republic of Ireland,53.094024,-8.019675,1
Resolved,2981,High,Chat,Pricing and licensing,1st line support,Kristos Westoll,28.08.2023 09:07,29.08.2023 09:07,28.08.2023 09:09,28.08.2023 09:12,SLA Violated,29.08.2023 07:38,Within SLA,,2.0,,Ready to use Software,Tier 1,Bulgaria,42.7249925,25.4833039,0
In progress,2982,Medium,Email,Product setup,1st line support,Connor Danielovitch,28.08.2023 10:05,30.08.2023 10:05,28.08.2023 11:05,28.08.2023 10:21,Within SLA,,SLA Violated,,10.0,,Ready to use Software,Tier 1,Spain,39.67337,-4.767726,0
In progress,2983,Low,Phone,Other,1st line support,Bernard Beckley,28.08.2023 19:45,30.08.2023 19:45,28.08.2023 19:47,28.08.2023 19:50,SLA Violated,,SLA Violated,,5.0,,Training and Consulting Services,Tier 1,Germany,51.165691,10.451526,0
Closed,2984,Low,Email,Product setup,1st line support,Bernard Beckley,29.08.2023 08:29,31.08.2023 08:29,29.08.2023 09:29,29.08.2023 08:55,Within SLA,31.08.2023 00:22,Within SLA,2023-08-30 18:43:35.083,6.0,4.0,Ready to use Software,Tier 1,Slovenia,46.1491664,14.9860106,1
In progress,2985,Low,Email,Pricing and licensing,2nd line support,Adolpho Messingham,29.08.2023 06:58,31.08.2023 06:58,29.08.2023 07:58,29.08.2023 07:15,Within SLA,,SLA Violated,,1.0,,Ready to use Software,Tier 2,Bulgaria,42.7249925,25.4833039,0
Closed,2986,Low,Email,Pricing and licensing,1st line support,Connor Danielovitch,29.08.2023 11:45,31.08.2023 11:45,29.08.2023 12:45,29.08.2023 11:59,Within SLA,31.08.2023 07:00,Within SLA,03.09.2023 01:36,2.0,3.0,Ready to use Software,Tier 1,Poland,52.536273,19.050639,1
Resolved,2987,Medium,Chat,Bug report,1st line support,Nicola Wane,29.08.2023 05:25,30.08.2023 05:25,29.08.2023 05:27,29.08.2023 05:26,Within SLA,31.08.2023 05:38,SLA Violated,,8.0,,Custom software development,Tier 1,Poland,52.536273,19.050639,0
Resolved,2988,Medium,Chat,Training request,1st line support,Connor Danielovitch,29.08.2023 08:19,30.08.2023 08:19,29.08.2023 08:21,29.08.2023 08:25,SLA Violated,29.08.2023 20:58,Within SLA,,2.0,,Training and Consulting Services,Tier 1,Italy,43.036776,12.678565,0
Resolved,2989,High,Email,Product setup,2nd line support,Adolpho Messingham,29.08.2023 05:38,31.08.2023 05:38,29.08.2023 06:38,29.08.2023 05:58,Within SLA,29.08.2023 12:09,Within SLA,,6.0,,Ready to use Software,Tier 2,Italy,43.036776,12.678565,0
Closed,2990,Medium,Email,Other,1st line support,Nicola Wane,29.08.2023 22:00,31.08.2023 22:00,29.08.2023 23:00,29.08.2023 22:48,Within SLA,30.08.2023 06:38,Within SLA,01.09.2023 20:07,9.0,2.0,Ready to use Software,Tier 1,Austria,47.6964719,13.3457347,1
Closed,2991,Medium,Email,Feature request,2nd line support,Heather Urry,30.08.2023 21:41,01.09.2023 21:41,30.08.2023 22:41,30.08.2023 22:33,Within SLA,01.09.2023 06:32,Within SLA,01.09.2023 09:04,3.0,5.0,Ready to use Software,Tier 2,United Kingdom,55.378052,-3.435973,1
Closed,2992,Low,Phone,Purchasing and invoicing,1st line support,Sheela Cutten,30.08.2023 17:06,01.09.2023 17:06,30.08.2023 17:08,30.08.2023 17:07,Within SLA,31.08.2023 18:10,Within SLA,03.09.2023 12:53,3.0,3.0,Ready to use Software,Tier 1,United Kingdom,55.378052,-3.435973,1
Closed,2993,Medium,Email,Pricing and licensing,1st line support,Bernard Beckley,30.08.2023 10:31,01.09.2023 10:31,30.08.2023 11:31,30.08.2023 11:27,Within SLA,02.09.2023 00:27,SLA Violated,03.09.2023 16:41,1.0,3.0,Ready to use Software,Tier 1,Austria,47.6964719,13.3457347,1
Closed,2994,Low,Chat,Product setup,2nd line support,Adolpho Messingham,30.08.2023 23:45,31.08.2023 23:45,30.08.2023 23:47,30.08.2023 23:46,Within SLA,04.09.2023 04:57,SLA Violated,05.09.2023 19:55,6.0,5.0,Ready to use Software,Tier 2,Republic of Ireland,53.094024,-8.019675,1
Closed,2995,High,Email,Feature request,2nd line support,Adolpho Messingham,30.08.2023 12:44,01.09.2023 12:44,30.08.2023 13:44,30.08.2023 13:13,Within SLA,30.08.2023 21:25,Within SLA,04.09.2023 23:16,2.0,4.0,Other,Tier 2,Bulgaria,42.7249925,25.4833039,1
Closed,2996,Low,Chat,Bug report,2nd line support,Heather Urry,30.08.2023 09:09,31.08.2023 09:09,30.08.2023 09:11,30.08.2023 09:10,Within SLA,30.08.2023 09:48,Within SLA,03.09.2023 12:25,6.0,1.0,Training and Consulting Services,Tier 2,Poland,52.536273,19.050639,1
In progress,2997,Low,Chat,Purchasing and invoicing,1st line support,Kristos Westoll,30.08.2023 19:32,31.08.2023 19:32,30.08.2023 19:34,30.08.2023 19:33,Within SLA,,SLA Violated,,6.0,,Other,Tier 1,Austria,47.6964719,13.3457347,0
Resolved,2998,Low,Chat,Pricing and licensing,1st line support,Kristos Westoll,30.08.2023 04:21,31.08.2023 04:21,30.08.2023 04:23,30.08.2023 04:21,Within SLA,31.08.2023 02:01,Within SLA,,7.0,,Ready to use Software,Tier 1,Republic of Ireland,53.094024,-8.019675,0
Resolved,2999,Low,Email,Feature request,1st line support,Nicola Wane,30.08.2023 05:34,01.09.2023 05:34,30.08.2023 06:34,30.08.2023 05:52,Within SLA,02.09.2023 04:34,SLA Violated,,1.0,,Ready to use Software,Tier 1,Italy,43.036776,12.678565,0
In progress,3000,Low,Phone,Product setup,1st line support,Nicola Wane,31.08.2023 02:16,02.09.2023 02:16,31.08.2023 02:18,31.08.2023 02:18,Within SLA,,SLA Violated,,1.0,,Other,Tier 1,Slovenia,46.1491664,14.9860106,0
Closed,3001,Low,Email,Feature request,2nd line support,Michele Whyatt,31.08.2023 17:03,02.09.2023 17:03,31.08.2023 18:03,31.08.2023 22:45,SLA Violated,01.09.2023 20:34,Within SLA,02.09.2023 11:51,5.0,4.0,Ready to use Software,Tier 2,Poland,52.536273,19.050639,1
Resolved,3002,Medium,Email,Product setup,1st line support,Connor Danielovitch,31.08.2023 22:11,02.09.2023 22:11,31.08.2023 23:11,31.08.2023 22:32,Within SLA,2023-09-02 22:06:58.003,Within SLA,,1.0,,Ready to use Software,Tier 1,Czech Republic,49.8037633,15.4749126,0
Resolved,3003,Low,Phone,Product setup,1st line support,Bernard Beckley,31.08.2023 16:32,02.09.2023 16:32,31.08.2023 16:34,31.08.2023 16:34,Within SLA,01.09.2023 05:33,Within SLA,,1.0,,Ready to use Software,Tier 1,Germany,51.165691,10.451526,0
In progress,3004,High,Chat,Pricing and Licensing,1st line support,Sheela Cutten,31.08.2023 17:52,01.09.2023 17:52,31.08.2023 17:54,31.08.2023 17:54,Within SLA,,SLA Violated,,2.0,,Custom software development,Tier 1,Austria,47.6964719,13.3457347,0
Closed,3005,Medium,Chat,Other,1st line support,Connor Danielovitch,31.08.2023 06:04,01.09.2023 06:04,31.08.2023 06:06,31.08.2023 06:05,Within SLA,01.09.2023 03:26,Within SLA,03.09.2023 20:05,6.0,3.0,Ready to use Software,Tier 1,United Kingdom,55.378052,-3.435973,1
Closed,3006,Medium,Email,Feature request,1st line support,Nicola Wane,31.08.2023 08:10,02.09.2023 08:10,31.08.2023 09:10,31.08.2023 08:48,Within SLA,05.09.2023 03:26,SLA Violated,2023-09-05 20:34:57.024,4.0,5.0,Ready to use Software,Tier 1,Republic of Ireland,53.094024,-8.019675,1
Closed,3007,High,Email,Feature request,2nd line support,Michele Whyatt,31.08.2023 18:47,02.09.2023 18:47,31.08.2023 19:47,31.08.2023 19:02,Within SLA,01.09.2023 15:09,Within SLA,05.09.2023 04:22,2.0,4.0,Ready to use Software,Tier 2,Poland,52.536273,19.050639,1
Closed,3008,High,Email,Pricing and Licensing,1st line support,Bernard Beckley,01.09.2023 21:09,03.09.2023 21:09,01.09.2023 22:09,01.09.2023 21:28,Within SLA,02.09.2023 13:06,Within SLA,04.09.2023 20:25,2.0,5.0,Custom software development,Tier 1,United Kingdom,55.378052,-3.435973,1
Closed,3009,Medium,Email,Bug report,1st line support,Bernard Beckley,01.09.2023 23:33,03.09.2023 23:33,02.09.2023 00:33,02.09.2023 00:10,Within SLA,06.09.2023 10:42,SLA Violated,06.09.2023 22:24,4.0,3.0,Custom software development,Tier 1,Spain,39.67337,-4.767726,1
Resolved,3010,Low,Email,Pricing and Licensing,1st line support,Bernard Beckley,01.09.2023 20:08,03.09.2023 20:08,01.09.2023 21:08,01.09.2023 20:28,Within SLA,02.09.2023 21:15,Within SLA,,2.0,,Custom software development,Tier 1,Austria,47.6964719,13.3457347,0
Resolved,3011,Medium,Phone,Product setup,1st line support,Connor Danielovitch,01.09.2023 11:39,03.09.2023 11:39,01.09.2023 11:41,01.09.2023 11:40,Within SLA,01.09.2023 17:16,Within SLA,,1.0,,Other,Tier 1,Italy,43.036776,12.678565,0
Resolved,3012,Low,Email,Product setup,1st line support,Kristos Westoll,01.09.2023 11:16,03.09.2023 11:16,01.09.2023 12:16,01.09.2023 11:51,Within SLA,2023-09-01 23:46:04.070,Within SLA,,1.0,,Training and Consulting Services,Tier 1,France,48.864716,2.349014,0
Resolved,3013,Low,Email,Pricing and licensing,1st line support,Connor Danielovitch,01.09.2023 04:42,03.09.2023 04:42,01.09.2023 05:42,01.09.2023 05:03,Within SLA,02.09.2023 06:13,Within SLA,,1.0,,Ready to use Software,Tier 1,United Kingdom,55.378052,-3.435973,0
Closed,3014,High,Email,Product setup,1st line support,Nicola Wane,01.09.2023 14:27,03.09.2023 14:27,01.09.2023 15:27,01.09.2023 15:21,Within SLA,01.09.2023 17:35,Within SLA,04.09.2023 20:43,2.0,1.0,Other,Tier 1,United Kingdom,55.378052,-3.435973,1
Closed,3015,Medium,Email,Pricing and licensing,1st line support,Sheela Cutten,01.09.2023 15:08,03.09.2023 15:08,01.09.2023 16:08,01.09.2023 15:51,Within SLA,04.09.2023 10:33,SLA Violated,04.09.2023 12:03,2.0,3.0,Ready to use Software,Tier 1,Poland,52.536273,19.050639,1
Resolved,3020,Medium,Email,Pricing and licensing,1st line support,Connor Danielovitch,02.09.2023 17:49,04.09.2023 17:49,02.09.2023 18:49,02.09.2023 18:28,Within SLA,07.09.2023 13:37,SLA Violated,,5.0,,Ready to use Software,Tier 1,Austria,47.6964719,13.3457347,0
Closed,3021,Medium,Chat,Pricing and Licensing,1st line support,Sheela Cutten,02.09.2023 02:22,03.09.2023 02:22,02.09.2023 02:24,02.09.2023 02:23,Within SLA,04.09.2023 20:20,SLA Violated,06.09.2023 02:12,7.0,5.0,Custom software development,Tier 1,Poland,52.536273,19.050639,1
Closed,3022,High,Chat,Pricing and Licensing,1st line support,Connor Danielovitch,03.09.2023 16:18,04.09.2023 16:18,03.09.2023 16:20,03.09.2023 16:18,Within SLA,04.09.2023 07:07,Within SLA,2023-09-06 12:45:04.094,2.0,4.0,Custom software development,Tier 1,Slovenia,46.1491664,14.9860106,1
Resolved,3023,Medium,Chat,Feature request,1st line support,Sheela Cutten,03.09.2023 08:27,04.09.2023 08:27,03.09.2023 08:29,03.09.2023 08:29,Within SLA,2023-09-03 16:02:16.019,Within SLA,,9.0,,Custom software development,Tier 1,Poland,52.536273,19.050639,0
Resolved,3024,Medium,Chat,Product setup,2nd line support,Adolpho Messingham,03.09.2023 14:17,04.09.2023 14:17,03.09.2023 14:19,03.09.2023 14:19,Within SLA,08.09.2023 08:46,SLA Violated,,6.0,,Custom software development,Tier 2,France,48.864716,2.349014,0
Closed,3025,Low,Email,Bug report,1st line support,Kristos Westoll,03.09.2023 11:23,05.09.2023 11:23,03.09.2023 12:23,03.09.2023 11:48,Within SLA,04.09.2023 17:15,Within SLA,04.09.2023 01:43,6.0,1.0,Custom software development,Tier 1,Republic of Ireland,53.094024,-8.019675,1
Closed,3026,Low,Chat,Feature request,1st line support,Sheela Cutten,04.09.2023 20:05,05.09.2023 20:05,04.09.2023 20:07,2023-09-04 20:05:40.042,Within SLA,04.09.2023 22:39,Within SLA,09.09.2023 06:04,4.0,5.0,Other,Tier 1,Germany,51.165691,10.451526,1
Resolved,3027,Low,Chat,Product setup,1st line support,Connor Danielovitch,04.09.2023 22:18,05.09.2023 22:18,04.09.2023 22:20,04.09.2023 22:19,Within SLA,05.09.2023 12:33,Within SLA,,2.0,,Ready to use Software,Tier 1,Germany,51.165691,10.451526,0
Closed,3028,Low,Phone,Product setup,1st line support,Kristos Westoll,04.09.2023 01:34,06.09.2023 01:34,04.09.2023 01:36,2023-09-04 01:40:51.054,SLA Violated,06.09.2023 13:01,SLA Violated,06.09.2023 21:29,3.0,5.0,Ready to use Software,Tier 1,Italy,43.036776,12.678565,1
Closed,3029,Low,Email,Feature request,2nd line support,Michele Whyatt,04.09.2023 23:39,06.09.2023 23:39,05.09.2023 00:39,04.09.2023 23:48,Within SLA,06.09.2023 16:11,Within SLA,09.09.2023 10:26,7.0,1.0,Other,Tier 2,Italy,43.036776,12.678565,1
Resolved,3030,Low,Chat,Feature request,1st line support,Kristos Westoll,04.09.2023 10:55,05.09.2023 10:55,04.09.2023 10:57,2023-09-04 10:56:32.081,Within SLA,05.09.2023 03:16,Within SLA,,5.0,,Custom software development,Tier 1,United Kingdom,55.378052,-3.435973,0
In progress,3031,Low,Chat,Purchasing and invoicing,2nd line support,Heather Urry,04.09.2023 10:51,05.09.2023 10:51,04.09.2023 10:53,04.09.2023 10:52,Within SLA,,SLA Violated,,5.0,,Ready to use Software,Tier 2,Czech Republic,49.8037633,15.4749126,0
Resolved,3032,Low,Email,Feature request,1st line support,Bernard Beckley,04.09.2023 15:27,06.09.2023 15:27,04.09.2023 16:27,04.09.2023 15:45,Within SLA,05.09.2023 20:58,Within SLA,,7.0,,Ready to use Software,Tier 1,Czech Republic,49.8037633,15.4749126,0
Closed,3033,High,Chat,Purchasing and invoicing,1st line support,Connor Danielovitch,05.09.2023 06:07,06.09.2023 06:07,05.09.2023 06:09,05.09.2023 06:09,Within SLA,06.09.2023 02:35,Within SLA,11.09.2023 22:03,5.0,5.0,Other,Tier 1,United Kingdom,55.378052,-3.435973,1
Closed,3034,Low,Chat,Product setup,1st line support,Kristos Westoll,05.09.2023 03:58,06.09.2023 03:58,05.09.2023 04:00,05.09.2023 03:59,Within SLA,09.09.2023 07:52,SLA Violated,09.09.2023 18:09,6.0,1.0,Ready to use Software,Tier 1,Spain,39.67337,-4.767726,1
Closed,3035,Medium,Chat,Pricing and Licensing,1st line support,Connor Danielovitch,05.09.2023 14:43,06.09.2023 14:43,05.09.2023 14:45,05.09.2023 14:44,Within SLA,06.09.2023 02:18,Within SLA,07.09.2023 13:10,6.0,4.0,Custom software development,Tier 1,Bulgaria,42.7249925,25.4833039,1
Closed,3036,Low,Email,Feature request,1st line support,Connor Danielovitch,06.09.2023 16:42,08.09.2023 16:42,06.09.2023 17:42,06.09.2023 17:23,Within SLA,09.09.2023 17:34,SLA Violated,09.09.2023 20:18,6.0,3.0,Custom software development,Tier 1,Germany,51.165691,10.451526,1
Closed,3037,Medium,Email,Feature request,2nd line support,Michele Whyatt,06.09.2023 17:04,08.09.2023 17:04,06.09.2023 18:04,06.09.2023 17:42,Within SLA,08.09.2023 11:12,Within SLA,08.09.2023 17:38,1.0,5.0,Ready to use Software,Tier 2,France,48.864716,2.349014,1
Resolved,3038,Low,Chat,Bug report,1st line support,Bernard Beckley,06.09.2023 02:29,07.09.2023 02:29,06.09.2023 02:31,2023-09-06 02:30:36.055,Within SLA,06.09.2023 12:41,Within SLA,,5.0,,Ready to use Software,Tier 1,Italy,43.036776,12.678565,0
Closed,3039,Low,Chat,Pricing and licensing,1st line support,Connor Danielovitch,06.09.2023 15:30,07.09.2023 15:30,06.09.2023 15:32,06.09.2023 15:31,Within SLA,07.09.2023 02:04,Within SLA,11.09.2023 08:07,8.0,4.0,Custom software development,Tier 1,Germany,51.165691,10.451526,1
Closed,3040,Medium,Email,Product setup,2nd line support,Michele Whyatt,06.09.2023 23:22,08.09.2023 23:22,07.09.2023 00:22,06.09.2023 23:45,Within SLA,09.09.2023 23:58,SLA Violated,10.09.2023 07:02,3.0,4.0,Custom software development,Tier 2,Germany,51.165691,10.451526,1
In progress,3041,Medium,Email,Purchasing and invoicing,2nd line support,Heather Urry,06.09.2023 02:31,08.09.2023 02:31,06.09.2023 03:31,07.09.2023 06:24,SLA Violated,,SLA Violated,,5.0,,Ready to use Software,Tier 2,Slovenia,46.1491664,14.9860106,0
Resolved,3042,Medium,Email,Other,1st line support,Kristos Westoll,06.09.2023 06:16,08.09.2023 06:16,06.09.2023 07:16,06.09.2023 06:46,Within SLA,10.09.2023 23:22,SLA Violated,,5.0,,Ready to use Software,Tier 1,Poland,52.536273,19.050639,0
Closed,3043,Medium,Chat,Pricing and licensing,1st line support,Kristos Westoll,07.09.2023 10:11,08.09.2023 10:11,07.09.2023 10:13,07.09.2023 10:12,Within SLA,07.09.2023 18:21,Within SLA,09.09.2023 10:01,6.0,2.0,Custom software development,Tier 1,United Kingdom,55.378052,-3.435973,1
Closed,3044,Medium,Chat,Other,1st line support,Bernard Beckley,07.09.2023 00:48,08.09.2023 00:48,07.09.2023 00:50,07.09.2023 00:49,Within SLA,07.09.2023 20:48,Within SLA,12.09.2023 23:10,6.0,5.0,Ready to use Software,Tier 1,France,48.864716,2.349014,1
Closed,3045,Low,Phone,Purchasing and invoicing,1st line support,Nicola Wane,07.09.2023 10:33,09.09.2023 10:33,07.09.2023 10:35,07.09.2023 10:34,Within SLA,08.09.2023 02:19,Within SLA,12.09.2023 08:41,1.0,5.0,Training and Consulting Services,Tier 1,Italy,43.036776,12.678565,1
Closed,3046,Low,Email,Pricing and licensing,1st line support,Connor Danielovitch,07.09.2023 14:17,09.09.2023 14:17,07.09.2023 15:17,07.09.2023 14:40,Within SLA,07.09.2023 14:56,Within SLA,11.09.2023 09:50,2.0,4.0,Custom software development,Tier 1,United Kingdom,55.378052,-3.435973,1
Closed,3047,Low,Phone,Pricing and licensing,2nd line support,Michele Whyatt,07.09.2023 02:32,09.09.2023 02:32,07.09.2023 02:34,07.09.2023 02:32,Within SLA,08.09.2023 04:10,Within SLA,09.09.2023 11:32,1.0,3.0,Ready to use Software,Tier 2,Czech Republic,49.8037633,15.4749126,1
Closed,3048,Low,Chat,Other,1st line support,Connor Danielovitch,07.09.2023 08:39,08.09.2023 08:39,07.09.2023 08:41,07.09.2023 08:41,Within SLA,08.09.2023 07:24,Within SLA,10.09.2023 20:35,9.0,5.0,Custom software development,Tier 1,Slovenia,46.1491664,14.9860106,1
Resolved,3049,Medium,Chat,Bug report,2nd line support,Michele Whyatt,07.09.2023 11:21,08.09.2023 11:21,07.09.2023 11:23,07.09.2023 11:22,Within SLA,12.09.2023 20:35,SLA Violated,,5.0,,Ready to use Software,Tier 2,Slovenia,46.1491664,14.9860106,0
In progress,3050,Medium,Chat,Product setup,1st line support,Connor Danielovitch,08.09.2023 06:40,09.09.2023 06:40,08.09.2023 06:42,08.09.2023 06:41,Within SLA,,SLA Violated,,6.0,,Other,Tier 1,Poland,52.536273,19.050639,0
Closed,3051,Low,Chat,Feature request,2nd line support,Adolpho Messingham,08.09.2023 09:52,09.09.2023 09:52,08.09.2023 09:54,08.09.2023 09:54,Within SLA,09.09.2023 04:34,Within SLA,11.09.2023 05:37,5.0,4.0,Ready to use Software,Tier 2,Poland,52.536273,19.050639,1
Resolved,3052,Medium,Email,Other,2nd line support,Heather Urry,08.09.2023 08:22,10.09.2023 08:22,08.09.2023 09:22,08.09.2023 09:08,Within SLA,13.09.2023 10:23,SLA Violated,,5.0,,Ready to use Software,Tier 2,United Kingdom,55.378052,-3.435973,0
Closed,3053,High,Email,Other,2nd line support,Michele Whyatt,08.09.2023 22:51,10.09.2023 22:51,08.09.2023 23:51,08.09.2023 23:27,Within SLA,10.09.2023 16:49,Within SLA,2023-09-10 00:31:55.050,7.0,4.0,Ready to use Software,Tier 2,Poland,52.536273,19.050639,1
In progress,3054,Low,Chat,Pricing and licensing,1st line support,Connor Danielovitch,08.09.2023 20:21,09.09.2023 20:21,08.09.2023 20:23,2023-09-08 20:21:56.031,Within SLA,,SLA Violated,,6.0,,Other,Tier 1,United Kingdom,55.378052,-3.435973,0
In progress,3055,Low,Phone,Other,2nd line support,Michele Whyatt,09.09.2023 13:21,11.09.2023 13:21,09.09.2023 13:23,09.09.2023 13:22,Within SLA,,SLA Violated,,2.0,,Ready to use Software,Tier 2,United Kingdom,55.378052,-3.435973,0
In progress,3056,Low,Email,Product setup,1st line support,Nicola Wane,09.09.2023 15:22,11.09.2023 15:22,09.09.2023 16:22,09.09.2023 15:32,Within SLA,,SLA Violated,,3.0,,Ready to use Software,Tier 1,Spain,39.67337,-4.767726,0
Resolved,3057,Low,Chat,Feature request,1st line support,Nicola Wane,09.09.2023 07:08,10.09.2023 07:08,09.09.2023 07:10,09.09.2023 07:08,Within SLA,09.09.2023 14:46,Within SLA,,2.0,,Ready to use Software,Tier 1,Slovenia,46.1491664,14.9860106,0
Closed,3058,High,Phone,Feature request,1st line support,Nicola Wane,09.09.2023 06:14,11.09.2023 06:14,09.09.2023 06:16,2023-09-09 06:15:53.092,Within SLA,10.09.2023 19:59,Within SLA,16.09.2023 19:56,3.0,2.0,Custom software development,Tier 1,Greece,39.368279,21.863141,1
In progress,3068,High,Chat,Product setup,2nd line support,Adolpho Messingham,10.09.2023 09:12,11.09.2023 09:12,10.09.2023 09:14,10.09.2023 09:14,Within SLA,,SLA Violated,,6.0,,Custom software development,Tier 2,Poland,52.536273,19.050639,0
Closed,3069,Medium,Chat,Bug report,1st line support,Sheela Cutten,10.09.2023 03:13,11.09.2023 03:13,10.09.2023 03:15,10.09.2023 03:19,SLA Violated,10.09.2023 05:16,Within SLA,12.09.2023 01:45,9.0,5.0,Custom software development,Tier 1,Germany,51.165691,10.451526,1
Resolved,3070,Medium,Chat,Product setup,1st line support,Bernard Beckley,10.09.2023 20:22,11.09.2023 20:22,10.09.2023 20:24,10.09.2023 20:24,Within SLA,11.09.2023 13:21,Within SLA,,60.0,,Ready to use Software,Tier 1,Bulgaria,42.7249925,25.4833039,0
Resolved,3071,Low,Chat,Purchasing and invoicing,1st line support,Connor Danielovitch,10.09.2023 06:36,11.09.2023 06:36,10.09.2023 06:38,10.09.2023 06:36,Within SLA,11.09.2023 01:00,Within SLA,,5.0,,Ready to use Software,Tier 1,Spain,39.67337,-4.767726,0
In progress,3072,Medium,Chat,Product setup,1st line support,Nicola Wane,11.09.2023 12:01,12.09.2023 12:01,11.09.2023 12:03,11.09.2023 12:02,Within SLA,,SLA Violated,,6.0,,Ready to use Software,Tier 1,Greece,39.368279,21.863141,0
Closed,3073,Low,Email,Pricing and licensing,1st line support,Nicola Wane,11.09.2023 06:29,13.09.2023 06:29,11.09.2023 07:29,11.09.2023 07:09,Within SLA,16.09.2023 18:25,SLA Violated,16.09.2023 19:40,2.0,5.0,Ready to use Software,Tier 1,Czech Republic,49.8037633,15.4749126,1
Closed,3074,Low,Chat,Purchasing and invoicing,1st line support,Connor Danielovitch,11.09.2023 05:40,12.09.2023 05:40,11.09.2023 05:42,2023-09-11 05:41:12.078,Within SLA,11.09.2023 21:48,Within SLA,16.09.2023 22:34,9.0,5.0,Training and Consulting Services,Tier 1,Greece,39.368279,21.863141,1
Resolved,3075,Medium,Email,Other,1st line support,Kristos Westoll,11.09.2023 23:52,13.09.2023 23:52,12.09.2023 00:52,12.09.2023 00:29,Within SLA,2023-09-17 03:02:18.067,SLA Violated,,1.0,,Ready to use Software,Tier 1,Austria,47.6964719,13.3457347,0
Resolved,3076,High,Chat,Pricing and Licensing,1st line support,Sheela Cutten,11.09.2023 07:01,12.09.2023 07:01,11.09.2023 07:03,11.09.2023 07:02,Within SLA,11.09.2023 14:15,Within SLA,,4.0,,Custom software development,Tier 1,Italy,43.036776,12.678565,0
Resolved,3077,Low,Email,Bug report,2nd line support,Heather Urry,11.09.2023 00:39,13.09.2023 00:39,11.09.2023 01:39,11.09.2023 01:36,Within SLA,11.09.2023 21:09,Within SLA,,5.0,,Custom software development,Tier 2,France,48.864716,2.349014,0
Closed,3078,Low,Email,Feature request,2nd line support,Adolpho Messingham,11.09.2023 01:52,13.09.2023 01:52,11.09.2023 02:52,11.09.2023 02:47,Within SLA,11.09.2023 18:22,Within SLA,17.09.2023 19:04,3.0,5.0,Ready to use Software,Tier 2,France,48.864716,2.349014,1
Closed,3079,Low,Email,Feature request,1st line support,Bernard Beckley,11.09.2023 16:12,13.09.2023 16:12,11.09.2023 17:12,11.09.2023 17:22,SLA Violated,15.09.2023 04:22,SLA Violated,15.09.2023 16:12,2.0,4.0,Ready to use Software,Tier 1,United Kingdom,55.378052,-3.435973,1
Closed,3080,Low,Chat,Training request,1st line support,Connor Danielovitch,12.09.2023 15:14,13.09.2023 15:14,12.09.2023 15:16,12.09.2023 15:16,Within SLA,12.09.2023 17:40,Within SLA,17.09.2023 15:26,7.0,5.0,Training and Consulting Services,Tier 1,Germany,51.165691,10.451526,1
Resolved,3081,High,Chat,Feature request,1st line support,Bernard Beckley,12.09.2023 23:05,13.09.2023 23:05,12.09.2023 23:07,12.09.2023 23:10,SLA Violated,13.09.2023 09:25,Within SLA,,2.0,,Ready to use Software,Tier 1,Germany,51.165691,10.451526,0
Resolved,3082,Low,Chat,Feature request,2nd line support,Adolpho Messingham,12.09.2023 13:30,13.09.2023 13:30,12.09.2023 13:32,12.09.2023 13:30,Within SLA,14.09.2023 06:04,SLA Violated,,6.0,,Other,Tier 2,France,48.864716,2.349014,0
Closed,3083,Medium,Chat,Pricing and Licensing,1st line support,Sheela Cutten,12.09.2023 01:42,13.09.2023 01:42,12.09.2023 01:44,12.09.2023 01:43,Within SLA,12.09.2023 10:53,Within SLA,14.09.2023 02:53,4.0,4.0,Custom software development,Tier 1,Poland,52.536273,19.050639,1
Closed,3084,Low,Email,Bug report,2nd line support,Adolpho Messingham,12.09.2023 21:51,14.09.2023 21:51,12.09.2023 22:51,12.09.2023 22:12,Within SLA,14.09.2023 17:06,Within SLA,18.09.2023 22:32,10.0,4.0,Training and Consulting Services,Tier 2,France,48.864716,2.349014,1
Closed,3085,High,Chat,Purchasing and invoicing,1st line support,Connor Danielovitch,12.09.2023 05:30,13.09.2023 05:30,12.09.2023 05:32,12.09.2023 05:30,Within SLA,12.09.2023 14:05,Within SLA,18.09.2023 03:27,6.0,5.0,Training and Consulting Services,Tier 1,Greece,39.368279,21.863141,1
In progress,3086,Low,Chat,Feature request,1st line support,Kristos Westoll,12.09.2023 07:10,13.09.2023 07:10,12.09.2023 07:12,12.09.2023 07:10,Within SLA,,SLA Violated,,5.0,,Custom software development,Tier 1,Spain,39.67337,-4.767726,0
Resolved,3087,Low,Email,Pricing and licensing,1st line support,Nicola Wane,13.09.2023 08:10,15.09.2023 08:10,13.09.2023 09:10,13.09.2023 08:17,Within SLA,14.09.2023 20:28,Within SLA,,6.0,,Ready to use Software,Tier 1,Czech Republic,49.8037633,15.4749126,0
Resolved,3088,Low,Email,Product setup,1st line support,Bernard Beckley,13.09.2023 07:27,15.09.2023 07:27,13.09.2023 08:27,13.09.2023 07:52,Within SLA,15.09.2023 04:46,Within SLA,,2.0,,Ready to use Software,Tier 1,Poland,52.536273,19.050639,0
Resolved,3089,High,Email,Pricing and licensing,1st line support,Connor Danielovitch,13.09.2023 22:49,15.09.2023 22:49,13.09.2023 23:49,13.09.2023 23:39,Within SLA,15.09.2023 12:53,Within SLA,,1.0,,Ready to use Software,Tier 1,Spain,39.67337,-4.767726,0
Closed,3090,Medium,Email,Pricing and licensing,1st line support,Nicola Wane,13.09.2023 18:38,15.09.2023 18:38,13.09.2023 19:38,13.09.2023 19:31,Within SLA,18.09.2023 02:53,SLA Violated,2023-09-20 01:05:41.075,3.0,2.0,Ready to use Software,Tier 1,Czech Republic,49.8037633,15.4749126,1
Closed,3091,Medium,Email,Bug report,1st line support,Nicola Wane,13.09.2023 05:38,15.09.2023 05:38,13.09.2023 06:38,2023-09-13 05:48:28.023,Within SLA,14.09.2023 07:09,Within SLA,16.09.2023 09:12,2.0,1.0,Custom software development,Tier 1,France,48.864716,2.349014,1
Closed,3092,Medium,Chat,Other,1st line support,Nicola Wane,14.09.2023 02:24,15.09.2023 02:24,14.09.2023 02:26,14.09.2023 02:30,SLA Violated,15.09.2023 00:20,Within SLA,2023-09-15 17:00:48.094,9.0,4.0,Ready to use Software,Tier 1,Austria,47.6964719,13.3457347,1
Closed,3093,Low,Email,Feature request,2nd line support,Adolpho Messingham,14.09.2023 16:22,16.09.2023 16:22,14.09.2023 17:22,14.09.2023 17:18,Within SLA,16.09.2023 12:27,Within SLA,17.09.2023 05:52,9.0,2.0,Ready to use Software,Tier 2,Poland,52.536273,19.050639,1
Resolved,3094,Low,Email,Pricing and licensing,1st line support,Connor Danielovitch,14.09.2023 01:53,16.09.2023 01:53,14.09.2023 02:53,14.09.2023 02:04,Within SLA,14.09.2023 21:40,Within SLA,,1.0,,Custom software development,Tier 1,United Kingdom,55.378052,-3.435973,0
In progress,3095,Low,Email,Purchasing and invoicing,1st line support,Bernard Beckley,14.09.2023 12:58,16.09.2023 12:58,14.09.2023 13:58,14.09.2023 13:27,Within SLA,,SLA Violated,,2.0,,Other,Tier 1,Poland,52.536273,19.050639,0
Closed,3096,Low,Email,Purchasing and invoicing,1st line support,Connor Danielovitch,15.09.2023 02:21,17.09.2023 02:21,15.09.2023 03:21,15.09.2023 02:33,Within SLA,2023-09-15 14:11:00.026,Within SLA,17.09.2023 08:59,2.0,5.0,Custom software development,Tier 1,Poland,52.536273,19.050639,1
In progress,3097,Low,Chat,Feature request,1st line support,Nicola Wane,15.09.2023 23:13,16.09.2023 23:13,15.09.2023 23:15,15.09.2023 23:13,Within SLA,,SLA Violated,,60.0,,Ready to use Software,Tier 1,Poland,52.536273,19.050639,0
Closed,3098,High,Chat,Pricing and licensing,2nd line support,Adolpho Messingham,15.09.2023 09:52,16.09.2023 09:52,15.09.2023 09:54,15.09.2023 09:52,Within SLA,19.09.2023 06:30,SLA Violated,19.09.2023 14:39,6.0,4.0,Training and Consulting Services,Tier 2,Slovenia,46.1491664,14.9860106,1
Closed,3099,Medium,Chat,Purchasing and invoicing,1st line support,Nicola Wane,15.09.2023 02:34,16.09.2023 02:34,15.09.2023 02:36,15.09.2023 02:34,Within SLA,15.09.2023 22:05,Within SLA,17.09.2023 12:21,5.0,2.0,Ready to use Software,Tier 1,Austria,47.6964719,13.3457347,1
Resolved,3100,Medium,Phone,Pricing and licensing,1st line support,Kristos Westoll,15.09.2023 12:12,17.09.2023 12:12,15.09.2023 12:14,15.09.2023 12:13,Within SLA,15.09.2023 19:33,Within SLA,,1.0,,Other,Tier 1,United Kingdom,55.378052,-3.435973,0
Closed,3101,High,Chat,Pricing and licensing,1st line support,Sheela Cutten,15.09.2023 07:31,16.09.2023 07:31,15.09.2023 07:33,15.09.2023 07:31,Within SLA,20.09.2023 16:16,SLA Violated,2023-09-22 12:47:40.015,6.0,3.0,Training and Consulting Services,Tier 1,Germany,51.165691,10.451526,1
Closed,3102,Medium,Chat,Product setup,1st line support,Sheela Cutten,15.09.2023 09:48,16.09.2023 09:48,15.09.2023 09:50,15.09.2023 09:50,Within SLA,15.09.2023 20:28,Within SLA,18.09.2023 19:11,6.0,4.0,Ready to use Software,Tier 1,Poland,52.536273,19.050639,1
Closed,3103,Low,Phone,Pricing and licensing,2nd line support,Michele Whyatt,15.09.2023 13:32,17.09.2023 13:32,15.09.2023 13:34,15.09.2023 13:34,SLA Violated,16.09.2023 11:18,Within SLA,19.09.2023 06:27,6.0,5.0,Ready to use Software,Tier 2,Czech Republic,49.8037633,15.4749126,1
Resolved,3104,Low,Chat,Purchasing and invoicing,1st line support,Sheela Cutten,16.09.2023 21:36,17.09.2023 21:36,16.09.2023 21:38,16.09.2023 21:38,Within SLA,19.09.2023 21:43,SLA Violated,,6.0,,Other,Tier 1,Republic of Ireland,53.094024,-8.019675,0
Closed,3105,Low,Email,Product setup,2nd line support,Heather Urry,16.09.2023 03:27,18.09.2023 03:27,16.09.2023 04:27,16.09.2023 04:11,Within SLA,16.09.2023 11:23,Within SLA,20.09.2023 07:51,2.0,1.0,Ready to use Software,Tier 2,Spain,39.67337,-4.767726,1
Resolved,3120,High,Chat,Product setup,1st line support,Kristos Westoll,17.09.2023 04:00,18.09.2023 04:00,17.09.2023 04:02,17.09.2023 04:01,Within SLA,17.09.2023 19:22,Within SLA,,5.0,,Other,Tier 1,United Kingdom,55.378052,-3.435973,0
Closed,3122,Medium,Email,Product setup,1st line support,Kristos Westoll,17.09.2023 07:39,19.09.2023 07:39,17.09.2023 08:39,17.09.2023 08:29,Within SLA,18.09.2023 19:40,Within SLA,2023-09-21 00:31:51.002,9.0,1.0,Ready to use Software,Tier 1,Italy,43.036776,12.678565,1
Closed,3124,Low,Email,Bug report,1st line support,Nicola Wane,18.09.2023 21:59,20.09.2023 21:59,18.09.2023 22:59,18.09.2023 22:30,Within SLA,19.09.2023 02:32,Within SLA,22.09.2023 03:19,2.0,5.0,Ready to use Software,Tier 1,Czech Republic,49.8037633,15.4749126,1
Closed,3125,High,Chat,Purchasing and invoicing,2nd line support,Heather Urry,18.09.2023 18:47,19.09.2023 18:47,18.09.2023 18:49,18.09.2023 18:47,Within SLA,18.09.2023 23:03,Within SLA,19.09.2023 21:27,5.0,3.0,Training and Consulting Services,Tier 2,Bulgaria,42.7249925,25.4833039,1
Closed,3126,Low,Email,Other,1st line support,Kristos Westoll,18.09.2023 02:37,20.09.2023 02:37,18.09.2023 03:37,18.09.2023 02:57,Within SLA,2023-09-19 17:43:58.025,Within SLA,20.09.2023 11:25,7.0,1.0,Ready to use Software,Tier 1,Bulgaria,42.7249925,25.4833039,1
Closed,3127,Medium,Email,Other,1st line support,Sheela Cutten,18.09.2023 10:26,20.09.2023 10:26,18.09.2023 11:26,18.09.2023 11:12,Within SLA,2023-09-20 01:50:52.007,Within SLA,22.09.2023 00:38,3.0,2.0,Custom software development,Tier 1,Austria,47.6964719,13.3457347,1
Closed,3128,Medium,Chat,Pricing and Licensing,1st line support,Nicola Wane,18.09.2023 19:11,19.09.2023 19:11,18.09.2023 19:13,18.09.2023 19:11,Within SLA,2023-09-22 10:01:30.035,SLA Violated,22.09.2023 15:55,6.0,3.0,Custom software development,Tier 1,Germany,51.165691,10.451526,1
Resolved,3130,High,Email,Product setup,2nd line support,Michele Whyatt,18.09.2023 22:00,20.09.2023 22:00,18.09.2023 23:00,18.09.2023 22:12,Within SLA,20.09.2023 01:54,Within SLA,,2.0,,Training and Consulting Services,Tier 2,Austria,47.6964719,13.3457347,0
Closed,3132,Low,Chat,Training request,1st line support,Nicola Wane,18.09.2023 06:51,19.09.2023 06:51,18.09.2023 06:53,18.09.2023 06:54,SLA Violated,21.09.2023 03:38,SLA Violated,22.09.2023 22:49,9.0,2.0,Training and Consulting Services,Tier 1,Germany,51.165691,10.451526,1
Closed,3133,Medium,Email,Product setup,1st line support,Sheela Cutten,18.09.2023 11:31,20.09.2023 11:31,18.09.2023 12:31,18.09.2023 15:25,SLA Violated,2023-09-18 20:58:58.036,Within SLA,23.09.2023 15:29,3.0,5.0,Ready to use Software,Tier 1,Slovenia,46.1491664,14.9860106,1
Closed,3134,High,Email,Other,1st line support,Bernard Beckley,18.09.2023 14:49,20.09.2023 14:49,18.09.2023 15:49,18.09.2023 14:51,Within SLA,2023-09-20 17:39:53.064,SLA Violated,22.09.2023 13:28,2.0,4.0,Training and Consulting Services,Tier 1,Bulgaria,42.7249925,25.4833039,1
In progress,3135,Low,Email,Product setup,1st line support,Sheela Cutten,19.09.2023 11:41,21.09.2023 11:41,19.09.2023 12:41,19.09.2023 11:59,Within SLA,,SLA Violated,,10.0,,Other,Tier 1,Italy,43.036776,12.678565,0
Closed,3136,High,Email,Feature request,2nd line support,Michele Whyatt,19.09.2023 07:00,21.09.2023 07:00,19.09.2023 08:00,19.09.2023 07:57,Within SLA,20.09.2023 20:49,Within SLA,23.09.2023 23:32,2.0,4.0,Ready to use Software,Tier 2,Spain,39.67337,-4.767726,1
Resolved,3137,Medium,Chat,Pricing and licensing,1st line support,Connor Danielovitch,19.09.2023 05:34,20.09.2023 05:34,19.09.2023 05:36,19.09.2023 05:34,Within SLA,20.09.2023 03:17,Within SLA,,2.0,,Ready to use Software,Tier 1,Poland,52.536273,19.050639,0
Closed,3138,High,Email,Pricing and licensing,2nd line support,Michele Whyatt,20.09.2023 01:36,22.09.2023 01:36,20.09.2023 02:36,20.09.2023 01:52,Within SLA,21.09.2023 04:46,Within SLA,21.09.2023 13:33,1.0,1.0,Custom software development,Tier 2,Republic of Ireland,53.094024,-8.019675,1
Closed,3139,Low,Email,Other,2nd line support,Heather Urry,20.09.2023 05:23,22.09.2023 05:23,20.09.2023 06:23,20.09.2023 06:23,Within SLA,22.09.2023 01:56,Within SLA,25.09.2023 09:49,1.0,1.0,Training and Consulting Services,Tier 2,Czech Republic,49.8037633,15.4749126,1
Resolved,3141,Low,Phone,Feature request,2nd line support,Heather Urry,20.09.2023 11:15,22.09.2023 11:15,20.09.2023 11:17,20.09.2023 11:20,SLA Violated,20.09.2023 13:19,Within SLA,,1.0,,Other,Tier 2,Republic of Ireland,53.094024,-8.019675,0
In progress,3142,Medium,Chat,Product setup,2nd line support,Heather Urry,20.09.2023 15:41,21.09.2023 15:41,20.09.2023 15:43,20.09.2023 15:42,Within SLA,,SLA Violated,,5.0,,Other,Tier 2,Germany,51.165691,10.451526,0
Closed,3143,Low,Chat,Feature request,2nd line support,Michele Whyatt,20.09.2023 00:42,21.09.2023 00:42,20.09.2023 00:44,20.09.2023 00:44,Within SLA,20.09.2023 20:25,Within SLA,23.09.2023 18:24,8.0,3.0,Other,Tier 2,Bulgaria,42.7249925,25.4833039,1
Closed,3144,Medium,Email,Purchasing and invoicing,1st line support,Nicola Wane,21.09.2023 15:52,23.09.2023 15:52,21.09.2023 16:52,21.09.2023 16:50,Within SLA,22.09.2023 00:53,Within SLA,28.09.2023 08:43,2.0,2.0,Ready to use Software,Tier 1,Spain,39.67337,-4.767726,1
Resolved,3145,Medium,Chat,Product setup,2nd line support,Heather Urry,21.09.2023 22:13,22.09.2023 22:13,21.09.2023 22:15,21.09.2023 22:15,Within SLA,22.09.2023 04:20,Within SLA,,60.0,,Custom software development,Tier 2,Germany,51.165691,10.451526,0
Closed,3146,High,Email,Pricing and licensing,1st line support,Sheela Cutten,21.09.2023 23:10,23.09.2023 23:10,22.09.2023 00:10,22.09.2023 00:06,Within SLA,23.09.2023 15:42,Within SLA,25.09.2023 11:54,2.0,3.0,Training and Consulting Services,Tier 1,Greece,39.368279,21.863141,1
Closed,3147,Medium,Phone,Feature request,2nd line support,Adolpho Messingham,21.09.2023 14:23,23.09.2023 14:23,21.09.2023 14:25,21.09.2023 14:24,Within SLA,22.09.2023 10:27,Within SLA,21.09.2023 23:47,6.0,5.0,Other,Tier 2,Austria,47.6964719,13.3457347,1
Closed,3148,Medium,Email,Pricing and licensing,1st line support,Connor Danielovitch,21.09.2023 07:49,23.09.2023 07:49,21.09.2023 08:49,2023-09-21 08:20:44.071,Within SLA,26.09.2023 01:47,SLA Violated,26.09.2023 14:22,1.0,3.0,Ready to use Software,Tier 1,Germany,51.165691,10.451526,1
Closed,3149,Low,Phone,Feature request,1st line support,Sheela Cutten,21.09.2023 19:00,23.09.2023 19:00,21.09.2023 19:02,2023-09-21 19:01:53.011,Within SLA,2023-09-22 18:38:30.088,Within SLA,26.09.2023 04:25,1.0,2.0,Other,Tier 1,United Kingdom,55.378052,-3.435973,1
Closed,3150,Low,Phone,Pricing and licensing,2nd line support,Heather Urry,21.09.2023 16:36,23.09.2023 16:36,21.09.2023 16:38,21.09.2023 16:37,Within SLA,2023-09-24 17:45:03.005,SLA Violated,24.09.2023 21:31,1.0,4.0,Training and Consulting Services,Tier 2,France,48.864716,2.349014,1
Closed,3151,Medium,Phone,Feature request,1st line support,Connor Danielovitch,21.09.2023 10:25,23.09.2023 10:25,21.09.2023 10:27,21.09.2023 10:29,SLA Violated,23.09.2023 08:50,Within SLA,2023-09-26 17:41:30.048,1.0,5.0,Ready to use Software,Tier 1,Germany,51.165691,10.451526,1
Closed,3152,Medium,Chat,Pricing and licensing,2nd line support,Michele Whyatt,22.09.2023 01:23,23.09.2023 01:23,22.09.2023 01:25,22.09.2023 01:29,SLA Violated,22.09.2023 15:35,Within SLA,28.09.2023 11:19,5.0,4.0,Custom software development,Tier 2,Italy,43.036776,12.678565,1
Closed,3153,Low,Chat,Bug report,1st line support,Connor Danielovitch,22.09.2023 15:53,23.09.2023 15:53,22.09.2023 15:55,22.09.2023 15:53,Within SLA,25.09.2023 16:13,SLA Violated,26.09.2023 06:07,8.0,5.0,Ready to use Software,Tier 1,United Kingdom,55.378052,-3.435973,1
Closed,3154,Low,Email,Pricing and licensing,1st line support,Nicola Wane,22.09.2023 04:05,24.09.2023 04:05,22.09.2023 05:05,22.09.2023 04:48,Within SLA,22.09.2023 22:10,Within SLA,25.09.2023 02:09,1.0,1.0,Custom software development,Tier 1,Germany,51.165691,10.451526,1
Resolved,3155,Low,Phone,Product setup,1st line support,Nicola Wane,22.09.2023 05:52,24.09.2023 05:52,22.09.2023 05:54,22.09.2023 05:53,Within SLA,22.09.2023 20:15,Within SLA,,3.0,,Training and Consulting Services,Tier 1,France,48.864716,2.349014,0
Closed,3156,High,Phone,Other,2nd line support,Heather Urry,22.09.2023 23:23,24.09.2023 23:23,22.09.2023 23:25,22.09.2023 23:24,Within SLA,23.09.2023 01:05,Within SLA,25.09.2023 19:30,3.0,5.0,Ready to use Software,Tier 2,United Kingdom,55.378052,-3.435973,1
Resolved,3157,Medium,Chat,Purchasing and invoicing,1st line support,Bernard Beckley,22.09.2023 21:49,23.09.2023 21:49,22.09.2023 21:51,22.09.2023 21:50,Within SLA,23.09.2023 06:59,Within SLA,,8.0,,Ready to use Software,Tier 1,Republic of Ireland,53.094024,-8.019675,0
Closed,3158,Low,Chat,Pricing and Licensing,1st line support,Kristos Westoll,22.09.2023 19:56,23.09.2023 19:56,22.09.2023 19:58,22.09.2023 19:56,Within SLA,2023-09-28 15:01:59.015,SLA Violated,29.09.2023 21:33,2.0,5.0,Custom software development,Tier 1,Poland,52.536273,19.050639,1
Resolved,3159,Medium,Email,Product setup,2nd line support,Adolpho Messingham,22.09.2023 01:37,24.09.2023 01:37,22.09.2023 02:37,22.09.2023 01:50,Within SLA,25.09.2023 10:33,SLA Violated,,6.0,,Custom software development,Tier 2,France,48.864716,2.349014,0
Closed,3160,Medium,Phone,Purchasing and invoicing,1st line support,Bernard Beckley,22.09.2023 09:32,24.09.2023 09:32,22.09.2023 09:34,22.09.2023 09:32,Within SLA,24.09.2023 05:36,Within SLA,2023-09-24 10:15:41.005,1.0,3.0,Ready to use Software,Tier 1,Germany,51.165691,10.451526,1
Resolved,3161,Low,Chat,Product setup,1st line support,Connor Danielovitch,22.09.2023 00:55,23.09.2023 00:55,22.09.2023 00:57,22.09.2023 00:55,Within SLA,22.09.2023 14:14,Within SLA,,6.0,,Training and Consulting Services,Tier 1,Spain,39.67337,-4.767726,0
Closed,3162,Low,Email,Pricing and licensing,1st line support,Kristos Westoll,23.09.2023 16:45,25.09.2023 16:45,23.09.2023 17:45,23.09.2023 16:55,Within SLA,27.09.2023 05:04,SLA Violated,28.09.2023 01:13,5.0,1.0,Ready to use Software,Tier 1,Spain,39.67337,-4.767726,1
Closed,3163,Low,Email,Feature request,2nd line support,Michele Whyatt,23.09.2023 00:34,25.09.2023 00:34,23.09.2023 01:34,23.09.2023 01:32,Within SLA,24.09.2023 23:12,Within SLA,26.09.2023 10:29,10.0,4.0,Other,Tier 2,Greece,39.368279,21.863141,1
Closed,3164,Low,Email,Purchasing and invoicing,2nd line support,Michele Whyatt,23.09.2023 01:32,25.09.2023 01:32,23.09.2023 02:32,2023-09-23 02:00:10.025,Within SLA,24.09.2023 07:19,Within SLA,27.09.2023 23:10,1.0,4.0,Ready to use Software,Tier 2,United Kingdom,55.378052,-3.435973,1
In progress,3178,Low,Email,Product setup,1st line support,Bernard Beckley,24.09.2023 19:44,26.09.2023 19:44,24.09.2023 20:44,24.09.2023 20:33,Within SLA,,SLA Violated,,7.0,,Other,Tier 1,Germany,51.165691,10.451526,0
Closed,3179,Medium,Chat,Pricing and licensing,2nd line support,Michele Whyatt,24.09.2023 03:25,25.09.2023 03:25,24.09.2023 03:27,24.09.2023 03:27,Within SLA,25.09.2023 01:19,Within SLA,28.09.2023 08:53,60.0,5.0,Custom software development,Tier 2,United Kingdom,55.378052,-3.435973,1
In progress,3180,Low,Chat,Pricing and Licensing,1st line support,Connor Danielovitch,24.09.2023 21:16,25.09.2023 21:16,24.09.2023 21:18,24.09.2023 21:18,Within SLA,,SLA Violated,,8.0,,Custom software development,Tier 1,Germany,51.165691,10.451526,0
Closed,3181,Low,Chat,Product setup,2nd line support,Adolpho Messingham,25.09.2023 10:35,26.09.2023 10:35,25.09.2023 10:37,25.09.2023 10:36,Within SLA,26.09.2023 02:54,Within SLA,26.09.2023 20:56,7.0,4.0,Training and Consulting Services,Tier 2,Italy,43.036776,12.678565,1
Closed,3182,High,Email,Feature request,1st line support,Nicola Wane,25.09.2023 15:13,27.09.2023 15:13,25.09.2023 16:13,25.09.2023 15:40,Within SLA,26.09.2023 19:59,Within SLA,02.10.2023 01:13,2.0,5.0,Custom software development,Tier 1,Austria,47.6964719,13.3457347,1
In progress,3183,High,Email,Purchasing and invoicing,1st line support,Kristos Westoll,25.09.2023 01:25,27.09.2023 01:25,25.09.2023 02:25,25.09.2023 01:27,Within SLA,,SLA Violated,,2.0,,Training and Consulting Services,Tier 1,Italy,43.036776,12.678565,0
Resolved,3184,Medium,Chat,Purchasing and invoicing,2nd line support,Heather Urry,25.09.2023 03:28,26.09.2023 03:28,25.09.2023 03:30,2023-09-25 03:30:36.041,Within SLA,25.09.2023 14:49,Within SLA,,2.0,,Other,Tier 2,United Kingdom,55.378052,-3.435973,0
Resolved,3185,Low,Phone,Purchasing and invoicing,1st line support,Kristos Westoll,25.09.2023 03:57,27.09.2023 03:57,25.09.2023 03:59,25.09.2023 04:03,SLA Violated,27.09.2023 19:05,SLA Violated,,1.0,,Custom software development,Tier 1,Slovenia,46.1491664,14.9860106,0
Resolved,3186,Low,Phone,Product setup,1st line support,Nicola Wane,25.09.2023 05:24,27.09.2023 05:24,25.09.2023 05:26,25.09.2023 05:25,Within SLA,25.09.2023 17:23,Within SLA,,4.0,,Ready to use Software,Tier 1,Spain,39.67337,-4.767726,0
Closed,3187,Medium,Chat,Bug report,1st line support,Kristos Westoll,25.09.2023 15:07,26.09.2023 15:07,25.09.2023 15:09,25.09.2023 15:09,Within SLA,26.09.2023 04:31,Within SLA,28.09.2023 06:23,6.0,1.0,Custom software development,Tier 1,Poland,52.536273,19.050639,1
Closed,3188,Low,Phone,Feature request,1st line support,Sheela Cutten,25.09.2023 09:47,27.09.2023 09:47,25.09.2023 09:49,25.09.2023 09:47,Within SLA,25.09.2023 18:31,Within SLA,30.09.2023 05:53,1.0,4.0,Custom software development,Tier 1,Bulgaria,42.7249925,25.4833039,1
Resolved,3189,Low,Chat,Pricing and licensing,1st line support,Bernard Beckley,25.09.2023 15:40,26.09.2023 15:40,25.09.2023 15:42,25.09.2023 15:41,Within SLA,26.09.2023 06:33,Within SLA,,4.0,,Custom software development,Tier 1,Poland,52.536273,19.050639,0
Closed,3190,Low,Email,Purchasing and invoicing,1st line support,Connor Danielovitch,26.09.2023 22:51,28.09.2023 22:51,26.09.2023 23:51,26.09.2023 23:07,Within SLA,27.09.2023 07:56,Within SLA,28.09.2023 15:43,1.0,3.0,Custom software development,Tier 1,Republic of Ireland,53.094024,-8.019675,1
Closed,3191,Medium,Email,Pricing and licensing,1st line support,Kristos Westoll,26.09.2023 15:34,28.09.2023 15:34,26.09.2023 16:34,26.09.2023 16:24,Within SLA,01.10.2023 09:36,SLA Violated,01.10.2023 23:04,1.0,5.0,Other,Tier 1,Bulgaria,42.7249925,25.4833039,1
Closed,3192,Medium,Email,Product setup,1st line support,Bernard Beckley,26.09.2023 17:16,28.09.2023 17:16,26.09.2023 18:16,26.09.2023 17:53,Within SLA,27.09.2023 06:30,Within SLA,28.09.2023 09:48,7.0,1.0,Ready to use Software,Tier 1,Bulgaria,42.7249925,25.4833039,1
Closed,3193,Low,Phone,Feature request,2nd line support,Michele Whyatt,26.09.2023 11:00,28.09.2023 11:00,26.09.2023 11:02,26.09.2023 11:00,Within SLA,28.09.2023 03:55,Within SLA,01.10.2023 03:52,6.0,4.0,Other,Tier 2,Bulgaria,42.7249925,25.4833039,1
In progress,3194,Low,Email,Product setup,1st line support,Connor Danielovitch,26.09.2023 12:56,28.09.2023 12:56,26.09.2023 13:56,26.09.2023 13:15,Within SLA,,SLA Violated,,2.0,,Ready to use Software,Tier 1,Czech Republic,49.8037633,15.4749126,0
Resolved,3196,Medium,Email,Other,2nd line support,Michele Whyatt,27.09.2023 01:56,29.09.2023 01:56,27.09.2023 02:56,27.09.2023 02:42,Within SLA,28.09.2023 04:08,Within SLA,,2.0,,Custom software development,Tier 2,Spain,39.67337,-4.767726,0
In progress,3197,Low,Email,Feature request,1st line support,Nicola Wane,27.09.2023 22:45,29.09.2023 22:45,27.09.2023 23:45,27.09.2023 23:26,Within SLA,,SLA Violated,,5.0,,Ready to use Software,Tier 1,United Kingdom,55.378052,-3.435973,0
Closed,3198,Low,Chat,Bug report,1st line support,Bernard Beckley,27.09.2023 05:29,28.09.2023 05:29,27.09.2023 05:31,2023-09-27 05:33:14.077,SLA Violated,30.09.2023 12:01,SLA Violated,02.10.2023 09:08,7.0,1.0,Ready to use Software,Tier 1,United Kingdom,55.378052,-3.435973,1
Closed,3200,High,Chat,Pricing and licensing,2nd line support,Michele Whyatt,27.09.2023 06:14,28.09.2023 06:14,27.09.2023 06:16,27.09.2023 06:19,SLA Violated,27.09.2023 21:31,Within SLA,01.10.2023 03:32,2.0,5.0,Ready to use Software,Tier 2,Greece,39.368279,21.863141,1
Closed,3201,Medium,Chat,Pricing and licensing,2nd line support,Adolpho Messingham,27.09.2023 05:52,28.09.2023 05:52,27.09.2023 05:54,2023-09-27 05:54:09.016,Within SLA,03.10.2023 04:32,SLA Violated,04.10.2023 04:42,2.0,5.0,Training and Consulting Services,Tier 2,Poland,52.536273,19.050639,1
Resolved,3202,High,Chat,Product setup,1st line support,Bernard Beckley,27.09.2023 09:00,28.09.2023 09:00,27.09.2023 09:02,27.09.2023 09:01,Within SLA,28.09.2023 01:56,Within SLA,,6.0,,Ready to use Software,Tier 1,Bulgaria,42.7249925,25.4833039,0
In progress,3203,Low,Chat,Pricing and licensing,1st line support,Kristos Westoll,27.09.2023 10:58,28.09.2023 10:58,27.09.2023 11:00,27.09.2023 11:00,Within SLA,,SLA Violated,,6.0,,Custom software development,Tier 1,France,48.864716,2.349014,0
Closed,3204,Low,Email,Bug report,2nd line support,Heather Urry,27.09.2023 00:18,29.09.2023 00:18,27.09.2023 01:18,27.09.2023 00:49,Within SLA,28.09.2023 05:08,Within SLA,30.09.2023 04:14,9.0,4.0,Training and Consulting Services,Tier 2,Poland,52.536273,19.050639,1
Closed,3205,Low,Email,Purchasing and invoicing,1st line support,Sheela Cutten,27.09.2023 14:36,29.09.2023 14:36,27.09.2023 15:36,27.09.2023 15:13,Within SLA,29.09.2023 04:48,Within SLA,29.09.2023 02:01,3.0,3.0,Training and Consulting Services,Tier 1,France,48.864716,2.349014,1
In progress,3206,Medium,Chat,Product setup,1st line support,Kristos Westoll,28.09.2023 11:38,29.09.2023 11:38,28.09.2023 11:40,28.09.2023 11:40,Within SLA,,SLA Violated,,2.0,,Ready to use Software,Tier 1,Slovenia,46.1491664,14.9860106,0
Closed,3207,Low,Chat,Purchasing and invoicing,1st line support,Kristos Westoll,28.09.2023 02:28,29.09.2023 02:28,28.09.2023 02:30,28.09.2023 02:33,SLA Violated,28.09.2023 10:03,Within SLA,03.10.2023 15:04,5.0,4.0,Custom software development,Tier 1,Poland,52.536273,19.050639,1
Resolved,3208,Medium,Email,Other,1st line support,Kristos Westoll,28.09.2023 08:07,30.09.2023 08:07,28.09.2023 09:07,28.09.2023 08:43,Within SLA,29.09.2023 11:54,Within SLA,,8.0,,Other,Tier 1,Bulgaria,42.7249925,25.4833039,0
Closed,3209,High,Email,Product setup,1st line support,Bernard Beckley,28.09.2023 14:43,30.09.2023 14:43,28.09.2023 15:43,28.09.2023 15:12,Within SLA,02.10.2023 21:26,SLA Violated,04.10.2023 07:27,1.0,3.0,Other,Tier 1,Italy,43.036776,12.678565,1
Closed,3210,Low,Email,Pricing and Licensing,1st line support,Bernard Beckley,28.09.2023 18:54,30.09.2023 18:54,28.09.2023 19:54,28.09.2023 18:56,Within SLA,01.10.2023 16:54,SLA Violated,02.10.2023 09:41,1.0,1.0,Custom software development,Tier 1,Poland,52.536273,19.050639,1
Closed,3211,Medium,Chat,Training request,1st line support,Sheela Cutten,28.09.2023 07:43,29.09.2023 07:43,28.09.2023 07:45,28.09.2023 07:43,Within SLA,2023-09-28 11:39:35.016,Within SLA,30.09.2023 22:21,6.0,3.0,Training and Consulting Services,Tier 1,Italy,43.036776,12.678565,1
In progress,3212,Medium,Chat,Pricing and Licensing,1st line support,Nicola Wane,28.09.2023 18:52,29.09.2023 18:52,28.09.2023 18:54,28.09.2023 18:52,Within SLA,,SLA Violated,,4.0,,Custom software development,Tier 1,Greece,39.368279,21.863141,0
Closed,3214,Low,Email,Purchasing and invoicing,1st line support,Kristos Westoll,29.09.2023 01:39,01.10.2023 01:39,29.09.2023 02:39,29.09.2023 02:14,Within SLA,29.09.2023 18:55,Within SLA,01.10.2023 17:03,1.0,2.0,Other,Tier 1,France,48.864716,2.349014,1
Closed,3215,Low,Email,Product setup,1st line support,Connor Danielovitch,29.09.2023 23:41,01.10.2023 23:41,30.09.2023 00:41,30.09.2023 00:14,Within SLA,30.09.2023 00:24,Within SLA,06.10.2023 23:20,9.0,5.0,Ready to use Software,Tier 1,United Kingdom,55.378052,-3.435973,1
Resolved,3216,High,Email,Product setup,1st line support,Kristos Westoll,29.09.2023 09:45,01.10.2023 09:45,29.09.2023 10:45,29.09.2023 10:37,Within SLA,30.09.2023 14:43,Within SLA,,1.0,,Training and Consulting Services,Tier 1,Bulgaria,42.7249925,25.4833039,0
Closed,3218,Medium,Email,Pricing and licensing,1st line support,Kristos Westoll,30.09.2023 01:21,02.10.2023 01:21,30.09.2023 02:21,30.09.2023 01:59,Within SLA,04.10.2023 22:54,SLA Violated,05.10.2023 07:18,8.0,5.0,Ready to use Software,Tier 1,Greece,39.368279,21.863141,1
Resolved,3219,Low,Phone,Pricing and licensing,1st line support,Kristos Westoll,30.09.2023 02:53,02.10.2023 02:53,30.09.2023 02:55,30.09.2023 02:59,SLA Violated,05.10.2023 12:12,SLA Violated,,1.0,,Other,Tier 1,Italy,43.036776,12.678565,0
Closed,3220,Low,Email,Feature request,2nd line support,Heather Urry,30.09.2023 16:21,02.10.2023 16:21,30.09.2023 17:21,30.09.2023 17:09,Within SLA,30.09.2023 20:48,Within SLA,04.10.2023 12:04,6.0,1.0,Ready to use Software,Tier 2,France,48.864716,2.349014,1
Resolved,3228,Low,Phone,Pricing and licensing,1st line support,Bernard Beckley,01.10.2023 12:32,03.10.2023 12:32,01.10.2023 12:34,2023-10-01 12:34:07.055,Within SLA,03.10.2023 12:04,Within SLA,,5.0,,Ready to use Software,Tier 1,Italy,43.036776,12.678565,0
Resolved,3229,Low,Phone,Product setup,1st line support,Connor Danielovitch,02.10.2023 02:28,04.10.2023 02:28,02.10.2023 02:30,02.10.2023 02:29,Within SLA,06.10.2023 10:24,SLA Violated,,4.0,,Custom software development,Tier 1,United Kingdom,55.378052,-3.435973,0
Resolved,3230,Medium,Email,Pricing and licensing,1st line support,Kristos Westoll,02.10.2023 18:04,04.10.2023 18:04,02.10.2023 19:04,02.10.2023 21:28,SLA Violated,02.10.2023 18:39,Within SLA,,1.0,,Training and Consulting Services,Tier 1,Republic of Ireland,53.094024,-8.019675,0
Resolved,3231,High,Chat,Feature request,1st line support,Nicola Wane,02.10.2023 08:19,03.10.2023 08:19,02.10.2023 08:21,02.10.2023 08:19,Within SLA,03.10.2023 02:05,Within SLA,,60.0,,Ready to use Software,Tier 1,Italy,43.036776,12.678565,0
Resolved,3232,Low,Chat,Product setup,2nd line support,Heather Urry,02.10.2023 20:30,03.10.2023 20:30,02.10.2023 20:32,02.10.2023 20:32,Within SLA,03.10.2023 05:55,Within SLA,,2.0,,Training and Consulting Services,Tier 2,Spain,39.67337,-4.767726,0
Closed,3233,Medium,Phone,Other,1st line support,Kristos Westoll,02.10.2023 06:05,04.10.2023 06:05,02.10.2023 06:07,02.10.2023 06:06,Within SLA,04.10.2023 01:30,Within SLA,08.10.2023 10:26,5.0,2.0,Ready to use Software,Tier 1,Poland,52.536273,19.050639,1
Resolved,3234,Low,Email,Product setup,1st line support,Sheela Cutten,02.10.2023 23:15,04.10.2023 23:15,03.10.2023 00:15,2023-10-02 23:55:47.070,Within SLA,06.10.2023 06:21,SLA Violated,,8.0,,Ready to use Software,Tier 1,United Kingdom,55.378052,-3.435973,0
Closed,3235,Medium,Phone,Other,1st line support,Sheela Cutten,02.10.2023 03:14,04.10.2023 03:14,02.10.2023 03:16,02.10.2023 03:19,SLA Violated,03.10.2023 05:36,Within SLA,03.10.2023 00:04,2.0,3.0,Custom software development,Tier 1,Austria,47.6964719,13.3457347,1
Resolved,3236,Medium,Email,Bug report,2nd line support,Heather Urry,03.10.2023 01:21,05.10.2023 01:21,03.10.2023 02:21,03.10.2023 01:49,Within SLA,04.10.2023 08:40,Within SLA,,1.0,,Ready to use Software,Tier 2,Greece,39.368279,21.863141,0
Closed,3237,Medium,Chat,Training request,1st line support,Sheela Cutten,03.10.2023 08:47,04.10.2023 08:47,03.10.2023 08:49,03.10.2023 08:50,SLA Violated,04.10.2023 08:40,Within SLA,06.10.2023 02:00,5.0,4.0,Training and Consulting Services,Tier 1,Poland,52.536273,19.050639,1
Resolved,3238,Low,Chat,Pricing and licensing,1st line support,Nicola Wane,03.10.2023 02:51,04.10.2023 02:51,03.10.2023 02:53,03.10.2023 02:53,Within SLA,04.10.2023 00:17,Within SLA,,8.0,,Custom software development,Tier 1,Italy,43.036776,12.678565,0
Closed,3239,High,Email,Product setup,2nd line support,Heather Urry,03.10.2023 02:21,05.10.2023 02:21,03.10.2023 03:21,03.10.2023 02:38,Within SLA,04.10.2023 19:30,Within SLA,2023-10-06 08:48:12.058,1.0,3.0,Custom software development,Tier 2,Spain,39.67337,-4.767726,1
Resolved,3240,Low,Chat,Feature request,2nd line support,Michele Whyatt,03.10.2023 22:55,04.10.2023 22:55,03.10.2023 22:57,03.10.2023 22:56,Within SLA,2023-10-07 15:01:05.068,SLA Violated,,2.0,,Other,Tier 2,United Kingdom,55.378052,-3.435973,0
In progress,3241,Medium,Email,Pricing and licensing,1st line support,Connor Danielovitch,03.10.2023 16:05,05.10.2023 16:05,03.10.2023 17:05,03.10.2023 16:53,Within SLA,,SLA Violated,,1.0,,Ready to use Software,Tier 1,Slovenia,46.1491664,14.9860106,0
Closed,3242,High,Chat,Purchasing and invoicing,2nd line support,Heather Urry,03.10.2023 12:16,04.10.2023 12:16,03.10.2023 12:18,03.10.2023 12:18,Within SLA,08.10.2023 01:25,SLA Violated,09.10.2023 06:41,2.0,4.0,Ready to use Software,Tier 2,Poland,52.536273,19.050639,1
In progress,3243,Medium,Email,Product setup,2nd line support,Adolpho Messingham,04.10.2023 01:11,06.10.2023 01:11,04.10.2023 02:11,04.10.2023 01:17,Within SLA,,SLA Violated,,4.0,,Other,Tier 2,United Kingdom,55.378052,-3.435973,0
Closed,3244,Low,Email,Product setup,1st line support,Kristos Westoll,04.10.2023 21:18,06.10.2023 21:18,04.10.2023 22:18,04.10.2023 22:10,Within SLA,05.10.2023 03:01,Within SLA,06.10.2023 05:18,9.0,2.0,Custom software development,Tier 1,Germany,51.165691,10.451526,1
Closed,3245,High,Email,Other,1st line support,Connor Danielovitch,04.10.2023 03:45,06.10.2023 03:45,04.10.2023 04:45,04.10.2023 04:19,Within SLA,05.10.2023 13:18,Within SLA,11.10.2023 03:26,8.0,3.0,Ready to use Software,Tier 1,Greece,39.368279,21.863141,1
Closed,3246,Low,Email,Product setup,1st line support,Bernard Beckley,04.10.2023 13:30,06.10.2023 13:30,04.10.2023 14:30,2023-10-04 14:12:43.077,Within SLA,08.10.2023 04:11,SLA Violated,09.10.2023 18:30,7.0,3.0,Ready to use Software,Tier 1,Czech Republic,49.8037633,15.4749126,1
Resolved,3247,Low,Chat,Product setup,2nd line support,Adolpho Messingham,04.10.2023 00:32,05.10.2023 00:32,04.10.2023 00:34,04.10.2023 00:33,Within SLA,04.10.2023 11:25,Within SLA,,2.0,,Custom software development,Tier 2,United Kingdom,55.378052,-3.435973,0
Resolved,3248,Medium,Email,Product setup,1st line support,Nicola Wane,04.10.2023 07:03,06.10.2023 07:03,04.10.2023 08:03,04.10.2023 07:28,Within SLA,04.10.2023 15:51,Within SLA,,1.0,,Training and Consulting Services,Tier 1,Bulgaria,42.7249925,25.4833039,0
Resolved,3249,Medium,Email,Product setup,1st line support,Kristos Westoll,04.10.2023 09:31,06.10.2023 09:31,04.10.2023 10:31,04.10.2023 09:48,Within SLA,05.10.2023 22:59,Within SLA,,10.0,,Ready to use Software,Tier 1,Spain,39.67337,-4.767726,0
In progress,3250,Low,Email,Product setup,1st line support,Nicola Wane,05.10.2023 05:10,07.10.2023 05:10,05.10.2023 06:10,05.10.2023 05:41,Within SLA,,SLA Violated,,1.0,,Training and Consulting Services,Tier 1,United Kingdom,55.378052,-3.435973,0
Resolved,3251,High,Phone,Other,1st line support,Bernard Beckley,05.10.2023 16:45,07.10.2023 16:45,05.10.2023 16:47,05.10.2023 16:47,Within SLA,06.10.2023 07:56,Within SLA,,3.0,,Other,Tier 1,Poland,52.536273,19.050639,0
Closed,3252,High,Email,Product setup,1st line support,Connor Danielovitch,05.10.2023 04:06,07.10.2023 04:06,05.10.2023 05:06,05.10.2023 04:19,Within SLA,10.10.2023 13:03,SLA Violated,11.10.2023 20:10,4.0,5.0,Ready to use Software,Tier 1,Poland,52.536273,19.050639,1
Closed,3253,Low,Email,Pricing and licensing,1st line support,Kristos Westoll,05.10.2023 12:30,07.10.2023 12:30,05.10.2023 13:30,05.10.2023 12:59,Within SLA,06.10.2023 04:48,Within SLA,2023-10-09 19:50:28.012,6.0,4.0,Ready to use Software,Tier 1,Slovenia,46.1491664,14.9860106,1
Resolved,3254,High,Email,Feature request,1st line support,Sheela Cutten,05.10.2023 21:48,07.10.2023 21:48,05.10.2023 22:48,05.10.2023 22:32,Within SLA,07.10.2023 07:49,Within SLA,,3.0,,Ready to use Software,Tier 1,France,48.864716,2.349014,0
In progress,3255,Low,Email,Pricing and licensing,2nd line support,Adolpho Messingham,05.10.2023 06:04,07.10.2023 06:04,05.10.2023 07:04,05.10.2023 06:16,Within SLA,,SLA Violated,,1.0,,Ready to use Software,Tier 2,Italy,43.036776,12.678565,0
Closed,3256,Low,Chat,Training request,1st line support,Kristos Westoll,05.10.2023 06:44,06.10.2023 06:44,05.10.2023 06:46,05.10.2023 06:45,Within SLA,09.10.2023 18:23,SLA Violated,09.10.2023 19:19,6.0,4.0,Training and Consulting Services,Tier 1,Austria,47.6964719,13.3457347,1
Resolved,3257,Medium,Email,Feature request,2nd line support,Michele Whyatt,06.10.2023 03:18,08.10.2023 03:18,06.10.2023 04:18,06.10.2023 03:38,Within SLA,06.10.2023 08:11,Within SLA,,1.0,,Other,Tier 2,United Kingdom,55.378052,-3.435973,0
Closed,3258,Low,Phone,Pricing and licensing,2nd line support,Michele Whyatt,06.10.2023 08:01,08.10.2023 08:01,06.10.2023 08:03,2023-10-06 08:03:15.052,Within SLA,07.10.2023 00:10,Within SLA,10.10.2023 15:30,2.0,3.0,Ready to use Software,Tier 2,Italy,43.036776,12.678565,1
Closed,3259,Medium,Email,Pricing and licensing,1st line support,Nicola Wane,06.10.2023 21:17,08.10.2023 21:17,06.10.2023 22:17,06.10.2023 21:24,Within SLA,08.10.2023 19:30,Within SLA,08.10.2023 12:02,9.0,2.0,Custom software development,Tier 1,Spain,39.67337,-4.767726,1
In progress,3260,Medium,Chat,Training request,1st line support,Sheela Cutten,06.10.2023 14:38,07.10.2023 14:38,06.10.2023 14:40,06.10.2023 14:39,Within SLA,,SLA Violated,,5.0,,Training and Consulting Services,Tier 1,United Kingdom,55.378052,-3.435973,0
Closed,3261,Low,Chat,Feature request,1st line support,Nicola Wane,06.10.2023 07:23,07.10.2023 07:23,06.10.2023 07:25,06.10.2023 07:24,Within SLA,06.10.2023 16:18,Within SLA,08.10.2023 14:48,6.0,3.0,Custom software development,Tier 1,Italy,43.036776,12.678565,1
Resolved,3262,Low,Phone,Product setup,1st line support,Bernard Beckley,06.10.2023 05:55,08.10.2023 05:55,06.10.2023 05:57,06.10.2023 05:56,Within SLA,07.10.2023 18:51,Within SLA,,5.0,,Ready to use Software,Tier 1,Czech Republic,49.8037633,15.4749126,0
Closed,3263,Medium,Email,Product setup,1st line support,Sheela Cutten,06.10.2023 03:10,08.10.2023 03:10,06.10.2023 04:10,06.10.2023 03:24,Within SLA,10.10.2023 17:56,SLA Violated,12.10.2023 16:56,2.0,3.0,Custom software development,Tier 1,Italy,43.036776,12.678565,1
Closed,3264,Medium,Chat,Feature request,1st line support,Connor Danielovitch,06.10.2023 00:29,07.10.2023 00:29,06.10.2023 00:31,06.10.2023 00:33,SLA Violated,10.10.2023 19:34,SLA Violated,11.10.2023 05:44,6.0,3.0,Ready to use Software,Tier 1,Spain,39.67337,-4.767726,1
Closed,3265,Low,Email,Product setup,2nd line support,Adolpho Messingham,06.10.2023 23:57,08.10.2023 23:57,07.10.2023 00:57,07.10.2023 00:55,Within SLA,08.10.2023 17:05,Within SLA,11.10.2023 14:09,1.0,2.0,Training and Consulting Services,Tier 2,Germany,51.165691,10.451526,1
Resolved,3266,Medium,Email,Bug report,2nd line support,Heather Urry,06.10.2023 18:47,08.10.2023 18:47,06.10.2023 19:47,06.10.2023 23:07,SLA Violated,07.10.2023 19:24,Within SLA,,1.0,,Other,Tier 2,Republic of Ireland,53.094024,-8.019675,0
Resolved,3267,Low,Chat,Product setup,1st line support,Bernard Beckley,07.10.2023 17:08,08.10.2023 17:08,07.10.2023 17:10,07.10.2023 17:09,Within SLA,08.10.2023 02:27,Within SLA,,7.0,,Custom software development,Tier 1,Poland,52.536273,19.050639,0
Closed,3269,Low,Chat,Product setup,2nd line support,Michele Whyatt,07.10.2023 06:00,08.10.2023 06:00,07.10.2023 06:02,07.10.2023 06:02,Within SLA,07.10.2023 11:02,Within SLA,09.10.2023 00:28,9.0,1.0,Ready to use Software,Tier 2,Greece,39.368279,21.863141,1
In progress,3271,Low,Email,Purchasing and invoicing,1st line support,Sheela Cutten,07.10.2023 03:30,09.10.2023 03:30,07.10.2023 04:30,07.10.2023 04:00,Within SLA,,SLA Violated,,1.0,,Custom software development,Tier 1,Italy,43.036776,12.678565,0
Closed,3272,Medium,Chat,Other,1st line support,Kristos Westoll,07.10.2023 16:37,08.10.2023 16:37,07.10.2023 16:39,07.10.2023 16:37,Within SLA,09.10.2023 02:48,SLA Violated,10.10.2023 12:44,2.0,4.0,Custom software development,Tier 1,Austria,47.6964719,13.3457347,1
Closed,3279,Low,Chat,Bug report,2nd line support,Michele Whyatt,08.10.2023 09:20,09.10.2023 09:20,08.10.2023 09:22,2023-10-08 09:20:39.053,Within SLA,2023-10-08 22:05:13.097,Within SLA,14.10.2023 08:40,5.0,5.0,Training and Consulting Services,Tier 2,Spain,39.67337,-4.767726,1
Closed,3281,Low,Chat,Product setup,2nd line support,Adolpho Messingham,09.10.2023 07:02,10.10.2023 07:02,09.10.2023 07:04,09.10.2023 07:03,Within SLA,13.10.2023 06:13,SLA Violated,14.10.2023 23:42,4.0,5.0,Ready to use Software,Tier 2,Greece,39.368279,21.863141,1
Closed,3282,Medium,Email,Bug report,1st line support,Nicola Wane,09.10.2023 15:02,11.10.2023 15:02,09.10.2023 16:02,09.10.2023 15:38,Within SLA,09.10.2023 15:25,Within SLA,11.10.2023 08:15,6.0,5.0,Ready to use Software,Tier 1,Czech Republic,49.8037633,15.4749126,1
Resolved,3283,High,Email,Product setup,1st line support,Bernard Beckley,09.10.2023 07:10,11.10.2023 07:10,09.10.2023 08:10,09.10.2023 07:41,Within SLA,10.10.2023 23:24,Within SLA,,4.0,,Other,Tier 1,Italy,43.036776,12.678565,0
Closed,3284,High,Chat,Bug report,1st line support,Connor Danielovitch,09.10.2023 04:28,10.10.2023 04:28,09.10.2023 04:30,2023-10-09 04:30:16.066,Within SLA,2023-10-12 00:56:43.041,SLA Violated,13.10.2023 06:51,9.0,5.0,Training and Consulting Services,Tier 1,Italy,43.036776,12.678565,1
Closed,3285,Low,Email,Pricing and licensing,1st line support,Kristos Westoll,09.10.2023 18:03,11.10.2023 18:03,09.10.2023 19:03,09.10.2023 18:29,Within SLA,10.10.2023 15:01,Within SLA,12.10.2023 21:45,4.0,5.0,Other,Tier 1,Italy,43.036776,12.678565,1
Closed,3286,Low,Chat,Purchasing and invoicing,1st line support,Connor Danielovitch,09.10.2023 07:04,10.10.2023 07:04,09.10.2023 07:06,09.10.2023 07:06,Within SLA,2023-10-09 18:53:30.064,Within SLA,13.10.2023 05:56,6.0,3.0,Ready to use Software,Tier 1,United Kingdom,55.378052,-3.435973,1
Closed,3287,Medium,Email,Feature request,1st line support,Kristos Westoll,09.10.2023 06:15,11.10.2023 06:15,09.10.2023 07:15,09.10.2023 06:22,Within SLA,14.10.2023 22:20,SLA Violated,2023-10-15 08:20:41.029,8.0,5.0,Ready to use Software,Tier 1,Spain,39.67337,-4.767726,1
Resolved,3288,Medium,Email,Pricing and licensing,1st line support,Connor Danielovitch,09.10.2023 15:56,11.10.2023 15:56,09.10.2023 16:56,09.10.2023 16:10,Within SLA,10.10.2023 09:58,Within SLA,,1.0,,Custom software development,Tier 1,United Kingdom,55.378052,-3.435973,0
Closed,3290,Medium,Phone,Bug report,1st line support,Nicola Wane,10.10.2023 01:54,12.10.2023 01:54,10.10.2023 01:56,10.10.2023 01:56,Within SLA,11.10.2023 12:47,Within SLA,16.10.2023 02:07,1.0,5.0,Ready to use Software,Tier 1,Czech Republic,49.8037633,15.4749126,1
Resolved,3291,Medium,Email,Purchasing and invoicing,1st line support,Connor Danielovitch,10.10.2023 07:14,12.10.2023 07:14,10.10.2023 08:14,10.10.2023 08:07,Within SLA,12.10.2023 03:20,Within SLA,,1.0,,Ready to use Software,Tier 1,Bulgaria,42.7249925,25.4833039,0
Closed,3292,Low,Email,Feature request,1st line support,Sheela Cutten,10.10.2023 16:12,12.10.2023 16:12,10.10.2023 17:12,10.10.2023 16:40,Within SLA,14.10.2023 00:09,SLA Violated,15.10.2023 20:05,3.0,4.0,Other,Tier 1,United Kingdom,55.378052,-3.435973,1
Resolved,3293,Medium,Chat,Product setup,1st line support,Nicola Wane,10.10.2023 07:50,11.10.2023 07:50,10.10.2023 07:52,2023-10-10 07:55:58.042,SLA Violated,13.10.2023 14:09,SLA Violated,,7.0,,Ready to use Software,Tier 1,Czech Republic,49.8037633,15.4749126,0
Resolved,3294,Medium,Chat,Feature request,1st line support,Bernard Beckley,10.10.2023 15:50,11.10.2023 15:50,10.10.2023 15:52,10.10.2023 15:52,Within SLA,10.10.2023 19:38,Within SLA,,6.0,,Ready to use Software,Tier 1,Poland,52.536273,19.050639,0
Resolved,3295,Medium,Chat,Feature request,2nd line support,Michele Whyatt,11.10.2023 13:40,12.10.2023 13:40,11.10.2023 13:42,11.10.2023 13:41,Within SLA,11.10.2023 18:55,Within SLA,,5.0,,Custom software development,Tier 2,Italy,43.036776,12.678565,0
Resolved,3296,Low,Chat,Product setup,1st line support,Connor Danielovitch,11.10.2023 17:19,12.10.2023 17:19,11.10.2023 17:21,11.10.2023 17:19,Within SLA,2023-10-12 10:35:28.030,Within SLA,,7.0,,Other,Tier 1,Spain,39.67337,-4.767726,0
Resolved,3297,Low,Email,Product setup,2nd line support,Michele Whyatt,11.10.2023 08:14,13.10.2023 08:14,11.10.2023 09:14,11.10.2023 09:12,Within SLA,12.10.2023 21:41,Within SLA,,10.0,,Other,Tier 2,Slovenia,46.1491664,14.9860106,0
Closed,3298,Low,Email,Feature request,2nd line support,Michele Whyatt,11.10.2023 10:04,13.10.2023 10:04,11.10.2023 11:04,11.10.2023 10:07,Within SLA,12.10.2023 14:47,Within SLA,15.10.2023 14:21,5.0,3.0,Ready to use Software,Tier 2,Austria,47.6964719,13.3457347,1
Closed,3299,Low,Email,Pricing and licensing,1st line support,Kristos Westoll,11.10.2023 08:09,13.10.2023 08:09,11.10.2023 09:09,11.10.2023 08:25,Within SLA,15.10.2023 20:41,SLA Violated,17.10.2023 15:53,3.0,5.0,Custom software development,Tier 1,United Kingdom,55.378052,-3.435973,1
Closed,3300,Low,Chat,Pricing and licensing,1st line support,Nicola Wane,11.10.2023 17:24,12.10.2023 17:24,11.10.2023 17:26,11.10.2023 17:26,Within SLA,11.10.2023 20:26,Within SLA,13.10.2023 03:14,6.0,3.0,Custom software development,Tier 1,Spain,39.67337,-4.767726,1
In progress,3301,High,Phone,Feature request,1st line support,Kristos Westoll,11.10.2023 01:12,13.10.2023 01:12,11.10.2023 01:14,11.10.2023 01:14,Within SLA,,SLA Violated,,1.0,,Ready to use Software,Tier 1,Germany,51.165691,10.451526,0
Closed,3302,Low,Chat,Product setup,1st line support,Nicola Wane,11.10.2023 05:25,12.10.2023 05:25,11.10.2023 05:27,11.10.2023 05:27,Within SLA,11.10.2023 13:18,Within SLA,13.10.2023 20:46,8.0,4.0,Custom software development,Tier 1,Italy,43.036776,12.678565,1
Closed,3303,Medium,Chat,Pricing and licensing,1st line support,Connor Danielovitch,12.10.2023 15:08,13.10.2023 15:08,12.10.2023 15:10,12.10.2023 15:08,Within SLA,13.10.2023 07:27,Within SLA,13.10.2023 19:35,6.0,3.0,Other,Tier 1,Poland,52.536273,19.050639,1
Resolved,3304,Low,Chat,Other,2nd line support,Michele Whyatt,12.10.2023 04:25,13.10.2023 04:25,12.10.2023 04:27,12.10.2023 04:26,Within SLA,12.10.2023 12:55,Within SLA,,4.0,,Training and Consulting Services,Tier 2,Republic of Ireland,53.094024,-8.019675,0
Resolved,3305,Low,Chat,Product setup,1st line support,Nicola Wane,12.10.2023 12:33,13.10.2023 12:33,12.10.2023 12:35,12.10.2023 12:35,Within SLA,14.10.2023 05:29,SLA Violated,,8.0,,Ready to use Software,Tier 1,Poland,52.536273,19.050639,0
Closed,3306,Medium,Email,Pricing and licensing,1st line support,Nicola Wane,12.10.2023 15:03,14.10.2023 15:03,12.10.2023 16:03,12.10.2023 15:27,Within SLA,2023-10-14 14:11:07.059,Within SLA,15.10.2023 09:22,2.0,4.0,Custom software development,Tier 1,Italy,43.036776,12.678565,1
In progress,3307,Low,Email,Pricing and licensing,1st line support,Sheela Cutten,12.10.2023 19:25,14.10.2023 19:25,12.10.2023 20:25,12.10.2023 19:35,Within SLA,,SLA Violated,,1.0,,Ready to use Software,Tier 1,Italy,43.036776,12.678565,0
Closed,3308,Low,Chat,Pricing and licensing,1st line support,Bernard Beckley,12.10.2023 19:02,13.10.2023 19:02,12.10.2023 19:04,12.10.2023 19:04,Within SLA,13.10.2023 14:04,Within SLA,14.10.2023 13:43,5.0,2.0,Custom software development,Tier 1,United Kingdom,55.378052,-3.435973,1
Closed,3309,Low,Email,Other,2nd line support,Adolpho Messingham,12.10.2023 12:47,14.10.2023 12:47,12.10.2023 13:47,12.10.2023 13:10,Within SLA,2023-10-14 02:09:27.014,Within SLA,17.10.2023 12:48,9.0,1.0,Ready to use Software,Tier 2,Austria,47.6964719,13.3457347,1
Closed,3310,Medium,Email,Product setup,1st line support,Nicola Wane,12.10.2023 18:46,14.10.2023 18:46,12.10.2023 19:46,2023-10-12 19:31:01.014,Within SLA,13.10.2023 03:24,Within SLA,15.10.2023 12:42,1.0,3.0,Training and Consulting Services,Tier 1,Italy,43.036776,12.678565,1
In progress,3311,Low,Chat,Product setup,1st line support,Bernard Beckley,13.10.2023 16:13,14.10.2023 16:13,13.10.2023 16:15,2023-10-13 16:14:39.068,Within SLA,,SLA Violated,,2.0,,Other,Tier 1,France,48.864716,2.349014,0
Closed,3312,Low,Phone,Bug report,1st line support,Kristos Westoll,13.10.2023 22:23,15.10.2023 22:23,13.10.2023 22:25,13.10.2023 22:24,Within SLA,15.10.2023 20:41,Within SLA,16.10.2023 21:03,3.0,5.0,Custom software development,Tier 1,Republic of Ireland,53.094024,-8.019675,1
In progress,3313,Medium,Chat,Purchasing and invoicing,1st line support,Connor Danielovitch,13.10.2023 12:25,14.10.2023 12:25,13.10.2023 12:27,2023-10-13 12:26:46.089,Within SLA,,SLA Violated,,6.0,,Other,Tier 1,Bulgaria,42.7249925,25.4833039,0
Closed,3314,Medium,Email,Bug report,1st line support,Kristos Westoll,13.10.2023 17:04,15.10.2023 17:04,13.10.2023 18:04,2023-10-13 17:41:12.090,Within SLA,16.10.2023 03:26,SLA Violated,17.10.2023 09:01,3.0,5.0,Custom software development,Tier 1,Slovenia,46.1491664,14.9860106,1
Resolved,3315,Medium,Chat,Feature request,2nd line support,Adolpho Messingham,14.10.2023 19:17,15.10.2023 19:17,14.10.2023 19:19,14.10.2023 19:23,SLA Violated,20.10.2023 13:19,SLA Violated,,7.0,,Ready to use Software,Tier 2,France,48.864716,2.349014,0
Closed,3316,Medium,Email,Feature request,1st line support,Sheela Cutten,14.10.2023 13:17,16.10.2023 13:17,14.10.2023 14:17,14.10.2023 13:52,Within SLA,14.10.2023 16:38,Within SLA,17.10.2023 00:54,1.0,2.0,Custom software development,Tier 1,Republic of Ireland,53.094024,-8.019675,1
In progress,3317,Low,Email,Pricing and licensing,1st line support,Nicola Wane,14.10.2023 19:40,16.10.2023 19:40,14.10.2023 20:40,14.10.2023 20:12,Within SLA,,SLA Violated,,2.0,,Ready to use Software,Tier 1,France,48.864716,2.349014,0
Resolved,3318,Low,Chat,Pricing and licensing,1st line support,Connor Danielovitch,14.10.2023 15:22,15.10.2023 15:22,14.10.2023 15:24,14.10.2023 15:23,Within SLA,15.10.2023 09:47,Within SLA,,5.0,,Ready to use Software,Tier 1,Spain,39.67337,-4.767726,0
Closed,3319,Medium,Chat,Pricing and licensing,1st line support,Kristos Westoll,14.10.2023 07:59,15.10.2023 07:59,14.10.2023 08:01,14.10.2023 08:01,Within SLA,17.10.2023 20:41,SLA Violated,2023-10-17 21:28:17.092,2.0,2.0,Custom software development,Tier 1,Germany,51.165691,10.451526,1
Resolved,3331,Medium,Email,Purchasing and invoicing,1st line support,Nicola Wane,16.10.2023 09:32,18.10.2023 09:32,16.10.2023 10:32,16.10.2023 10:11,Within SLA,17.10.2023 01:05,Within SLA,,2.0,,Ready to use Software,Tier 1,Poland,52.536273,19.050639,0
In progress,3332,Medium,Email,Feature request,1st line support,Sheela Cutten,16.10.2023 14:25,18.10.2023 14:25,16.10.2023 15:25,16.10.2023 14:42,Within SLA,,SLA Violated,,1.0,,Other,Tier 1,Italy,43.036776,12.678565,0
In progress,3333,Low,Phone,Product setup,1st line support,Connor Danielovitch,16.10.2023 14:14,18.10.2023 14:14,16.10.2023 14:16,16.10.2023 14:16,Within SLA,,SLA Violated,,2.0,,Ready to use Software,Tier 1,Italy,43.036776,12.678565,0
In progress,3334,Low,Email,Pricing and licensing,1st line support,Bernard Beckley,16.10.2023 12:38,18.10.2023 12:38,16.10.2023 13:38,2023-10-16 13:11:14.076,Within SLA,,SLA Violated,,9.0,,Ready to use Software,Tier 1,Slovenia,46.1491664,14.9860106,0
Resolved,3335,Low,Email,Bug report,1st line support,Nicola Wane,16.10.2023 22:24,18.10.2023 22:24,16.10.2023 23:24,16.10.2023 22:51,Within SLA,18.10.2023 20:58,Within SLA,,2.0,,Ready to use Software,Tier 1,Italy,43.036776,12.678565,0
Resolved,3336,Medium,Chat,Bug report,1st line support,Connor Danielovitch,16.10.2023 04:17,17.10.2023 04:17,16.10.2023 04:19,2023-10-16 04:17:39.048,Within SLA,16.10.2023 08:00,Within SLA,,5.0,,Ready to use Software,Tier 1,Germany,51.165691,10.451526,0
Resolved,3337,Low,Chat,Bug report,1st line support,Sheela Cutten,16.10.2023 13:54,17.10.2023 13:54,16.10.2023 13:56,16.10.2023 13:54,Within SLA,21.10.2023 02:00,SLA Violated,,2.0,,Training and Consulting Services,Tier 1,France,48.864716,2.349014,0
Closed,3338,High,Chat,Purchasing and invoicing,1st line support,Bernard Beckley,16.10.2023 18:14,17.10.2023 18:14,16.10.2023 18:16,2023-10-16 18:15:28.073,Within SLA,17.10.2023 12:29,Within SLA,18.10.2023 21:58,5.0,3.0,Custom software development,Tier 1,Austria,47.6964719,13.3457347,1
Resolved,3339,Low,Email,Pricing and licensing,2nd line support,Heather Urry,16.10.2023 19:22,18.10.2023 19:22,16.10.2023 20:22,16.10.2023 20:08,Within SLA,17.10.2023 08:40,Within SLA,,3.0,,Custom software development,Tier 2,Poland,52.536273,19.050639,0
Resolved,3340,Medium,Chat,Purchasing and invoicing,1st line support,Nicola Wane,16.10.2023 00:12,17.10.2023 00:12,16.10.2023 00:14,16.10.2023 00:17,SLA Violated,2023-10-16 20:04:44.091,Within SLA,,6.0,,Custom software development,Tier 1,Italy,43.036776,12.678565,0
Closed,3341,Medium,Email,Pricing and licensing,1st line support,Kristos Westoll,16.10.2023 00:32,18.10.2023 00:32,16.10.2023 01:32,16.10.2023 01:30,Within SLA,17.10.2023 16:43,Within SLA,16.10.2023 16:03,8.0,2.0,Other,Tier 1,Spain,39.67337,-4.767726,1
Closed,3342,High,Email,Purchasing and invoicing,1st line support,Sheela Cutten,16.10.2023 00:49,18.10.2023 00:49,16.10.2023 01:49,16.10.2023 01:10,Within SLA,17.10.2023 20:34,Within SLA,20.10.2023 22:18,3.0,4.0,Training and Consulting Services,Tier 1,Republic of Ireland,53.094024,-8.019675,1
Resolved,3343,High,Email,Pricing and licensing,1st line support,Bernard Beckley,17.10.2023 00:10,19.10.2023 00:10,17.10.2023 01:10,17.10.2023 00:44,Within SLA,17.10.2023 06:02,Within SLA,,7.0,,Ready to use Software,Tier 1,United Kingdom,55.378052,-3.435973,0
Closed,3344,Low,Chat,Pricing and licensing,1st line support,Connor Danielovitch,17.10.2023 21:43,18.10.2023 21:43,17.10.2023 21:45,17.10.2023 21:43,Within SLA,20.10.2023 06:08,SLA Violated,21.10.2023 01:20,7.0,5.0,Ready to use Software,Tier 1,Germany,51.165691,10.451526,1
Closed,3345,Low,Email,Bug report,1st line support,Nicola Wane,17.10.2023 08:26,19.10.2023 08:26,17.10.2023 09:26,17.10.2023 09:25,Within SLA,18.10.2023 10:56,Within SLA,19.10.2023 19:11,3.0,5.0,Ready to use Software,Tier 1,Italy,43.036776,12.678565,1
Resolved,3346,Low,Email,Other,1st line support,Connor Danielovitch,17.10.2023 11:44,19.10.2023 11:44,17.10.2023 12:44,17.10.2023 12:00,Within SLA,19.10.2023 01:09,Within SLA,,1.0,,Custom software development,Tier 1,Spain,39.67337,-4.767726,0
Resolved,3347,Low,Email,Bug report,1st line support,Nicola Wane,17.10.2023 20:29,19.10.2023 20:29,17.10.2023 21:29,17.10.2023 21:26,Within SLA,2023-10-18 04:12:09.071,Within SLA,,2.0,,Training and Consulting Services,Tier 1,Germany,51.165691,10.451526,0
Closed,3348,Low,Email,Training request,2nd line support,Michele Whyatt,17.10.2023 06:00,19.10.2023 06:00,17.10.2023 07:00,2023-10-17 12:47:01.005,SLA Violated,21.10.2023 15:58,SLA Violated,21.10.2023 20:13,1.0,4.0,Training and Consulting Services,Tier 2,Czech Republic,49.8037633,15.4749126,1
Resolved,3349,Low,Email,Pricing and licensing,1st line support,Connor Danielovitch,18.10.2023 08:08,20.10.2023 08:08,18.10.2023 09:08,18.10.2023 08:51,Within SLA,2023-10-22 05:48:06.024,SLA Violated,,7.0,,Ready to use Software,Tier 1,Republic of Ireland,53.094024,-8.019675,0
Resolved,3350,Low,Phone,Other,1st line support,Bernard Beckley,18.10.2023 10:05,20.10.2023 10:05,18.10.2023 10:07,18.10.2023 10:05,Within SLA,22.10.2023 08:14,SLA Violated,,1.0,,Ready to use Software,Tier 1,United Kingdom,55.378052,-3.435973,0
In progress,3351,Low,Chat,Product setup,1st line support,Sheela Cutten,18.10.2023 21:51,19.10.2023 21:51,18.10.2023 21:53,18.10.2023 21:53,Within SLA,,SLA Violated,,6.0,,Ready to use Software,Tier 1,Poland,52.536273,19.050639,0
Resolved,3352,Low,Chat,Pricing and licensing,1st line support,Kristos Westoll,18.10.2023 05:39,19.10.2023 05:39,18.10.2023 05:41,18.10.2023 05:39,Within SLA,18.10.2023 17:50,Within SLA,,6.0,,Custom software development,Tier 1,Republic of Ireland,53.094024,-8.019675,0
Closed,3353,Medium,Email,Product setup,1st line support,Sheela Cutten,18.10.2023 15:35,20.10.2023 15:35,18.10.2023 16:35,18.10.2023 16:28,Within SLA,19.10.2023 06:56,Within SLA,23.10.2023 23:29,4.0,2.0,Custom software development,Tier 1,Czech Republic,49.8037633,15.4749126,1
Closed,3354,Low,Phone,Purchasing and invoicing,1st line support,Bernard Beckley,18.10.2023 17:52,20.10.2023 17:52,18.10.2023 17:54,18.10.2023 17:55,SLA Violated,2023-10-23 00:32:16.033,SLA Violated,24.10.2023 05:46,2.0,2.0,Custom software development,Tier 1,Czech Republic,49.8037633,15.4749126,1
Resolved,3355,Medium,Chat,Other,2nd line support,Adolpho Messingham,18.10.2023 02:49,19.10.2023 02:49,18.10.2023 02:51,18.10.2023 02:49,Within SLA,18.10.2023 15:47,Within SLA,,2.0,,Ready to use Software,Tier 2,United Kingdom,55.378052,-3.435973,0
Closed,3356,Medium,Email,Product setup,1st line support,Kristos Westoll,18.10.2023 20:38,20.10.2023 20:38,18.10.2023 21:38,18.10.2023 21:20,Within SLA,19.10.2023 11:56,Within SLA,21.10.2023 15:36,2.0,2.0,Training and Consulting Services,Tier 1,Poland,52.536273,19.050639,1
Resolved,3357,Low,Email,Bug report,1st line support,Connor Danielovitch,18.10.2023 22:51,20.10.2023 22:51,18.10.2023 23:51,2023-10-18 23:22:04.047,Within SLA,23.10.2023 03:32,SLA Violated,,7.0,,Ready to use Software,Tier 1,Poland,52.536273,19.050639,0
Resolved,3358,Medium,Phone,Product setup,1st line support,Sheela Cutten,18.10.2023 11:15,20.10.2023 11:15,18.10.2023 11:17,2023-10-18 11:17:58.063,SLA Violated,2023-10-19 15:47:55.036,Within SLA,,7.0,,Training and Consulting Services,Tier 1,Poland,52.536273,19.050639,0
Resolved,3359,High,Chat,Pricing and licensing,2nd line support,Adolpho Messingham,18.10.2023 15:22,19.10.2023 15:22,18.10.2023 15:24,2023-10-18 15:24:42.041,Within SLA,2023-10-19 13:09:57.057,Within SLA,,2.0,,Ready to use Software,Tier 2,Poland,52.536273,19.050639,0
Closed,3360,Low,Email,Product setup,1st line support,Bernard Beckley,18.10.2023 20:36,20.10.2023 20:36,18.10.2023 21:36,2023-10-18 21:11:38.055,Within SLA,20.10.2023 18:55,Within SLA,21.10.2023 05:39,1.0,4.0,Training and Consulting Services,Tier 1,Slovenia,46.1491664,14.9860106,1
In progress,3361,High,Email,Product setup,2nd line support,Michele Whyatt,18.10.2023 03:46,20.10.2023 03:46,18.10.2023 04:46,18.10.2023 04:30,Within SLA,,SLA Violated,,9.0,,Custom software development,Tier 2,Germany,51.165691,10.451526,0
Closed,3363,High,Chat,Product setup,2nd line support,Michele Whyatt,18.10.2023 21:11,19.10.2023 21:11,18.10.2023 21:13,18.10.2023 21:13,Within SLA,19.10.2023 16:59,Within SLA,19.10.2023 12:04,2.0,3.0,Ready to use Software,Tier 2,France,48.864716,2.349014,1
In progress,3364,Low,Email,Other,2nd line support,Heather Urry,18.10.2023 00:20,20.10.2023 00:20,18.10.2023 01:20,18.10.2023 00:54,Within SLA,,SLA Violated,,3.0,,Other,Tier 2,Republic of Ireland,53.094024,-8.019675,0
In progress,3365,High,Email,Training request,1st line support,Kristos Westoll,19.10.2023 06:16,21.10.2023 06:16,19.10.2023 07:16,19.10.2023 06:36,Within SLA,,SLA Violated,,2.0,,Training and Consulting Services,Tier 1,United Kingdom,55.378052,-3.435973,0
Closed,3366,Low,Chat,Product setup,1st line support,Connor Danielovitch,19.10.2023 17:45,20.10.2023 17:45,19.10.2023 17:47,19.10.2023 17:47,Within SLA,19.10.2023 20:33,Within SLA,2023-10-27 16:47:10.033,6.0,5.0,Ready to use Software,Tier 1,Slovenia,46.1491664,14.9860106,1
Resolved,3367,Medium,Email,Product setup,1st line support,Bernard Beckley,19.10.2023 04:44,21.10.2023 04:44,19.10.2023 05:44,19.10.2023 05:28,Within SLA,22.10.2023 18:09,SLA Violated,,2.0,,Custom software development,Tier 1,Greece,39.368279,21.863141,0
Closed,3368,Low,Chat,Purchasing and invoicing,1st line support,Connor Danielovitch,19.10.2023 12:01,20.10.2023 12:01,19.10.2023 12:03,19.10.2023 12:03,Within SLA,24.10.2023 09:10,SLA Violated,24.10.2023 15:36,5.0,5.0,Ready to use Software,Tier 1,Poland,52.536273,19.050639,1
Closed,3369,Low,Chat,Feature request,1st line support,Kristos Westoll,19.10.2023 00:51,20.10.2023 00:51,19.10.2023 00:53,19.10.2023 00:52,Within SLA,19.10.2023 14:06,Within SLA,19.10.2023 13:56,5.0,2.0,Ready to use Software,Tier 1,Republic of Ireland,53.094024,-8.019675,1
Resolved,3370,Medium,Email,Product setup,1st line support,Bernard Beckley,19.10.2023 21:34,21.10.2023 21:34,19.10.2023 22:34,19.10.2023 21:58,Within SLA,20.10.2023 12:27,Within SLA,,5.0,,Ready to use Software,Tier 1,United Kingdom,55.378052,-3.435973,0
Resolved,3371,Low,Chat,Purchasing and invoicing,1st line support,Connor Danielovitch,19.10.2023 04:33,20.10.2023 04:33,19.10.2023 04:35,19.10.2023 04:33,Within SLA,19.10.2023 10:10,Within SLA,,9.0,,Ready to use Software,Tier 1,Republic of Ireland,53.094024,-8.019675,0
Resolved,3372,Medium,Email,Purchasing and invoicing,1st line support,Nicola Wane,19.10.2023 16:15,21.10.2023 16:15,19.10.2023 17:15,19.10.2023 16:27,Within SLA,20.10.2023 19:20,Within SLA,,10.0,,Ready to use Software,Tier 1,United Kingdom,55.378052,-3.435973,0
In progress,3373,Low,Email,Other,1st line support,Connor Danielovitch,19.10.2023 13:57,21.10.2023 13:57,19.10.2023 14:57,19.10.2023 14:00,Within SLA,,SLA Violated,,9.0,,Custom software development,Tier 1,United Kingdom,55.378052,-3.435973,0
Closed,3374,Low,Email,Product setup,1st line support,Bernard Beckley,19.10.2023 01:14,21.10.2023 01:14,19.10.2023 02:14,19.10.2023 01:46,Within SLA,21.10.2023 04:04,SLA Violated,22.10.2023 04:26,9.0,4.0,Other,Tier 1,Germany,51.165691,10.451526,1
Closed,3376,Medium,Chat,Pricing and licensing,1st line support,Kristos Westoll,19.10.2023 03:54,20.10.2023 03:54,19.10.2023 03:56,19.10.2023 03:55,Within SLA,20.10.2023 06:16,SLA Violated,20.10.2023 12:41,7.0,2.0,Custom software development,Tier 1,Austria,47.6964719,13.3457347,1
Resolved,3377,Low,Email,Product setup,2nd line support,Heather Urry,20.10.2023 13:53,22.10.2023 13:53,20.10.2023 14:53,20.10.2023 17:47,SLA Violated,21.10.2023 12:14,Within SLA,,3.0,,Ready to use Software,Tier 2,Poland,52.536273,19.050639,0
Resolved,3379,High,Email,Product setup,2nd line support,Michele Whyatt,20.10.2023 12:13,22.10.2023 12:13,20.10.2023 13:13,20.10.2023 12:52,Within SLA,21.10.2023 03:34,Within SLA,,4.0,,Training and Consulting Services,Tier 2,Spain,39.67337,-4.767726,0
Resolved,3380,Low,Email,Pricing and licensing,1st line support,Sheela Cutten,20.10.2023 06:09,22.10.2023 06:09,20.10.2023 07:09,20.10.2023 06:15,Within SLA,20.10.2023 08:40,Within SLA,,3.0,,Custom software development,Tier 1,Poland,52.536273,19.050639,0
In progress,3381,Low,Email,Bug report,2nd line support,Adolpho Messingham,20.10.2023 11:45,22.10.2023 11:45,20.10.2023 12:45,20.10.2023 11:59,Within SLA,,SLA Violated,,1.0,,Ready to use Software,Tier 2,Spain,39.67337,-4.767726,0
Closed,3383,Medium,Email,Pricing and licensing,1st line support,Bernard Beckley,20.10.2023 15:50,22.10.2023 15:50,20.10.2023 16:50,20.10.2023 15:57,Within SLA,20.10.2023 21:04,Within SLA,23.10.2023 00:17,3.0,3.0,Custom software development,Tier 1,United Kingdom,55.378052,-3.435973,1
Resolved,3384,High,Email,Other,1st line support,Nicola Wane,21.10.2023 20:51,23.10.2023 20:51,21.10.2023 21:51,21.10.2023 21:31,Within SLA,22.10.2023 23:05,Within SLA,,8.0,,Custom software development,Tier 1,United Kingdom,55.378052,-3.435973,0
Closed,3385,Low,Email,Pricing and licensing,1st line support,Sheela Cutten,21.10.2023 04:11,23.10.2023 04:11,21.10.2023 05:11,21.10.2023 04:32,Within SLA,22.10.2023 18:31,Within SLA,28.10.2023 04:16,1.0,4.0,Ready to use Software,Tier 1,Poland,52.536273,19.050639,1
Closed,3386,Low,Phone,Product setup,1st line support,Bernard Beckley,21.10.2023 09:09,23.10.2023 09:09,21.10.2023 09:11,21.10.2023 09:09,Within SLA,24.10.2023 07:20,SLA Violated,25.10.2023 10:55,4.0,5.0,Ready to use Software,Tier 1,United Kingdom,55.378052,-3.435973,1
In progress,3398,Medium,Chat,Product setup,2nd line support,Heather Urry,22.10.2023 00:18,23.10.2023 00:18,22.10.2023 00:20,22.10.2023 00:24,SLA Violated,,SLA Violated,,5.0,,Training and Consulting Services,Tier 2,Spain,39.67337,-4.767726,0
Resolved,3399,High,Email,Product setup,2nd line support,Heather Urry,22.10.2023 16:51,24.10.2023 16:51,22.10.2023 17:51,22.10.2023 17:45,Within SLA,23.10.2023 15:09,Within SLA,,7.0,,Ready to use Software,Tier 2,Italy,43.036776,12.678565,0
Resolved,3400,Low,Email,Pricing and licensing,1st line support,Sheela Cutten,22.10.2023 14:43,24.10.2023 14:43,22.10.2023 15:43,22.10.2023 15:26,Within SLA,24.10.2023 03:19,Within SLA,,1.0,,Ready to use Software,Tier 1,Czech Republic,49.8037633,15.4749126,0
Closed,3401,Medium,Chat,Feature request,1st line support,Kristos Westoll,22.10.2023 11:24,23.10.2023 11:24,22.10.2023 11:26,22.10.2023 11:25,Within SLA,22.10.2023 12:45,Within SLA,28.10.2023 07:10,6.0,4.0,Other,Tier 1,Germany,51.165691,10.451526,1
Closed,3402,Medium,Email,Pricing and licensing,1st line support,Sheela Cutten,22.10.2023 02:32,24.10.2023 02:32,22.10.2023 03:32,22.10.2023 05:27,SLA Violated,24.10.2023 09:35,SLA Violated,2023-10-26 01:53:58.001,1.0,5.0,Custom software development,Tier 1,Germany,51.165691,10.451526,1
Closed,3403,Low,Phone,Product setup,2nd line support,Adolpho Messingham,22.10.2023 08:47,24.10.2023 08:47,22.10.2023 08:49,22.10.2023 08:48,Within SLA,22.10.2023 10:16,Within SLA,26.10.2023 08:25,4.0,1.0,Custom software development,Tier 2,Spain,39.67337,-4.767726,1
Closed,3404,Low,Chat,Bug report,1st line support,Connor Danielovitch,23.10.2023 00:01,24.10.2023 00:01,23.10.2023 00:03,23.10.2023 00:02,Within SLA,28.10.2023 11:32,SLA Violated,29.10.2023 20:56,4.0,3.0,Ready to use Software,Tier 1,Czech Republic,49.8037633,15.4749126,1
Resolved,3405,Low,Email,Bug report,1st line support,Sheela Cutten,23.10.2023 17:28,25.10.2023 17:28,23.10.2023 18:28,23.10.2023 17:57,Within SLA,23.10.2023 23:56,Within SLA,,2.0,,Training and Consulting Services,Tier 1,Czech Republic,49.8037633,15.4749126,0
Closed,3406,Low,Email,Pricing and licensing,1st line support,Sheela Cutten,23.10.2023 14:41,25.10.2023 14:41,23.10.2023 15:41,23.10.2023 15:27,Within SLA,24.10.2023 12:00,Within SLA,25.10.2023 19:53,3.0,4.0,Ready to use Software,Tier 1,Italy,43.036776,12.678565,1
Closed,3407,Medium,Email,Feature request,1st line support,Nicola Wane,23.10.2023 04:03,25.10.2023 04:03,23.10.2023 05:03,23.10.2023 04:15,Within SLA,24.10.2023 10:59,Within SLA,28.10.2023 05:22,7.0,5.0,Custom software development,Tier 1,Spain,39.67337,-4.767726,1
Resolved,3408,Medium,Email,Pricing and licensing,1st line support,Kristos Westoll,24.10.2023 00:55,26.10.2023 00:55,24.10.2023 01:55,24.10.2023 01:34,Within SLA,25.10.2023 14:10,Within SLA,,8.0,,Other,Tier 1,Germany,51.165691,10.451526,0
Closed,3409,Medium,Email,Bug report,1st line support,Kristos Westoll,24.10.2023 16:57,26.10.2023 16:57,24.10.2023 17:57,24.10.2023 17:31,Within SLA,28.10.2023 23:40,SLA Violated,30.10.2023 01:03,5.0,2.0,Ready to use Software,Tier 1,Germany,51.165691,10.451526,1
Closed,3410,Medium,Chat,Feature request,1st line support,Nicola Wane,24.10.2023 05:56,25.10.2023 05:56,24.10.2023 05:58,2023-10-24 05:58:00.040,Within SLA,30.10.2023 01:35,SLA Violated,30.10.2023 15:03,6.0,3.0,Custom software development,Tier 1,Greece,39.368279,21.863141,1
Closed,3411,Low,Chat,Purchasing and invoicing,2nd line support,Heather Urry,24.10.2023 09:33,25.10.2023 09:33,24.10.2023 09:35,24.10.2023 09:35,Within SLA,24.10.2023 14:46,Within SLA,2023-10-27 23:35:19.089,5.0,4.0,Custom software development,Tier 2,Italy,43.036776,12.678565,1
Closed,3412,High,Email,Product setup,2nd line support,Adolpho Messingham,24.10.2023 20:01,26.10.2023 20:01,24.10.2023 21:01,24.10.2023 20:32,Within SLA,26.10.2023 17:40,Within SLA,26.10.2023 01:18,5.0,5.0,Ready to use Software,Tier 2,United Kingdom,55.378052,-3.435973,1
Resolved,3413,Medium,Email,Feature request,1st line support,Sheela Cutten,24.10.2023 23:54,26.10.2023 23:54,25.10.2023 00:54,24.10.2023 23:56,Within SLA,26.10.2023 02:49,Within SLA,,1.0,,Other,Tier 1,Germany,51.165691,10.451526,0
Closed,3414,Medium,Chat,Product setup,1st line support,Bernard Beckley,24.10.2023 11:54,25.10.2023 11:54,24.10.2023 11:56,24.10.2023 11:56,Within SLA,24.10.2023 19:32,Within SLA,29.10.2023 11:48,6.0,3.0,Other,Tier 1,Bulgaria,42.7249925,25.4833039,1
Closed,3415,Medium,Email,Pricing and licensing,2nd line support,Adolpho Messingham,25.10.2023 23:08,27.10.2023 23:08,26.10.2023 00:08,2023-10-25 23:09:32.067,Within SLA,27.10.2023 17:24,Within SLA,27.10.2023 20:40,8.0,4.0,Custom software development,Tier 2,Italy,43.036776,12.678565,1
Resolved,3416,Low,Chat,Product setup,1st line support,Connor Danielovitch,25.10.2023 09:24,26.10.2023 09:24,25.10.2023 09:26,25.10.2023 09:24,Within SLA,26.10.2023 20:53,SLA Violated,,2.0,,Training and Consulting Services,Tier 1,Poland,52.536273,19.050639,0
Closed,3417,Medium,Email,Pricing and licensing,1st line support,Kristos Westoll,25.10.2023 10:48,27.10.2023 10:48,25.10.2023 11:48,25.10.2023 11:30,Within SLA,25.10.2023 12:07,Within SLA,31.10.2023 12:17,2.0,1.0,Ready to use Software,Tier 1,Slovenia,46.1491664,14.9860106,1
In progress,3418,Low,Email,Product setup,2nd line support,Michele Whyatt,25.10.2023 04:04,27.10.2023 04:04,25.10.2023 05:04,25.10.2023 04:20,Within SLA,,SLA Violated,,4.0,,Training and Consulting Services,Tier 2,Greece,39.368279,21.863141,0
Resolved,3419,Low,Email,Product setup,1st line support,Bernard Beckley,25.10.2023 23:34,27.10.2023 23:34,26.10.2023 00:34,26.10.2023 00:09,Within SLA,26.10.2023 08:45,Within SLA,,6.0,,Custom software development,Tier 1,United Kingdom,55.378052,-3.435973,0
Resolved,3420,Low,Chat,Purchasing and invoicing,1st line support,Sheela Cutten,25.10.2023 01:13,26.10.2023 01:13,25.10.2023 01:15,25.10.2023 01:14,Within SLA,25.10.2023 14:07,Within SLA,,4.0,,Training and Consulting Services,Tier 1,Slovenia,46.1491664,14.9860106,0
Closed,3421,High,Chat,Training request,1st line support,Nicola Wane,26.10.2023 09:44,27.10.2023 09:44,26.10.2023 09:46,26.10.2023 09:46,Within SLA,26.10.2023 10:08,Within SLA,01.11.2023 13:22,5.0,4.0,Training and Consulting Services,Tier 1,United Kingdom,55.378052,-3.435973,1
Resolved,3422,Low,Chat,Bug report,2nd line support,Adolpho Messingham,26.10.2023 02:28,27.10.2023 02:28,26.10.2023 02:30,26.10.2023 02:30,SLA Violated,2023-10-30 20:24:59.011,SLA Violated,,2.0,,Ready to use Software,Tier 2,Austria,47.6964719,13.3457347,0
Resolved,3423,Low,Email,Feature request,1st line support,Connor Danielovitch,26.10.2023 05:47,28.10.2023 05:47,26.10.2023 06:47,26.10.2023 06:28,Within SLA,2023-10-28 04:22:48.020,Within SLA,,10.0,,Ready to use Software,Tier 1,Poland,52.536273,19.050639,0
Closed,3424,Medium,Chat,Product setup,1st line support,Sheela Cutten,26.10.2023 01:39,27.10.2023 01:39,26.10.2023 01:41,26.10.2023 01:39,Within SLA,26.10.2023 03:53,Within SLA,27.10.2023 14:26,6.0,4.0,Ready to use Software,Tier 1,Austria,47.6964719,13.3457347,1
In progress,3425,High,Phone,Bug report,1st line support,Bernard Beckley,26.10.2023 15:13,28.10.2023 15:13,26.10.2023 15:15,26.10.2023 15:13,Within SLA,,SLA Violated,,3.0,,Ready to use Software,Tier 1,Republic of Ireland,53.094024,-8.019675,0
Resolved,3426,Medium,Email,Bug report,1st line support,Kristos Westoll,26.10.2023 22:22,28.10.2023 22:22,26.10.2023 23:22,26.10.2023 23:00,Within SLA,27.10.2023 08:33,Within SLA,,4.0,,Ready to use Software,Tier 1,Italy,43.036776,12.678565,0
Closed,3427,Low,Email,Product setup,2nd line support,Heather Urry,26.10.2023 16:21,28.10.2023 16:21,26.10.2023 17:21,26.10.2023 16:26,Within SLA,2023-10-30 16:05:18.022,SLA Violated,31.10.2023 06:21,2.0,4.0,Ready to use Software,Tier 2,France,48.864716,2.349014,1
Resolved,3428,Low,Email,Pricing and licensing,2nd line support,Heather Urry,26.10.2023 16:46,28.10.2023 16:46,26.10.2023 17:46,26.10.2023 17:24,Within SLA,28.10.2023 02:05,Within SLA,,1.0,,Custom software development,Tier 2,France,48.864716,2.349014,0
In progress,3429,High,Email,Feature request,1st line support,Kristos Westoll,26.10.2023 18:56,28.10.2023 18:56,26.10.2023 19:56,2023-10-26 19:10:21.038,Within SLA,,SLA Violated,,2.0,,Ready to use Software,Tier 1,Poland,52.536273,19.050639,0
Closed,3430,Medium,Chat,Other,1st line support,Kristos Westoll,26.10.2023 22:52,27.10.2023 22:52,26.10.2023 22:54,26.10.2023 22:53,Within SLA,27.10.2023 16:52,Within SLA,31.10.2023 21:28,2.0,2.0,Custom software development,Tier 1,United Kingdom,55.378052,-3.435973,1
Closed,3431,Medium,Chat,Product setup,1st line support,Sheela Cutten,27.10.2023 11:33,28.10.2023 11:33,27.10.2023 11:35,27.10.2023 11:35,Within SLA,28.10.2023 21:01,SLA Violated,30.10.2023 08:14,2.0,4.0,Ready to use Software,Tier 1,Poland,52.536273,19.050639,1
Resolved,3432,Low,Email,Feature request,1st line support,Bernard Beckley,27.10.2023 08:22,29.10.2023 08:22,27.10.2023 09:22,27.10.2023 12:22,SLA Violated,29.10.2023 02:02,Within SLA,,1.0,,Custom software development,Tier 1,Bulgaria,42.7249925,25.4833039,0
Resolved,3433,Medium,Email,Bug report,1st line support,Sheela Cutten,27.10.2023 10:10,29.10.2023 10:10,27.10.2023 11:10,27.10.2023 11:08,Within SLA,28.10.2023 19:11,Within SLA,,3.0,,Ready to use Software,Tier 1,Greece,39.368279,21.863141,0
Closed,3434,Low,Email,Feature request,1st line support,Connor Danielovitch,27.10.2023 12:03,29.10.2023 12:03,27.10.2023 13:03,2023-10-27 12:41:09.074,Within SLA,28.10.2023 21:19,Within SLA,01.11.2023 12:14,4.0,3.0,Ready to use Software,Tier 1,United Kingdom,55.378052,-3.435973,1
Closed,3435,Low,Email,Feature request,2nd line support,Michele Whyatt,27.10.2023 14:44,29.10.2023 14:44,27.10.2023 15:44,27.10.2023 15:26,Within SLA,2023-10-28 03:36:35.098,Within SLA,29.10.2023 12:27,3.0,4.0,Ready to use Software,Tier 2,Spain,39.67337,-4.767726,1
Resolved,3436,Low,Email,Other,1st line support,Bernard Beckley,27.10.2023 19:01,29.10.2023 19:01,27.10.2023 20:01,27.10.2023 19:37,Within SLA,31.10.2023 04:48,SLA Violated,,1.0,,Custom software development,Tier 1,United Kingdom,55.378052,-3.435973,0
Closed,3437,Medium,Chat,Product setup,2nd line support,Michele Whyatt,27.10.2023 10:31,28.10.2023 10:31,27.10.2023 10:33,27.10.2023 10:33,Within SLA,28.10.2023 07:54,Within SLA,28.10.2023 18:40,6.0,4.0,Other,Tier 2,Slovenia,46.1491664,14.9860106,1
Resolved,3438,Low,Chat,Feature request,1st line support,Sheela Cutten,27.10.2023 00:25,28.10.2023 00:25,27.10.2023 00:27,27.10.2023 00:26,Within SLA,31.10.2023 23:09,SLA Violated,,8.0,,Other,Tier 1,Germany,51.165691,10.451526,0
Resolved,3439,Low,Email,Feature request,1st line support,Nicola Wane,27.10.2023 23:17,29.10.2023 23:17,28.10.2023 00:17,27.10.2023 23:58,Within SLA,29.10.2023 01:01,Within SLA,,1.0,,Ready to use Software,Tier 1,Spain,39.67337,-4.767726,0
Closed,3440,High,Chat,Bug report,1st line support,Sheela Cutten,27.10.2023 19:19,28.10.2023 19:19,27.10.2023 19:21,27.10.2023 19:21,SLA Violated,28.10.2023 15:06,Within SLA,02.11.2023 01:40,5.0,4.0,Training and Consulting Services,Tier 1,Bulgaria,42.7249925,25.4833039,1
Resolved,3441,Low,Email,Bug report,1st line support,Bernard Beckley,27.10.2023 06:45,29.10.2023 06:45,27.10.2023 07:45,27.10.2023 07:35,Within SLA,27.10.2023 22:35,Within SLA,,1.0,,Ready to use Software,Tier 1,Bulgaria,42.7249925,25.4833039,0
Resolved,3442,Medium,Chat,Bug report,2nd line support,Michele Whyatt,27.10.2023 17:22,28.10.2023 17:22,27.10.2023 17:24,27.10.2023 17:23,Within SLA,29.10.2023 21:29,SLA Violated,,6.0,,Ready to use Software,Tier 2,Germany,51.165691,10.451526,0
Closed,3443,High,Phone,Feature request,1st line support,Bernard Beckley,28.10.2023 19:28,30.10.2023 19:28,28.10.2023 19:30,28.10.2023 19:28,Within SLA,02.11.2023 06:58,SLA Violated,02.11.2023 16:54,2.0,5.0,Ready to use Software,Tier 1,United Kingdom,55.378052,-3.435973,1
In progress,3444,Low,Chat,Bug report,2nd line support,Adolpho Messingham,28.10.2023 12:32,29.10.2023 12:32,28.10.2023 12:34,28.10.2023 12:33,Within SLA,,SLA Violated,,6.0,,Custom software development,Tier 2,United Kingdom,55.378052,-3.435973,0
Closed,3445,Low,Phone,Product setup,1st line support,Bernard Beckley,28.10.2023 15:48,30.10.2023 15:48,28.10.2023 15:50,28.10.2023 15:49,Within SLA,28.10.2023 16:18,Within SLA,31.10.2023 16:15,6.0,3.0,Ready to use Software,Tier 1,Germany,51.165691,10.451526,1
In progress,3457,Low,Email,Pricing and licensing,2nd line support,Michele Whyatt,29.10.2023 00:45,31.10.2023 00:45,29.10.2023 01:45,29.10.2023 01:28,Within SLA,,SLA Violated,,9.0,,Ready to use Software,Tier 2,Germany,51.165691,10.451526,0
Closed,3458,High,Email,Feature request,2nd line support,Adolpho Messingham,29.10.2023 15:26,31.10.2023 15:26,29.10.2023 16:26,29.10.2023 15:26,Within SLA,31.10.2023 07:09,Within SLA,01.11.2023 00:28,1.0,5.0,Ready to use Software,Tier 2,Slovenia,46.1491664,14.9860106,1
Closed,3459,Low,Email,Pricing and licensing,1st line support,Nicola Wane,29.10.2023 03:14,31.10.2023 03:14,29.10.2023 04:14,29.10.2023 04:01,Within SLA,29.10.2023 08:16,Within SLA,04.11.2023 01:41,1.0,4.0,Other,Tier 1,Germany,51.165691,10.451526,1
Closed,3460,Low,Chat,Product setup,1st line support,Sheela Cutten,30.10.2023 16:10,31.10.2023 16:10,30.10.2023 16:12,2023-10-30 16:11:27.010,Within SLA,31.10.2023 06:09,Within SLA,03.11.2023 16:32,6.0,5.0,Custom software development,Tier 1,Austria,47.6964719,13.3457347,1
Closed,3461,Low,Chat,Feature request,1st line support,Nicola Wane,30.10.2023 06:39,31.10.2023 06:39,30.10.2023 06:41,30.10.2023 06:40,Within SLA,30.10.2023 15:33,Within SLA,31.10.2023 23:53,2.0,3.0,Ready to use Software,Tier 1,Greece,39.368279,21.863141,1
Closed,3462,Medium,Email,Pricing and licensing,1st line support,Bernard Beckley,30.10.2023 18:13,01.11.2023 18:13,30.10.2023 19:13,30.10.2023 18:46,Within SLA,30.10.2023 18:15,Within SLA,02.11.2023 23:57,6.0,4.0,Training and Consulting Services,Tier 1,Austria,47.6964719,13.3457347,1
Closed,3463,Low,Email,Purchasing and invoicing,1st line support,Bernard Beckley,30.10.2023 19:30,01.11.2023 19:30,30.10.2023 20:30,30.10.2023 20:07,Within SLA,01.11.2023 21:56,SLA Violated,02.11.2023 15:37,8.0,3.0,Training and Consulting Services,Tier 1,Greece,39.368279,21.863141,1
Resolved,3464,High,Email,Product setup,2nd line support,Heather Urry,30.10.2023 23:33,01.11.2023 23:33,31.10.2023 00:33,30.10.2023 23:52,Within SLA,31.10.2023 11:53,Within SLA,,9.0,,Training and Consulting Services,Tier 2,Greece,39.368279,21.863141,0
In progress,3465,Low,Email,Product setup,1st line support,Bernard Beckley,30.10.2023 05:51,01.11.2023 05:51,30.10.2023 06:51,30.10.2023 06:04,Within SLA,,SLA Violated,,2.0,,Custom software development,Tier 1,Austria,47.6964719,13.3457347,0
Closed,3466,Medium,Chat,Feature request,1st line support,Connor Danielovitch,30.10.2023 16:02,31.10.2023 16:02,30.10.2023 16:04,30.10.2023 16:03,Within SLA,04.11.2023 02:37,SLA Violated,05.11.2023 03:09,5.0,5.0,Ready to use Software,Tier 1,Poland,52.536273,19.050639,1
Resolved,3467,Low,Chat,Feature request,2nd line support,Michele Whyatt,31.10.2023 15:07,01.11.2023 15:07,31.10.2023 15:09,31.10.2023 15:07,Within SLA,31.10.2023 15:26,Within SLA,,6.0,,Ready to use Software,Tier 2,Poland,52.536273,19.050639,0
Closed,3468,Low,Phone,Feature request,2nd line support,Michele Whyatt,31.10.2023 10:07,02.11.2023 10:07,31.10.2023 10:09,31.10.2023 10:09,Within SLA,02.11.2023 16:18,SLA Violated,2023-11-03 15:52:36.096,7.0,4.0,Other,Tier 2,Slovenia,46.1491664,14.9860106,1
In progress,3469,Low,Email,Training request,1st line support,Nicola Wane,31.10.2023 20:58,02.11.2023 20:58,31.10.2023 21:58,31.10.2023 21:05,Within SLA,,SLA Violated,,7.0,,Training and Consulting Services,Tier 1,Italy,43.036776,12.678565,0
Closed,3470,Medium,Phone,Pricing and licensing,2nd line support,Adolpho Messingham,31.10.2023 00:37,02.11.2023 00:37,31.10.2023 00:39,2023-10-31 00:38:45.056,Within SLA,31.10.2023 22:58,Within SLA,04.11.2023 13:51,4.0,1.0,Ready to use Software,Tier 2,Italy,43.036776,12.678565,1
Closed,3471,Medium,Email,Pricing and licensing,1st line support,Bernard Beckley,31.10.2023 07:06,02.11.2023 07:06,31.10.2023 08:06,31.10.2023 07:38,Within SLA,01.11.2023 02:35,Within SLA,05.11.2023 10:09,5.0,4.0,Ready to use Software,Tier 1,Bulgaria,42.7249925,25.4833039,1
In progress,3472,Low,Chat,Pricing and licensing,2nd line support,Adolpho Messingham,31.10.2023 16:06,01.11.2023 16:06,31.10.2023 16:08,31.10.2023 16:06,Within SLA,,SLA Violated,,5.0,,Ready to use Software,Tier 2,United Kingdom,55.378052,-3.435973,0
Closed,3473,High,Chat,Product setup,1st line support,Nicola Wane,31.10.2023 00:29,01.11.2023 00:29,31.10.2023 00:31,31.10.2023 00:31,Within SLA,31.10.2023 12:12,Within SLA,07.11.2023 05:24,6.0,5.0,Ready to use Software,Tier 1,France,48.864716,2.349014,1
Closed,3474,Medium,Phone,Other,1st line support,Nicola Wane,31.10.2023 00:34,02.11.2023 00:34,31.10.2023 00:36,31.10.2023 00:35,Within SLA,02.11.2023 19:34,SLA Violated,2023-11-03 16:11:50.076,2.0,5.0,Custom software development,Tier 1,Republic of Ireland,53.094024,-8.019675,1
Closed,3475,Low,Email,Purchasing and invoicing,2nd line support,Heather Urry,01.11.2023 00:06,03.11.2023 00:06,01.11.2023 01:06,2023-11-01 00:40:10.045,Within SLA,02.11.2023 05:39,Within SLA,03.11.2023 11:05,1.0,4.0,Custom software development,Tier 2,Poland,52.536273,19.050639,1
Closed,3476,Medium,Chat,Product setup,1st line support,Sheela Cutten,01.11.2023 23:01,02.11.2023 23:01,01.11.2023 23:03,01.11.2023 23:03,Within SLA,02.11.2023 17:50,Within SLA,09.11.2023 00:58,5.0,4.0,Other,Tier 1,Bulgaria,42.7249925,25.4833039,1
Closed,3477,High,Chat,Bug report,1st line support,Bernard Beckley,01.11.2023 09:20,02.11.2023 09:20,01.11.2023 09:22,01.11.2023 09:25,SLA Violated,02.11.2023 01:35,Within SLA,2023-11-05 15:12:48.061,4.0,4.0,Ready to use Software,Tier 1,Spain,39.67337,-4.767726,1
Resolved,3478,Low,Chat,Purchasing and invoicing,1st line support,Connor Danielovitch,01.11.2023 21:15,02.11.2023 21:15,01.11.2023 21:17,2023-11-01 21:17:50.062,Within SLA,05.11.2023 12:42,SLA Violated,,7.0,,Custom software development,Tier 1,Greece,39.368279,21.863141,0
Closed,3479,Low,Email,Product setup,1st line support,Kristos Westoll,01.11.2023 18:55,03.11.2023 18:55,01.11.2023 19:55,01.11.2023 19:35,Within SLA,05.11.2023 23:42,SLA Violated,06.11.2023 07:56,5.0,4.0,Ready to use Software,Tier 1,Slovenia,46.1491664,14.9860106,1
Closed,3480,High,Chat,Bug report,1st line support,Connor Danielovitch,01.11.2023 13:07,02.11.2023 13:07,01.11.2023 13:09,01.11.2023 13:07,Within SLA,2023-11-01 22:57:27.027,Within SLA,08.11.2023 13:55,5.0,5.0,Ready to use Software,Tier 1,Slovenia,46.1491664,14.9860106,1
Resolved,3481,Medium,Email,Bug report,1st line support,Bernard Beckley,01.11.2023 23:54,03.11.2023 23:54,02.11.2023 00:54,02.11.2023 00:26,Within SLA,03.11.2023 06:21,Within SLA,,3.0,,Ready to use Software,Tier 1,Austria,47.6964719,13.3457347,0
In progress,3482,High,Email,Pricing and licensing,2nd line support,Adolpho Messingham,01.11.2023 10:21,03.11.2023 10:21,01.11.2023 11:21,01.11.2023 10:52,Within SLA,,SLA Violated,,2.0,,Custom software development,Tier 2,Poland,52.536273,19.050639,0
Closed,3483,Low,Chat,Product setup,1st line support,Kristos Westoll,01.11.2023 15:23,02.11.2023 15:23,01.11.2023 15:25,2023-11-01 15:28:04.035,SLA Violated,02.11.2023 08:19,Within SLA,2023-11-06 17:14:25.082,9.0,4.0,Ready to use Software,Tier 1,Slovenia,46.1491664,14.9860106,1
In progress,3484,Low,Email,Pricing and licensing,1st line support,Connor Danielovitch,01.11.2023 08:18,03.11.2023 08:18,01.11.2023 09:18,01.11.2023 08:36,Within SLA,,SLA Violated,,1.0,,Ready to use Software,Tier 1,Italy,43.036776,12.678565,0
Closed,3485,Medium,Phone,Product setup,1st line support,Kristos Westoll,01.11.2023 07:01,03.11.2023 07:01,01.11.2023 07:03,01.11.2023 07:03,Within SLA,02.11.2023 15:16,Within SLA,07.11.2023 08:05,7.0,2.0,Ready to use Software,Tier 1,United Kingdom,55.378052,-3.435973,1
In progress,3486,Low,Email,Pricing and licensing,1st line support,Kristos Westoll,02.11.2023 19:25,04.11.2023 19:25,02.11.2023 20:25,02.11.2023 20:37,SLA Violated,,SLA Violated,,3.0,,Custom software development,Tier 1,United Kingdom,55.378052,-3.435973,0
Resolved,3487,Medium,Email,Product setup,2nd line support,Adolpho Messingham,02.11.2023 06:12,04.11.2023 06:12,02.11.2023 07:12,02.11.2023 07:09,Within SLA,02.11.2023 10:10,Within SLA,,1.0,,Ready to use Software,Tier 2,Poland,52.536273,19.050639,0
Closed,3488,Medium,Chat,Other,1st line support,Connor Danielovitch,02.11.2023 01:48,03.11.2023 01:48,02.11.2023 01:50,02.11.2023 01:49,Within SLA,04.11.2023 10:10,SLA Violated,2023-11-04 19:48:22.067,5.0,5.0,Custom software development,Tier 1,Germany,51.165691,10.451526,1
Closed,3489,High,Chat,Product setup,2nd line support,Heather Urry,02.11.2023 11:02,03.11.2023 11:02,02.11.2023 11:04,02.11.2023 11:04,Within SLA,02.11.2023 17:00,Within SLA,06.11.2023 16:07,8.0,4.0,Other,Tier 2,Slovenia,46.1491664,14.9860106,1
In progress,3490,Low,Email,Product setup,2nd line support,Adolpho Messingham,02.11.2023 02:48,04.11.2023 02:48,02.11.2023 03:48,02.11.2023 03:43,Within SLA,,SLA Violated,,1.0,,Custom software development,Tier 2,Greece,39.368279,21.863141,0
Closed,3491,High,Chat,Feature request,1st line support,Sheela Cutten,02.11.2023 12:46,03.11.2023 12:46,02.11.2023 12:48,02.11.2023 12:48,Within SLA,02.11.2023 23:30,Within SLA,08.11.2023 09:13,9.0,4.0,Custom software development,Tier 1,Republic of Ireland,53.094024,-8.019675,1
Closed,3492,High,Email,Product setup,1st line support,Nicola Wane,02.11.2023 15:45,04.11.2023 15:45,02.11.2023 16:45,02.11.2023 16:11,Within SLA,07.11.2023 02:46,SLA Violated,08.11.2023 12:27,6.0,1.0,Other,Tier 1,France,48.864716,2.349014,1
Resolved,3493,Low,Email,Other,1st line support,Connor Danielovitch,02.11.2023 08:00,04.11.2023 08:00,02.11.2023 09:00,02.11.2023 08:19,Within SLA,02.11.2023 14:22,Within SLA,,7.0,,Other,Tier 1,Czech Republic,49.8037633,15.4749126,0
In progress,3494,High,Chat,Pricing and Licensing,1st line support,Sheela Cutten,02.11.2023 15:27,03.11.2023 15:27,02.11.2023 15:29,02.11.2023 15:29,Within SLA,,SLA Violated,,6.0,,Custom software development,Tier 1,Italy,43.036776,12.678565,0
Closed,3495,Low,Email,Bug report,2nd line support,Adolpho Messingham,02.11.2023 06:29,04.11.2023 06:29,02.11.2023 07:29,02.11.2023 07:16,Within SLA,02.11.2023 22:23,Within SLA,2023-11-03 01:54:12.009,1.0,5.0,Ready to use Software,Tier 2,Germany,51.165691,10.451526,1
Closed,3496,High,Chat,Feature request,1st line support,Nicola Wane,03.11.2023 17:47,04.11.2023 17:47,03.11.2023 17:49,03.11.2023 17:47,Within SLA,04.11.2023 15:48,Within SLA,05.11.2023 19:25,6.0,5.0,Custom software development,Tier 1,Austria,47.6964719,13.3457347,1
Closed,3497,Medium,Email,Bug report,1st line support,Nicola Wane,03.11.2023 18:35,05.11.2023 18:35,03.11.2023 19:35,03.11.2023 18:47,Within SLA,03.11.2023 22:03,Within SLA,06.11.2023 03:22,9.0,3.0,Ready to use Software,Tier 1,Czech Republic,49.8037633,15.4749126,1
Closed,3498,Low,Chat,Pricing and licensing,1st line support,Nicola Wane,03.11.2023 19:42,04.11.2023 19:42,03.11.2023 19:44,03.11.2023 19:43,Within SLA,08.11.2023 06:51,SLA Violated,09.11.2023 17:18,4.0,4.0,Training and Consulting Services,Tier 1,Slovenia,46.1491664,14.9860106,1
Closed,3499,Medium,Phone,Bug report,1st line support,Nicola Wane,03.11.2023 13:33,05.11.2023 13:33,03.11.2023 13:35,03.11.2023 13:34,Within SLA,03.11.2023 23:04,Within SLA,06.11.2023 23:46,2.0,3.0,Ready to use Software,Tier 1,Greece,39.368279,21.863141,1
Closed,3500,High,Email,Product setup,2nd line support,Heather Urry,03.11.2023 15:51,05.11.2023 15:51,03.11.2023 16:51,03.11.2023 16:13,Within SLA,04.11.2023 08:45,Within SLA,08.11.2023 03:19,2.0,5.0,Other,Tier 2,Austria,47.6964719,13.3457347,1
Closed,3501,High,Chat,Feature request,1st line support,Bernard Beckley,03.11.2023 05:18,04.11.2023 05:18,03.11.2023 05:20,03.11.2023 05:20,Within SLA,04.11.2023 10:38,SLA Violated,04.11.2023 11:31,5.0,1.0,Custom software development,Tier 1,Republic of Ireland,53.094024,-8.019675,1
Closed,3502,High,Email,Other,1st line support,Sheela Cutten,03.11.2023 16:58,05.11.2023 16:58,03.11.2023 17:58,03.11.2023 17:07,Within SLA,07.11.2023 03:48,SLA Violated,07.11.2023 22:28,6.0,4.0,Ready to use Software,Tier 1,Spain,39.67337,-4.767726,1
Closed,3503,High,Chat,Pricing and licensing,1st line support,Connor Danielovitch,03.11.2023 10:23,04.11.2023 10:23,03.11.2023 10:25,03.11.2023 10:23,Within SLA,08.11.2023 18:45,SLA Violated,09.11.2023 21:20,7.0,3.0,Other,Tier 1,Poland,52.536273,19.050639,1
Closed,3504,Low,Chat,Other,1st line support,Sheela Cutten,03.11.2023 09:23,04.11.2023 09:23,03.11.2023 09:25,03.11.2023 09:27,SLA Violated,03.11.2023 14:51,Within SLA,06.11.2023 17:00,2.0,4.0,Ready to use Software,Tier 1,Slovenia,46.1491664,14.9860106,1
Closed,3505,Low,Chat,Product setup,2nd line support,Adolpho Messingham,03.11.2023 06:23,04.11.2023 06:23,03.11.2023 06:25,03.11.2023 06:24,Within SLA,03.11.2023 16:53,Within SLA,09.11.2023 00:55,2.0,4.0,Other,Tier 2,Italy,43.036776,12.678565,1
Closed,3506,Low,Chat,Feature request,2nd line support,Michele Whyatt,04.11.2023 15:02,05.11.2023 15:02,04.11.2023 15:04,04.11.2023 15:04,Within SLA,05.11.2023 09:40,Within SLA,11.11.2023 07:59,6.0,4.0,Ready to use Software,Tier 2,Germany,51.165691,10.451526,1
In progress,3507,High,Chat,Pricing and licensing,1st line support,Kristos Westoll,04.11.2023 18:21,05.11.2023 18:21,04.11.2023 18:23,04.11.2023 18:23,Within SLA,,SLA Violated,,5.0,,Ready to use Software,Tier 1,Poland,52.536273,19.050639,0
Closed,3508,High,Chat,Pricing and Licensing,1st line support,Sheela Cutten,04.11.2023 21:16,05.11.2023 21:16,04.11.2023 21:18,2023-11-04 21:16:09.057,Within SLA,05.11.2023 16:35,Within SLA,10.11.2023 23:59,6.0,4.0,Custom software development,Tier 1,Italy,43.036776,12.678565,1
Closed,3522,Medium,Chat,Pricing and licensing,1st line support,Sheela Cutten,05.11.2023 00:43,06.11.2023 00:43,05.11.2023 00:45,05.11.2023 00:43,Within SLA,07.11.2023 14:26,SLA Violated,08.11.2023 22:06,5.0,5.0,Training and Consulting Services,Tier 1,Italy,43.036776,12.678565,1
In progress,3523,Medium,Chat,Feature request,1st line support,Bernard Beckley,05.11.2023 16:52,06.11.2023 16:52,05.11.2023 16:54,05.11.2023 16:54,Within SLA,,SLA Violated,,6.0,,Ready to use Software,Tier 1,Czech Republic,49.8037633,15.4749126,0
Closed,3524,Low,Chat,Pricing and licensing,1st line support,Nicola Wane,05.11.2023 12:30,06.11.2023 12:30,05.11.2023 12:32,05.11.2023 12:30,Within SLA,05.11.2023 16:38,Within SLA,2023-11-08 18:15:45.085,2.0,1.0,Ready to use Software,Tier 1,Czech Republic,49.8037633,15.4749126,1
Closed,3525,Low,Chat,Other,1st line support,Nicola Wane,06.11.2023 09:52,07.11.2023 09:52,06.11.2023 09:54,06.11.2023 09:54,Within SLA,06.11.2023 22:56,Within SLA,13.11.2023 09:58,8.0,4.0,Training and Consulting Services,Tier 1,Republic of Ireland,53.094024,-8.019675,1
In progress,3526,Low,Email,Product setup,1st line support,Kristos Westoll,06.11.2023 09:49,08.11.2023 09:49,06.11.2023 10:49,06.11.2023 10:28,Within SLA,,SLA Violated,,1.0,,Other,Tier 1,Czech Republic,49.8037633,15.4749126,0
Closed,3527,Medium,Email,Pricing and licensing,1st line support,Sheela Cutten,06.11.2023 13:18,08.11.2023 13:18,06.11.2023 14:18,06.11.2023 13:55,Within SLA,2023-11-07 18:50:13.051,Within SLA,2023-11-08 10:06:01.073,3.0,3.0,Other,Tier 1,Bulgaria,42.7249925,25.4833039,1
Closed,3528,Low,Chat,Pricing and licensing,1st line support,Sheela Cutten,06.11.2023 07:26,07.11.2023 07:26,06.11.2023 07:28,06.11.2023 07:27,Within SLA,06.11.2023 10:44,Within SLA,09.11.2023 13:11,2.0,4.0,Ready to use Software,Tier 1,Bulgaria,42.7249925,25.4833039,1
Closed,3529,Low,Email,Pricing and licensing,1st line support,Sheela Cutten,06.11.2023 23:48,08.11.2023 23:48,07.11.2023 00:48,07.11.2023 00:09,Within SLA,07.11.2023 09:17,Within SLA,2023-11-10 08:04:42.026,1.0,2.0,Ready to use Software,Tier 1,Republic of Ireland,53.094024,-8.019675,1
Closed,3530,Low,Chat,Pricing and licensing,1st line support,Nicola Wane,06.11.2023 16:35,07.11.2023 16:35,06.11.2023 16:37,06.11.2023 16:39,SLA Violated,10.11.2023 17:41,SLA Violated,11.11.2023 04:38,6.0,4.0,Ready to use Software,Tier 1,United Kingdom,55.378052,-3.435973,1
Closed,3531,Low,Email,Product setup,1st line support,Connor Danielovitch,06.11.2023 19:21,08.11.2023 19:21,06.11.2023 20:21,06.11.2023 20:05,Within SLA,07.11.2023 01:34,Within SLA,13.11.2023 01:57,2.0,3.0,Ready to use Software,Tier 1,United Kingdom,55.378052,-3.435973,1
In progress,3532,Medium,Email,Product setup,1st line support,Kristos Westoll,06.11.2023 00:36,08.11.2023 00:36,06.11.2023 01:36,06.11.2023 01:03,Within SLA,,SLA Violated,,8.0,,Training and Consulting Services,Tier 1,Spain,39.67337,-4.767726,0
Closed,3533,Low,Email,Purchasing and invoicing,1st line support,Connor Danielovitch,07.11.2023 12:46,09.11.2023 12:46,07.11.2023 13:46,07.11.2023 13:14,Within SLA,08.11.2023 21:32,Within SLA,13.11.2023 18:49,1.0,5.0,Ready to use Software,Tier 1,Austria,47.6964719,13.3457347,1
Resolved,3534,Low,Email,Pricing and licensing,1st line support,Sheela Cutten,07.11.2023 00:28,09.11.2023 00:28,07.11.2023 01:28,07.11.2023 00:47,Within SLA,12.11.2023 20:42,SLA Violated,,5.0,,Other,Tier 1,Austria,47.6964719,13.3457347,0
Closed,3535,Low,Chat,Feature request,1st line support,Nicola Wane,07.11.2023 01:41,08.11.2023 01:41,07.11.2023 01:43,2023-11-07 01:42:28.038,Within SLA,07.11.2023 16:52,Within SLA,10.11.2023 07:23,6.0,4.0,Custom software development,Tier 1,Poland,52.536273,19.050639,1
Closed,3536,Medium,Email,Feature request,1st line support,Kristos Westoll,07.11.2023 01:05,09.11.2023 01:05,07.11.2023 02:05,2023-11-07 07:09:23.095,SLA Violated,07.11.2023 08:43,Within SLA,07.11.2023 17:22,9.0,1.0,Ready to use Software,Tier 1,Germany,51.165691,10.451526,1
Closed,3537,Low,Email,Pricing and licensing,1st line support,Kristos Westoll,07.11.2023 19:22,09.11.2023 19:22,07.11.2023 20:22,07.11.2023 19:28,Within SLA,11.11.2023 13:16,SLA Violated,11.11.2023 23:51,8.0,5.0,Other,Tier 1,Italy,43.036776,12.678565,1
Closed,3538,Low,Chat,Bug report,1st line support,Kristos Westoll,07.11.2023 05:07,08.11.2023 05:07,07.11.2023 05:09,2023-11-07 05:07:40.072,Within SLA,07.11.2023 06:33,Within SLA,12.11.2023 03:45,7.0,2.0,Custom software development,Tier 1,Republic of Ireland,53.094024,-8.019675,1
Closed,3539,High,Chat,Other,1st line support,Sheela Cutten,07.11.2023 00:47,08.11.2023 00:47,07.11.2023 00:49,07.11.2023 00:47,Within SLA,07.11.2023 08:30,Within SLA,08.11.2023 18:26,6.0,5.0,Ready to use Software,Tier 1,Poland,52.536273,19.050639,1
Closed,3540,Medium,Email,Product setup,1st line support,Nicola Wane,08.11.2023 07:10,10.11.2023 07:10,08.11.2023 08:10,08.11.2023 07:53,Within SLA,13.11.2023 07:52,SLA Violated,14.11.2023 09:41,3.0,3.0,Ready to use Software,Tier 1,Spain,39.67337,-4.767726,1
Resolved,3542,Medium,Email,Feature request,1st line support,Bernard Beckley,08.11.2023 20:42,10.11.2023 20:42,08.11.2023 21:42,08.11.2023 21:29,Within SLA,08.11.2023 20:43,Within SLA,,2.0,,Ready to use Software,Tier 1,Poland,52.536273,19.050639,0
Resolved,3543,High,Email,Pricing and licensing,1st line support,Bernard Beckley,08.11.2023 22:46,10.11.2023 22:46,08.11.2023 23:46,08.11.2023 22:56,Within SLA,09.11.2023 00:42,Within SLA,,3.0,,Ready to use Software,Tier 1,United Kingdom,55.378052,-3.435973,0
Resolved,3544,Low,Email,Feature request,2nd line support,Michele Whyatt,08.11.2023 01:13,10.11.2023 01:13,08.11.2023 02:13,08.11.2023 02:00,Within SLA,09.11.2023 18:35,Within SLA,,2.0,,Ready to use Software,Tier 2,Germany,51.165691,10.451526,0
Closed,3545,Low,Email,Feature request,1st line support,Bernard Beckley,08.11.2023 01:34,10.11.2023 01:34,08.11.2023 02:34,08.11.2023 02:26,Within SLA,09.11.2023 17:06,Within SLA,13.11.2023 21:19,4.0,4.0,Other,Tier 1,Poland,52.536273,19.050639,1
Closed,3546,Low,Email,Pricing and licensing,2nd line support,Michele Whyatt,08.11.2023 07:43,10.11.2023 07:43,08.11.2023 08:43,08.11.2023 08:13,Within SLA,08.11.2023 17:05,Within SLA,12.11.2023 23:48,8.0,3.0,Training and Consulting Services,Tier 2,United Kingdom,55.378052,-3.435973,1
Resolved,3547,Medium,Chat,Other,1st line support,Kristos Westoll,08.11.2023 02:07,09.11.2023 02:07,08.11.2023 02:09,08.11.2023 02:13,SLA Violated,08.11.2023 18:25,Within SLA,,2.0,,Training and Consulting Services,Tier 1,Italy,43.036776,12.678565,0
Resolved,3548,Low,Email,Other,1st line support,Nicola Wane,08.11.2023 11:37,10.11.2023 11:37,08.11.2023 12:37,08.11.2023 12:26,Within SLA,11.11.2023 13:57,SLA Violated,,6.0,,Custom software development,Tier 1,Germany,51.165691,10.451526,0
Resolved,3550,Medium,Chat,Product setup,2nd line support,Adolpho Messingham,08.11.2023 12:19,09.11.2023 12:19,08.11.2023 12:21,08.11.2023 12:20,Within SLA,09.11.2023 07:10,Within SLA,,5.0,,Ready to use Software,Tier 2,Slovenia,46.1491664,14.9860106,0
Closed,3551,High,Email,Feature request,1st line support,Bernard Beckley,08.11.2023 21:27,10.11.2023 21:27,08.11.2023 22:27,2023-11-08 21:38:20.075,Within SLA,11.11.2023 03:53,SLA Violated,13.11.2023 01:16,9.0,4.0,Ready to use Software,Tier 1,Poland,52.536273,19.050639,1
In progress,3552,Low,Chat,Other,1st line support,Kristos Westoll,08.11.2023 07:52,09.11.2023 07:52,08.11.2023 07:54,08.11.2023 07:53,Within SLA,,SLA Violated,,8.0,,Custom software development,Tier 1,France,48.864716,2.349014,0
Closed,3553,High,Email,Training request,1st line support,Connor Danielovitch,09.11.2023 04:47,11.11.2023 04:47,09.11.2023 05:47,09.11.2023 05:01,Within SLA,09.11.2023 07:06,Within SLA,11.11.2023 08:15,5.0,5.0,Training and Consulting Services,Tier 1,France,48.864716,2.349014,1
In progress,3554,Low,Email,Pricing and licensing,1st line support,Bernard Beckley,09.11.2023 20:45,11.11.2023 20:45,09.11.2023 21:45,09.11.2023 21:44,Within SLA,,SLA Violated,,8.0,,Ready to use Software,Tier 1,Spain,39.67337,-4.767726,0
Closed,3555,Low,Email,Product setup,1st line support,Kristos Westoll,09.11.2023 21:18,11.11.2023 21:18,09.11.2023 22:18,09.11.2023 21:24,Within SLA,11.11.2023 09:20,Within SLA,2023-11-12 11:59:49.006,9.0,4.0,Other,Tier 1,Germany,51.165691,10.451526,1
Closed,3556,Low,Email,Pricing and licensing,1st line support,Connor Danielovitch,09.11.2023 23:18,11.11.2023 23:18,10.11.2023 00:18,09.11.2023 23:31,Within SLA,10.11.2023 01:44,Within SLA,11.11.2023 08:49,2.0,3.0,Custom software development,Tier 1,Austria,47.6964719,13.3457347,1
Closed,3557,Medium,Chat,Purchasing and invoicing,1st line support,Connor Danielovitch,09.11.2023 08:15,10.11.2023 08:15,09.11.2023 08:17,09.11.2023 08:17,Within SLA,2023-11-09 23:09:37.026,Within SLA,14.11.2023 12:20,5.0,3.0,Ready to use Software,Tier 1,Bulgaria,42.7249925,25.4833039,1
Closed,3559,High,Email,Bug report,1st line support,Connor Danielovitch,09.11.2023 03:02,11.11.2023 03:02,09.11.2023 04:02,09.11.2023 03:56,Within SLA,11.11.2023 23:07,SLA Violated,13.11.2023 05:56,1.0,3.0,Custom software development,Tier 1,Italy,43.036776,12.678565,1
Closed,3560,Medium,Chat,Feature request,1st line support,Sheela Cutten,09.11.2023 05:13,10.11.2023 05:13,09.11.2023 05:15,09.11.2023 05:13,Within SLA,09.11.2023 10:31,Within SLA,2023-11-11 04:05:30.016,4.0,2.0,Other,Tier 1,Greece,39.368279,21.863141,1
Resolved,3561,Medium,Email,Pricing and Licensing,1st line support,Connor Danielovitch,09.11.2023 00:43,11.11.2023 00:43,09.11.2023 01:43,09.11.2023 01:01,Within SLA,10.11.2023 22:06,Within SLA,,1.0,,Custom software development,Tier 1,Spain,39.67337,-4.767726,0
Closed,3562,High,Email,Pricing and licensing,1st line support,Sheela Cutten,10.11.2023 14:10,12.11.2023 14:10,10.11.2023 15:10,10.11.2023 14:27,Within SLA,11.11.2023 23:08,Within SLA,13.11.2023 22:30,1.0,4.0,Ready to use Software,Tier 1,Italy,43.036776,12.678565,1
Closed,3563,Medium,Chat,Product setup,1st line support,Sheela Cutten,10.11.2023 00:57,11.11.2023 00:57,10.11.2023 00:59,2023-11-10 00:57:54.056,Within SLA,14.11.2023 17:09,SLA Violated,2023-11-16 10:05:05.029,7.0,3.0,Ready to use Software,Tier 1,Italy,43.036776,12.678565,1
Closed,3565,Low,Email,Other,2nd line support,Adolpho Messingham,10.11.2023 12:56,12.11.2023 12:56,10.11.2023 13:56,10.11.2023 13:48,Within SLA,11.11.2023 22:40,Within SLA,12.11.2023 12:07,2.0,3.0,Ready to use Software,Tier 2,Italy,43.036776,12.678565,1
Closed,3566,Low,Phone,Product setup,1st line support,Nicola Wane,10.11.2023 23:46,12.11.2023 23:46,10.11.2023 23:48,10.11.2023 23:47,Within SLA,11.11.2023 22:08,Within SLA,12.11.2023 05:51,2.0,3.0,Ready to use Software,Tier 1,Austria,47.6964719,13.3457347,1
Closed,3567,High,Email,Product setup,1st line support,Bernard Beckley,10.11.2023 11:46,12.11.2023 11:46,10.11.2023 12:46,2023-11-10 11:57:57.097,Within SLA,10.11.2023 16:12,Within SLA,10.11.2023 17:43,4.0,4.0,Other,Tier 1,Czech Republic,49.8037633,15.4749126,1
Resolved,3568,Low,Chat,Product setup,1st line support,Sheela Cutten,10.11.2023 06:58,11.11.2023 06:58,10.11.2023 07:00,10.11.2023 07:00,Within SLA,11.11.2023 01:54,Within SLA,,6.0,,Other,Tier 1,Germany,51.165691,10.451526,0
Closed,3569,Medium,Email,Pricing and licensing,1st line support,Sheela Cutten,11.11.2023 00:40,13.11.2023 00:40,11.11.2023 01:40,11.11.2023 00:57,Within SLA,13.11.2023 04:51,SLA Violated,15.11.2023 04:41,1.0,4.0,Custom software development,Tier 1,Bulgaria,42.7249925,25.4833039,1
Closed,3570,Low,Email,Feature request,1st line support,Kristos Westoll,11.11.2023 08:50,13.11.2023 08:50,11.11.2023 09:50,11.11.2023 09:45,Within SLA,12.11.2023 08:41,Within SLA,12.11.2023 21:10,2.0,5.0,Other,Tier 1,Italy,43.036776,12.678565,1
Resolved,3571,High,Phone,Feature request,1st line support,Nicola Wane,11.11.2023 00:34,13.11.2023 00:34,11.11.2023 00:36,11.11.2023 00:37,SLA Violated,12.11.2023 20:55,Within SLA,,4.0,,Ready to use Software,Tier 1,Poland,52.536273,19.050639,0
Closed,3572,Low,Chat,Purchasing and invoicing,1st line support,Sheela Cutten,11.11.2023 20:11,12.11.2023 20:11,11.11.2023 20:13,2023-11-11 20:12:05.059,Within SLA,12.11.2023 18:22,Within SLA,18.11.2023 11:13,2.0,5.0,Ready to use Software,Tier 1,Bulgaria,42.7249925,25.4833039,1
Closed,3573,High,Email,Purchasing and invoicing,1st line support,Nicola Wane,11.11.2023 00:18,13.11.2023 00:18,11.11.2023 01:18,2023-11-11 00:51:59.069,Within SLA,12.11.2023 04:58,Within SLA,14.11.2023 07:27,7.0,3.0,Ready to use Software,Tier 1,Austria,47.6964719,13.3457347,1
Closed,3574,Medium,Email,Other,1st line support,Connor Danielovitch,12.11.2023 10:50,14.11.2023 10:50,12.11.2023 11:50,12.11.2023 11:19,Within SLA,15.11.2023 08:29,SLA Violated,17.11.2023 05:30,2.0,3.0,Ready to use Software,Tier 1,Czech Republic,49.8037633,15.4749126,1
Closed,3575,Medium,Email,Pricing and licensing,1st line support,Nicola Wane,12.11.2023 00:16,14.11.2023 00:16,12.11.2023 01:16,12.11.2023 00:27,Within SLA,12.11.2023 16:28,Within SLA,14.11.2023 03:51,2.0,5.0,Ready to use Software,Tier 1,Slovenia,46.1491664,14.9860106,1
Closed,3576,Low,Email,Product setup,2nd line support,Adolpho Messingham,12.11.2023 16:48,14.11.2023 16:48,12.11.2023 17:48,12.11.2023 17:37,Within SLA,13.11.2023 14:20,Within SLA,19.11.2023 04:28,3.0,5.0,Training and Consulting Services,Tier 2,Republic of Ireland,53.094024,-8.019675,1
Resolved,3584,Medium,Phone,Feature request,1st line support,Connor Danielovitch,13.11.2023 16:51,15.11.2023 16:51,13.11.2023 16:53,13.11.2023 16:53,Within SLA,15.11.2023 10:20,Within SLA,,2.0,,Other,Tier 1,France,48.864716,2.349014,0
In progress,3585,Low,Email,Product setup,1st line support,Sheela Cutten,13.11.2023 15:05,15.11.2023 15:05,13.11.2023 16:05,13.11.2023 15:55,Within SLA,,SLA Violated,,5.0,,Ready to use Software,Tier 1,Poland,52.536273,19.050639,0
In progress,3586,Low,Email,Purchasing and invoicing,1st line support,Nicola Wane,13.11.2023 08:27,15.11.2023 08:27,13.11.2023 09:27,13.11.2023 08:59,Within SLA,,SLA Violated,,5.0,,Custom software development,Tier 1,Republic of Ireland,53.094024,-8.019675,0
Closed,3587,Low,Email,Pricing and licensing,2nd line support,Michele Whyatt,13.11.2023 09:31,15.11.2023 09:31,13.11.2023 10:31,13.11.2023 10:23,Within SLA,14.11.2023 22:05,Within SLA,20.11.2023 07:23,7.0,4.0,Training and Consulting Services,Tier 2,United Kingdom,55.378052,-3.435973,1
Resolved,3588,High,Chat,Product setup,1st line support,Sheela Cutten,13.11.2023 23:03,14.11.2023 23:03,13.11.2023 23:05,13.11.2023 23:03,Within SLA,14.11.2023 11:15,Within SLA,,9.0,,Ready to use Software,Tier 1,United Kingdom,55.378052,-3.435973,0
Closed,3589,Low,Email,Purchasing and invoicing,1st line support,Nicola Wane,13.11.2023 11:46,15.11.2023 11:46,13.11.2023 12:46,13.11.2023 11:58,Within SLA,15.11.2023 03:39,Within SLA,17.11.2023 14:09,4.0,4.0,Ready to use Software,Tier 1,Bulgaria,42.7249925,25.4833039,1
In progress,3590,Low,Chat,Product setup,2nd line support,Adolpho Messingham,13.11.2023 04:21,14.11.2023 04:21,13.11.2023 04:23,13.11.2023 04:25,SLA Violated,,SLA Violated,,6.0,,Custom software development,Tier 2,Germany,51.165691,10.451526,0
Closed,3591,Medium,Email,Feature request,1st line support,Bernard Beckley,14.11.2023 09:45,16.11.2023 09:45,14.11.2023 10:45,14.11.2023 10:36,Within SLA,2023-11-19 00:10:52.013,SLA Violated,19.11.2023 16:11,9.0,5.0,Ready to use Software,Tier 1,Germany,51.165691,10.451526,1
Closed,3592,High,Phone,Product setup,1st line support,Bernard Beckley,14.11.2023 12:05,16.11.2023 12:05,14.11.2023 12:07,14.11.2023 12:05,Within SLA,17.11.2023 03:30,SLA Violated,17.11.2023 11:57,4.0,5.0,Ready to use Software,Tier 1,Poland,52.536273,19.050639,1
In progress,3593,Low,Chat,Pricing and licensing,1st line support,Bernard Beckley,14.11.2023 05:07,15.11.2023 05:07,14.11.2023 05:09,14.11.2023 05:09,Within SLA,,SLA Violated,,6.0,,Custom software development,Tier 1,Italy,43.036776,12.678565,0
Closed,3594,Low,Email,Feature request,1st line support,Bernard Beckley,14.11.2023 16:11,16.11.2023 16:11,14.11.2023 17:11,14.11.2023 17:08,Within SLA,2023-11-15 16:52:02.059,Within SLA,16.11.2023 21:05,7.0,3.0,Ready to use Software,Tier 1,Italy,43.036776,12.678565,1
In progress,3595,Low,Email,Training request,1st line support,Bernard Beckley,14.11.2023 09:01,16.11.2023 09:01,14.11.2023 10:01,14.11.2023 09:53,Within SLA,,SLA Violated,,2.0,,Training and Consulting Services,Tier 1,Slovenia,46.1491664,14.9860106,0
Closed,3596,High,Email,Product setup,1st line support,Nicola Wane,14.11.2023 21:15,16.11.2023 21:15,14.11.2023 22:15,14.11.2023 22:00,Within SLA,16.11.2023 16:54,Within SLA,18.11.2023 04:30,1.0,4.0,Ready to use Software,Tier 1,Spain,39.67337,-4.767726,1
Resolved,3597,Medium,Phone,Pricing and licensing,2nd line support,Adolpho Messingham,14.11.2023 05:20,16.11.2023 05:20,14.11.2023 05:22,2023-11-14 05:22:17.089,Within SLA,2023-11-15 19:11:06.015,Within SLA,,1.0,,Ready to use Software,Tier 2,United Kingdom,55.378052,-3.435973,0
In progress,3598,High,Email,Product setup,1st line support,Bernard Beckley,14.11.2023 02:14,16.11.2023 02:14,14.11.2023 03:14,14.11.2023 03:06,Within SLA,,SLA Violated,,7.0,,Ready to use Software,Tier 1,Bulgaria,42.7249925,25.4833039,0
Resolved,3599,High,Chat,Pricing and licensing,1st line support,Nicola Wane,14.11.2023 05:51,15.11.2023 05:51,14.11.2023 05:53,14.11.2023 05:52,Within SLA,18.11.2023 05:17,SLA Violated,,5.0,,Ready to use Software,Tier 1,Czech Republic,49.8037633,15.4749126,0
Resolved,3600,Low,Email,Product setup,1st line support,Kristos Westoll,15.11.2023 13:43,17.11.2023 13:43,15.11.2023 14:43,15.11.2023 14:40,Within SLA,16.11.2023 08:14,Within SLA,,8.0,,Other,Tier 1,Republic of Ireland,53.094024,-8.019675,0
Closed,3601,Low,Phone,Pricing and Licensing,1st line support,Connor Danielovitch,15.11.2023 19:04,17.11.2023 19:04,15.11.2023 19:06,2023-11-15 19:06:39.019,SLA Violated,16.11.2023 12:15,Within SLA,20.11.2023 18:06,3.0,5.0,Custom software development,Tier 1,Slovenia,46.1491664,14.9860106,1
In progress,3602,Medium,Chat,Product setup,1st line support,Connor Danielovitch,15.11.2023 16:13,16.11.2023 16:13,15.11.2023 16:15,15.11.2023 16:14,Within SLA,,SLA Violated,,6.0,,Training and Consulting Services,Tier 1,United Kingdom,55.378052,-3.435973,0
In progress,3603,Low,Chat,Pricing and licensing,2nd line support,Heather Urry,15.11.2023 15:32,16.11.2023 15:32,15.11.2023 15:34,2023-11-15 15:36:41.088,SLA Violated,,SLA Violated,,2.0,,Ready to use Software,Tier 2,United Kingdom,55.378052,-3.435973,0
Closed,3604,Low,Email,Bug report,1st line support,Bernard Beckley,15.11.2023 22:41,17.11.2023 22:41,15.11.2023 23:41,15.11.2023 23:16,Within SLA,16.11.2023 16:59,Within SLA,18.11.2023 23:49,2.0,4.0,Ready to use Software,Tier 1,United Kingdom,55.378052,-3.435973,1
In progress,3605,Medium,Email,Pricing and licensing,1st line support,Kristos Westoll,15.11.2023 08:13,17.11.2023 08:13,15.11.2023 09:13,15.11.2023 09:57,SLA Violated,,SLA Violated,,1.0,,Other,Tier 1,Poland,52.536273,19.050639,0
Resolved,3606,Low,Email,Feature request,1st line support,Nicola Wane,15.11.2023 19:48,17.11.2023 19:48,15.11.2023 20:48,15.11.2023 19:56,Within SLA,17.11.2023 22:03,SLA Violated,,8.0,,Ready to use Software,Tier 1,Greece,39.368279,21.863141,0
Closed,3607,Medium,Chat,Other,1st line support,Bernard Beckley,15.11.2023 17:46,16.11.2023 17:46,15.11.2023 17:48,2023-11-15 17:47:24.066,Within SLA,2023-11-16 12:53:29.064,Within SLA,20.11.2023 16:54,5.0,5.0,Training and Consulting Services,Tier 1,United Kingdom,55.378052,-3.435973,1
Closed,3608,Low,Chat,Product setup,1st line support,Connor Danielovitch,16.11.2023 14:57,17.11.2023 14:57,16.11.2023 14:59,16.11.2023 14:59,Within SLA,19.11.2023 05:59,SLA Violated,2023-11-20 04:12:35.098,5.0,3.0,Ready to use Software,Tier 1,United Kingdom,55.378052,-3.435973,1
Closed,3609,Low,Email,Product setup,1st line support,Sheela Cutten,16.11.2023 02:43,18.11.2023 02:43,16.11.2023 03:43,16.11.2023 03:31,Within SLA,17.11.2023 18:07,Within SLA,18.11.2023 15:21,1.0,4.0,Ready to use Software,Tier 1,Greece,39.368279,21.863141,1
In progress,3610,Medium,Chat,Purchasing and invoicing,2nd line support,Adolpho Messingham,16.11.2023 12:28,17.11.2023 12:28,16.11.2023 12:30,16.11.2023 12:30,Within SLA,,SLA Violated,,8.0,,Ready to use Software,Tier 2,Germany,51.165691,10.451526,0
Closed,3611,High,Email,Pricing and licensing,1st line support,Nicola Wane,16.11.2023 05:59,18.11.2023 05:59,16.11.2023 06:59,2023-11-16 06:01:10.095,Within SLA,17.11.2023 05:49,Within SLA,18.11.2023 20:54,1.0,4.0,Custom software development,Tier 1,Germany,51.165691,10.451526,1
Closed,3612,Low,Chat,Pricing and licensing,1st line support,Nicola Wane,16.11.2023 16:11,17.11.2023 16:11,16.11.2023 16:13,16.11.2023 16:12,Within SLA,16.11.2023 19:28,Within SLA,23.11.2023 06:43,4.0,4.0,Training and Consulting Services,Tier 1,Poland,52.536273,19.050639,1
Resolved,3613,Low,Chat,Pricing and licensing,2nd line support,Michele Whyatt,16.11.2023 03:18,17.11.2023 03:18,16.11.2023 03:20,16.11.2023 03:19,Within SLA,2023-11-20 07:19:08.090,SLA Violated,,2.0,,Custom software development,Tier 2,Republic of Ireland,53.094024,-8.019675,0
Closed,3614,Low,Email,Product setup,2nd line support,Heather Urry,16.11.2023 00:09,18.11.2023 00:09,16.11.2023 01:09,16.11.2023 00:56,Within SLA,20.11.2023 17:00,SLA Violated,21.11.2023 04:11,10.0,2.0,Training and Consulting Services,Tier 2,Poland,52.536273,19.050639,1
In progress,3615,Low,Chat,Training request,1st line support,Connor Danielovitch,17.11.2023 21:49,18.11.2023 21:49,17.11.2023 21:51,17.11.2023 21:50,Within SLA,,SLA Violated,,6.0,,Training and Consulting Services,Tier 1,Bulgaria,42.7249925,25.4833039,0
In progress,3616,Low,Email,Feature request,1st line support,Nicola Wane,17.11.2023 05:21,19.11.2023 05:21,17.11.2023 06:21,17.11.2023 05:33,Within SLA,,SLA Violated,,2.0,,Ready to use Software,Tier 1,United Kingdom,55.378052,-3.435973,0
Resolved,3617,Medium,Email,Product setup,2nd line support,Adolpho Messingham,17.11.2023 07:52,19.11.2023 07:52,17.11.2023 08:52,17.11.2023 08:23,Within SLA,18.11.2023 06:09,Within SLA,,3.0,,Other,Tier 2,Slovenia,46.1491664,14.9860106,0
Closed,3618,Medium,Email,Feature request,1st line support,Kristos Westoll,17.11.2023 19:40,19.11.2023 19:40,17.11.2023 20:40,17.11.2023 19:55,Within SLA,19.11.2023 18:21,Within SLA,22.11.2023 14:00,3.0,5.0,Ready to use Software,Tier 1,France,48.864716,2.349014,1
Closed,3619,Medium,Email,Feature request,1st line support,Connor Danielovitch,17.11.2023 10:04,19.11.2023 10:04,17.11.2023 11:04,2023-11-17 10:22:14.087,Within SLA,20.11.2023 05:46,SLA Violated,21.11.2023 18:23,4.0,5.0,Custom software development,Tier 1,Czech Republic,49.8037633,15.4749126,1
Resolved,3620,Low,Email,Pricing and Licensing,1st line support,Sheela Cutten,17.11.2023 20:00,19.11.2023 20:00,17.11.2023 21:00,17.11.2023 20:39,Within SLA,18.11.2023 07:32,Within SLA,,6.0,,Custom software development,Tier 1,Czech Republic,49.8037633,15.4749126,0
Closed,3621,Low,Chat,Pricing and licensing,1st line support,Nicola Wane,17.11.2023 15:36,18.11.2023 15:36,17.11.2023 15:38,17.11.2023 15:36,Within SLA,18.11.2023 12:34,Within SLA,22.11.2023 11:59,5.0,3.0,Custom software development,Tier 1,Italy,43.036776,12.678565,1
Closed,3622,Low,Chat,Pricing and licensing,1st line support,Sheela Cutten,17.11.2023 10:27,18.11.2023 10:27,17.11.2023 10:29,17.11.2023 10:29,Within SLA,18.11.2023 01:21,Within SLA,20.11.2023 22:31,2.0,5.0,Other,Tier 1,Germany,51.165691,10.451526,1
Closed,3628,Low,Chat,Bug report,2nd line support,Michele Whyatt,18.11.2023 02:08,19.11.2023 02:08,18.11.2023 02:10,18.11.2023 02:09,Within SLA,18.11.2023 03:13,Within SLA,20.11.2023 22:53,60.0,1.0,Other,Tier 2,Spain,39.67337,-4.767726,1
Closed,3629,Low,Chat,Purchasing and invoicing,1st line support,Bernard Beckley,18.11.2023 11:16,19.11.2023 11:16,18.11.2023 11:18,18.11.2023 11:16,Within SLA,18.11.2023 13:07,Within SLA,19.11.2023 20:08,5.0,2.0,Other,Tier 1,United Kingdom,55.378052,-3.435973,1
Resolved,3630,Medium,Email,Purchasing and invoicing,1st line support,Kristos Westoll,18.11.2023 20:23,20.11.2023 20:23,18.11.2023 21:23,2023-11-18 20:41:39.069,Within SLA,19.11.2023 16:14,Within SLA,,6.0,,Ready to use Software,Tier 1,Slovenia,46.1491664,14.9860106,0
Resolved,3631,Low,Phone,Product setup,1st line support,Connor Danielovitch,19.11.2023 20:03,21.11.2023 20:03,19.11.2023 20:05,19.11.2023 20:04,Within SLA,20.11.2023 01:58,Within SLA,,4.0,,Ready to use Software,Tier 1,Spain,39.67337,-4.767726,0
Closed,3632,Low,Phone,Feature request,1st line support,Nicola Wane,19.11.2023 01:53,21.11.2023 01:53,19.11.2023 01:55,19.11.2023 01:54,Within SLA,20.11.2023 21:23,Within SLA,23.11.2023 13:50,1.0,4.0,Ready to use Software,Tier 1,Slovenia,46.1491664,14.9860106,1
Resolved,3633,Low,Email,Pricing and licensing,1st line support,Connor Danielovitch,19.11.2023 01:06,21.11.2023 01:06,19.11.2023 02:06,19.11.2023 01:26,Within SLA,21.11.2023 02:14,SLA Violated,,2.0,,Training and Consulting Services,Tier 1,Spain,39.67337,-4.767726,0
Resolved,3634,Low,Email,Feature request,1st line support,Sheela Cutten,19.11.2023 07:13,21.11.2023 07:13,19.11.2023 08:13,19.11.2023 08:02,Within SLA,24.11.2023 22:46,SLA Violated,,9.0,,Custom software development,Tier 1,Germany,51.165691,10.451526,0
Closed,3641,Low,Phone,Pricing and licensing,1st line support,Bernard Beckley,19.11.2023 08:01,21.11.2023 08:01,19.11.2023 08:03,19.11.2023 08:01,Within SLA,22.11.2023 22:07,SLA Violated,23.11.2023 18:41,7.0,2.0,Other,Tier 1,Italy,43.036776,12.678565,1
Closed,3642,Medium,Email,Purchasing and invoicing,1st line support,Nicola Wane,20.11.2023 21:50,22.11.2023 21:50,20.11.2023 22:50,20.11.2023 22:24,Within SLA,22.11.2023 01:22,Within SLA,22.11.2023 07:30,10.0,4.0,Other,Tier 1,Germany,51.165691,10.451526,1
Closed,3643,Low,Chat,Pricing and licensing,1st line support,Bernard Beckley,20.11.2023 15:38,21.11.2023 15:38,20.11.2023 15:40,2023-11-20 15:38:53.008,Within SLA,21.11.2023 13:26,Within SLA,23.11.2023 01:12,2.0,3.0,Other,Tier 1,Slovenia,46.1491664,14.9860106,1
In progress,3644,High,Phone,Product setup,1st line support,Bernard Beckley,20.11.2023 04:03,22.11.2023 04:03,20.11.2023 04:05,20.11.2023 04:04,Within SLA,,SLA Violated,,3.0,,Ready to use Software,Tier 1,Italy,43.036776,12.678565,0
Closed,3646,High,Email,Feature request,1st line support,Bernard Beckley,20.11.2023 08:48,22.11.2023 08:48,20.11.2023 09:48,20.11.2023 09:00,Within SLA,21.11.2023 23:28,Within SLA,22.11.2023 12:20,2.0,5.0,Custom software development,Tier 1,Slovenia,46.1491664,14.9860106,1
Closed,3647,Low,Email,Product setup,2nd line support,Michele Whyatt,20.11.2023 16:00,22.11.2023 16:00,20.11.2023 17:00,20.11.2023 16:16,Within SLA,22.11.2023 01:08,Within SLA,24.11.2023 21:10,3.0,4.0,Ready to use Software,Tier 2,Italy,43.036776,12.678565,1
Resolved,3648,High,Chat,Product setup,1st line support,Sheela Cutten,20.11.2023 06:00,21.11.2023 06:00,20.11.2023 06:02,20.11.2023 06:00,Within SLA,20.11.2023 10:33,Within SLA,,8.0,,Training and Consulting Services,Tier 1,Germany,51.165691,10.451526,0
In progress,3649,Medium,Email,Bug report,1st line support,Connor Danielovitch,20.11.2023 19:02,22.11.2023 19:02,20.11.2023 20:02,20.11.2023 19:07,Within SLA,,SLA Violated,,1.0,,Ready to use Software,Tier 1,France,48.864716,2.349014,0
Closed,3650,Medium,Email,Feature request,1st line support,Connor Danielovitch,21.11.2023 07:35,23.11.2023 07:35,21.11.2023 08:35,21.11.2023 07:43,Within SLA,23.11.2023 02:01,Within SLA,25.11.2023 13:08,3.0,5.0,Other,Tier 1,Germany,51.165691,10.451526,1
Closed,3651,Low,Email,Bug report,2nd line support,Heather Urry,21.11.2023 00:03,23.11.2023 00:03,21.11.2023 01:03,21.11.2023 00:54,Within SLA,21.11.2023 13:40,Within SLA,23.11.2023 13:13,10.0,4.0,Other,Tier 2,Republic of Ireland,53.094024,-8.019675,1
Closed,3652,Low,Chat,Feature request,1st line support,Kristos Westoll,21.11.2023 22:55,22.11.2023 22:55,21.11.2023 22:57,21.11.2023 22:57,Within SLA,26.11.2023 12:28,SLA Violated,28.11.2023 09:45,5.0,4.0,Custom software development,Tier 1,United Kingdom,55.378052,-3.435973,1
Closed,3653,Medium,Email,Pricing and licensing,1st line support,Sheela Cutten,21.11.2023 06:59,23.11.2023 06:59,21.11.2023 07:59,21.11.2023 06:59,Within SLA,21.11.2023 19:03,Within SLA,28.11.2023 16:21,2.0,5.0,Custom software development,Tier 1,Poland,52.536273,19.050639,1
Closed,3654,Medium,Chat,Feature request,2nd line support,Adolpho Messingham,21.11.2023 19:03,22.11.2023 19:03,21.11.2023 19:05,21.11.2023 19:08,SLA Violated,22.11.2023 02:22,Within SLA,25.11.2023 03:22,2.0,3.0,Ready to use Software,Tier 2,Bulgaria,42.7249925,25.4833039,1
Closed,3655,High,Email,Product setup,1st line support,Kristos Westoll,21.11.2023 23:09,23.11.2023 23:09,22.11.2023 00:09,21.11.2023 23:25,Within SLA,23.11.2023 20:08,Within SLA,26.11.2023 16:01,1.0,3.0,Ready to use Software,Tier 1,Italy,43.036776,12.678565,1
Closed,3656,Medium,Chat,Other,1st line support,Connor Danielovitch,21.11.2023 06:29,22.11.2023 06:29,21.11.2023 06:31,21.11.2023 06:30,Within SLA,23.11.2023 20:16,SLA Violated,24.11.2023 21:09,2.0,3.0,Other,Tier 1,Spain,39.67337,-4.767726,1
Closed,3657,High,Chat,Pricing and licensing,1st line support,Kristos Westoll,21.11.2023 15:47,22.11.2023 15:47,21.11.2023 15:49,21.11.2023 15:47,Within SLA,27.11.2023 00:27,SLA Violated,2023-11-28 10:29:28.038,6.0,4.0,Ready to use Software,Tier 1,Italy,43.036776,12.678565,1
Resolved,3658,Medium,Chat,Purchasing and invoicing,1st line support,Kristos Westoll,22.11.2023 09:08,23.11.2023 09:08,22.11.2023 09:10,22.11.2023 09:10,Within SLA,23.11.2023 09:27,SLA Violated,,5.0,,Custom software development,Tier 1,Austria,47.6964719,13.3457347,0
Resolved,3659,High,Chat,Pricing and licensing,2nd line support,Michele Whyatt,22.11.2023 04:35,23.11.2023 04:35,22.11.2023 04:37,22.11.2023 04:36,Within SLA,22.11.2023 19:39,Within SLA,,2.0,,Ready to use Software,Tier 2,Czech Republic,49.8037633,15.4749126,0
In progress,3660,Low,Email,Product setup,1st line support,Nicola Wane,22.11.2023 15:51,24.11.2023 15:51,22.11.2023 16:51,22.11.2023 16:32,Within SLA,,SLA Violated,,10.0,,Ready to use Software,Tier 1,Italy,43.036776,12.678565,0
Closed,3661,High,Chat,Feature request,2nd line support,Adolpho Messingham,22.11.2023 09:38,23.11.2023 09:38,22.11.2023 09:40,22.11.2023 09:42,SLA Violated,2023-11-23 03:16:37.056,Within SLA,24.11.2023 06:35,2.0,3.0,Custom software development,Tier 2,United Kingdom,55.378052,-3.435973,1
Closed,3662,High,Chat,Pricing and Licensing,1st line support,Bernard Beckley,22.11.2023 11:28,23.11.2023 11:28,22.11.2023 11:30,22.11.2023 11:29,Within SLA,22.11.2023 14:09,Within SLA,24.11.2023 20:15,6.0,3.0,Custom software development,Tier 1,Poland,52.536273,19.050639,1
Closed,3663,Low,Email,Pricing and Licensing,1st line support,Nicola Wane,22.11.2023 06:02,24.11.2023 06:02,22.11.2023 07:02,2023-11-22 10:44:09.060,SLA Violated,22.11.2023 23:17,Within SLA,25.11.2023 10:26,10.0,4.0,Custom software development,Tier 1,Poland,52.536273,19.050639,1
Closed,3664,Medium,Chat,Product setup,2nd line support,Adolpho Messingham,22.11.2023 23:44,23.11.2023 23:44,22.11.2023 23:46,22.11.2023 23:45,Within SLA,23.11.2023 13:28,Within SLA,25.11.2023 04:40,6.0,4.0,Ready to use Software,Tier 2,Poland,52.536273,19.050639,1
Resolved,3665,Low,Chat,Product setup,2nd line support,Heather Urry,22.11.2023 14:26,23.11.2023 14:26,22.11.2023 14:28,22.11.2023 14:28,Within SLA,25.11.2023 19:50,SLA Violated,,6.0,,Custom software development,Tier 2,Poland,52.536273,19.050639,0
In progress,3669,Low,Chat,Pricing and licensing,1st line support,Connor Danielovitch,23.11.2023 06:42,24.11.2023 06:42,23.11.2023 06:44,23.11.2023 06:43,Within SLA,,SLA Violated,,2.0,,Ready to use Software,Tier 1,Germany,51.165691,10.451526,0
Resolved,3670,Medium,Chat,Bug report,1st line support,Bernard Beckley,23.11.2023 19:35,24.11.2023 19:35,23.11.2023 19:37,23.11.2023 19:36,Within SLA,27.11.2023 08:54,SLA Violated,,5.0,,Custom software development,Tier 1,Italy,43.036776,12.678565,0
Resolved,3671,High,Chat,Pricing and licensing,1st line support,Bernard Beckley,23.11.2023 05:58,24.11.2023 05:58,23.11.2023 06:00,23.11.2023 05:58,Within SLA,23.11.2023 13:18,Within SLA,,5.0,,Ready to use Software,Tier 1,Poland,52.536273,19.050639,0
Resolved,3672,Low,Chat,Purchasing and invoicing,2nd line support,Michele Whyatt,23.11.2023 10:29,24.11.2023 10:29,23.11.2023 10:31,23.11.2023 10:30,Within SLA,23.11.2023 16:37,Within SLA,,8.0,,Training and Consulting Services,Tier 2,Czech Republic,49.8037633,15.4749126,0
Closed,3673,Medium,Email,Purchasing and invoicing,1st line support,Nicola Wane,23.11.2023 10:29,25.11.2023 10:29,23.11.2023 11:29,2023-11-23 11:27:40.011,Within SLA,26.11.2023 16:12,SLA Violated,27.11.2023 00:15,1.0,5.0,Ready to use Software,Tier 1,Greece,39.368279,21.863141,1
Resolved,3674,Low,Chat,Feature request,1st line support,Nicola Wane,24.11.2023 00:20,25.11.2023 00:20,24.11.2023 00:22,24.11.2023 00:21,Within SLA,25.11.2023 12:24,SLA Violated,,6.0,,Ready to use Software,Tier 1,France,48.864716,2.349014,0
Closed,3675,Low,Email,Other,1st line support,Bernard Beckley,24.11.2023 10:39,26.11.2023 10:39,24.11.2023 11:39,24.11.2023 10:43,Within SLA,2023-11-26 00:25:24.011,Within SLA,30.11.2023 20:17,9.0,2.0,Training and Consulting Services,Tier 1,Poland,52.536273,19.050639,1
Resolved,3677,High,Email,Product setup,2nd line support,Michele Whyatt,24.11.2023 01:46,26.11.2023 01:46,24.11.2023 02:46,24.11.2023 02:16,Within SLA,24.11.2023 09:10,Within SLA,,2.0,,Ready to use Software,Tier 2,Austria,47.6964719,13.3457347,0
Closed,3678,Medium,Email,Bug report,1st line support,Nicola Wane,24.11.2023 14:47,26.11.2023 14:47,24.11.2023 15:47,24.11.2023 15:34,Within SLA,24.11.2023 21:03,Within SLA,2023-11-29 08:36:39.053,2.0,3.0,Ready to use Software,Tier 1,Germany,51.165691,10.451526,1
Resolved,3679,Medium,Email,Training request,2nd line support,Heather Urry,24.11.2023 02:11,26.11.2023 02:11,24.11.2023 03:11,24.11.2023 02:12,Within SLA,29.11.2023 21:57,SLA Violated,,7.0,,Training and Consulting Services,Tier 2,Poland,52.536273,19.050639,0
Closed,3680,High,Email,Other,1st line support,Sheela Cutten,24.11.2023 23:36,26.11.2023 23:36,25.11.2023 00:36,25.11.2023 00:33,Within SLA,25.11.2023 05:02,Within SLA,28.11.2023 05:24,2.0,5.0,Training and Consulting Services,Tier 1,Italy,43.036776,12.678565,1
Closed,3681,Low,Email,Pricing and licensing,1st line support,Nicola Wane,24.11.2023 10:27,26.11.2023 10:27,24.11.2023 11:27,2023-11-24 11:07:17.003,Within SLA,2023-11-29 12:33:08.057,SLA Violated,2023-12-01 00:57:06.012,2.0,2.0,Custom software development,Tier 1,Germany,51.165691,10.451526,1
Closed,3682,Low,Phone,Feature request,1st line support,Bernard Beckley,24.11.2023 11:18,26.11.2023 11:18,24.11.2023 11:20,24.11.2023 11:22,SLA Violated,25.11.2023 02:11,Within SLA,27.11.2023 03:54,2.0,4.0,Custom software development,Tier 1,United Kingdom,55.378052,-3.435973,1
Resolved,3683,Low,Email,Pricing and licensing,1st line support,Kristos Westoll,24.11.2023 04:11,26.11.2023 04:11,24.11.2023 05:11,24.11.2023 04:33,Within SLA,25.11.2023 04:58,Within SLA,,1.0,,Ready to use Software,Tier 1,Republic of Ireland,53.094024,-8.019675,0
Closed,3684,Low,Chat,Product setup,2nd line support,Adolpho Messingham,24.11.2023 07:46,25.11.2023 07:46,24.11.2023 07:48,24.11.2023 07:46,Within SLA,24.11.2023 08:54,Within SLA,27.11.2023 02:32,6.0,4.0,Ready to use Software,Tier 2,Germany,51.165691,10.451526,1
Resolved,3685,Low,Chat,Product setup,1st line support,Kristos Westoll,24.11.2023 15:45,25.11.2023 15:45,24.11.2023 15:47,24.11.2023 15:47,SLA Violated,27.11.2023 02:18,SLA Violated,,5.0,,Ready to use Software,Tier 1,Italy,43.036776,12.678565,0
Closed,3686,Low,Chat,Bug report,1st line support,Kristos Westoll,25.11.2023 19:03,26.11.2023 19:03,25.11.2023 19:05,25.11.2023 19:03,Within SLA,25.11.2023 21:58,Within SLA,01.12.2023 08:17,2.0,4.0,Ready to use Software,Tier 1,Germany,51.165691,10.451526,1
Resolved,3693,High,Chat,Bug report,1st line support,Kristos Westoll,25.11.2023 11:16,26.11.2023 11:16,25.11.2023 11:18,25.11.2023 11:17,Within SLA,25.11.2023 23:40,Within SLA,,60.0,,Ready to use Software,Tier 1,Czech Republic,49.8037633,15.4749126,0
In progress,3695,Low,Chat,Feature request,1st line support,Nicola Wane,26.11.2023 16:49,27.11.2023 16:49,26.11.2023 16:51,26.11.2023 16:51,Within SLA,,SLA Violated,,6.0,,Ready to use Software,Tier 1,Poland,52.536273,19.050639,0
Closed,3696,Low,Chat,Product setup,2nd line support,Adolpho Messingham,26.11.2023 02:11,27.11.2023 02:11,26.11.2023 02:13,26.11.2023 02:13,Within SLA,26.11.2023 18:12,Within SLA,28.11.2023 14:04,2.0,5.0,Custom software development,Tier 2,Austria,47.6964719,13.3457347,1
Closed,3697,Medium,Email,Product setup,2nd line support,Michele Whyatt,27.11.2023 14:51,29.11.2023 14:51,27.11.2023 15:51,27.11.2023 14:56,Within SLA,28.11.2023 05:17,Within SLA,29.11.2023 15:18,1.0,1.0,Ready to use Software,Tier 2,France,48.864716,2.349014,1
Closed,3698,High,Email,Product setup,1st line support,Sheela Cutten,27.11.2023 09:25,29.11.2023 09:25,27.11.2023 10:25,27.11.2023 10:21,Within SLA,2023-11-29 15:47:20.091,SLA Violated,01.12.2023 14:43,4.0,4.0,Ready to use Software,Tier 1,Italy,43.036776,12.678565,1
Resolved,3699,Medium,Email,Bug report,2nd line support,Adolpho Messingham,27.11.2023 03:24,29.11.2023 03:24,27.11.2023 04:24,27.11.2023 04:22,Within SLA,30.11.2023 18:53,SLA Violated,,5.0,,Custom software development,Tier 2,United Kingdom,55.378052,-3.435973,0
In progress,3700,High,Chat,Feature request,1st line support,Bernard Beckley,27.11.2023 07:00,28.11.2023 07:00,27.11.2023 07:02,27.11.2023 07:05,SLA Violated,,SLA Violated,,6.0,,Custom software development,Tier 1,Italy,43.036776,12.678565,0
Closed,3701,High,Email,Purchasing and invoicing,1st line support,Nicola Wane,27.11.2023 14:41,29.11.2023 14:41,27.11.2023 15:41,27.11.2023 15:39,Within SLA,29.11.2023 11:08,Within SLA,02.12.2023 20:09,5.0,4.0,Custom software development,Tier 1,United Kingdom,55.378052,-3.435973,1
Closed,3703,Low,Email,Pricing and Licensing,1st line support,Nicola Wane,27.11.2023 20:44,29.11.2023 20:44,27.11.2023 21:44,27.11.2023 21:14,Within SLA,28.11.2023 13:17,Within SLA,04.12.2023 00:07,1.0,4.0,Custom software development,Tier 1,United Kingdom,55.378052,-3.435973,1
Resolved,3704,High,Chat,Product setup,2nd line support,Michele Whyatt,27.11.2023 06:31,28.11.2023 06:31,27.11.2023 06:33,27.11.2023 06:31,Within SLA,02.12.2023 05:33,SLA Violated,,2.0,,Ready to use Software,Tier 2,Italy,43.036776,12.678565,0
Closed,3705,Low,Chat,Purchasing and invoicing,1st line support,Sheela Cutten,27.11.2023 04:05,28.11.2023 04:05,27.11.2023 04:07,2023-11-27 04:06:21.057,Within SLA,28.11.2023 01:48,Within SLA,2023-11-29 11:11:56.076,6.0,2.0,Other,Tier 1,Poland,52.536273,19.050639,1
Closed,3706,Low,Email,Bug report,1st line support,Bernard Beckley,27.11.2023 01:35,29.11.2023 01:35,27.11.2023 02:35,27.11.2023 02:23,Within SLA,27.11.2023 04:07,Within SLA,01.12.2023 11:33,5.0,2.0,Training and Consulting Services,Tier 1,Germany,51.165691,10.451526,1
Resolved,3707,Low,Email,Product setup,1st line support,Sheela Cutten,28.11.2023 01:50,30.11.2023 01:50,28.11.2023 02:50,28.11.2023 02:26,Within SLA,03.12.2023 14:32,SLA Violated,,4.0,,Ready to use Software,Tier 1,Italy,43.036776,12.678565,0
Resolved,3708,Medium,Email,Purchasing and invoicing,2nd line support,Adolpho Messingham,28.11.2023 02:08,30.11.2023 02:08,28.11.2023 03:08,28.11.2023 02:43,Within SLA,28.11.2023 04:33,Within SLA,,1.0,,Custom software development,Tier 2,France,48.864716,2.349014,0
Closed,3709,Low,Email,Feature request,1st line support,Sheela Cutten,28.11.2023 10:37,30.11.2023 10:37,28.11.2023 11:37,28.11.2023 13:17,SLA Violated,03.12.2023 09:03,SLA Violated,03.12.2023 23:49,8.0,3.0,Other,Tier 1,Italy,43.036776,12.678565,1
In progress,3710,Low,Email,Product setup,1st line support,Sheela Cutten,28.11.2023 07:52,30.11.2023 07:52,28.11.2023 08:52,28.11.2023 08:30,Within SLA,,SLA Violated,,8.0,,Ready to use Software,Tier 1,Italy,43.036776,12.678565,0
Resolved,3711,Low,Email,Product setup,1st line support,Nicola Wane,28.11.2023 18:20,30.11.2023 18:20,28.11.2023 19:20,2023-11-28 18:59:12.063,Within SLA,29.11.2023 23:37,Within SLA,,8.0,,Ready to use Software,Tier 1,Slovenia,46.1491664,14.9860106,0
Closed,3712,High,Email,Feature request,2nd line support,Adolpho Messingham,29.11.2023 02:28,01.12.2023 02:28,29.11.2023 03:28,29.11.2023 02:34,Within SLA,29.11.2023 22:23,Within SLA,02.12.2023 13:11,2.0,1.0,Custom software development,Tier 2,Poland,52.536273,19.050639,1
In progress,3713,Low,Email,Bug report,1st line support,Connor Danielovitch,29.11.2023 15:15,01.12.2023 15:15,29.11.2023 16:15,29.11.2023 15:33,Within SLA,,SLA Violated,,10.0,,Ready to use Software,Tier 1,Greece,39.368279,21.863141,0
Closed,3715,Medium,Chat,Purchasing and invoicing,1st line support,Sheela Cutten,29.11.2023 04:46,30.11.2023 04:46,29.11.2023 04:48,29.11.2023 04:48,Within SLA,29.11.2023 20:39,Within SLA,01.12.2023 19:30,8.0,2.0,Other,Tier 1,Poland,52.536273,19.050639,1
In progress,3716,Low,Chat,Product setup,1st line support,Nicola Wane,29.11.2023 03:34,30.11.2023 03:34,29.11.2023 03:36,29.11.2023 03:34,Within SLA,,SLA Violated,,5.0,,Training and Consulting Services,Tier 1,France,48.864716,2.349014,0
Resolved,3717,Medium,Phone,Pricing and Licensing,1st line support,Sheela Cutten,29.11.2023 13:23,01.12.2023 13:23,29.11.2023 13:25,29.11.2023 13:24,Within SLA,2023-11-30 15:16:03.000,Within SLA,,1.0,,Custom software development,Tier 1,Germany,51.165691,10.451526,0
In progress,3718,Medium,Chat,Feature request,1st line support,Bernard Beckley,29.11.2023 11:04,30.11.2023 11:04,29.11.2023 11:06,29.11.2023 11:04,Within SLA,,SLA Violated,,60.0,,Custom software development,Tier 1,Italy,43.036776,12.678565,0
Closed,3719,Medium,Chat,Pricing and licensing,1st line support,Bernard Beckley,29.11.2023 02:12,30.11.2023 02:12,29.11.2023 02:14,29.11.2023 02:13,Within SLA,30.11.2023 19:10,SLA Violated,01.12.2023 14:41,8.0,4.0,Training and Consulting Services,Tier 1,Germany,51.165691,10.451526,1
Closed,3720,Medium,Phone,Feature request,1st line support,Connor Danielovitch,29.11.2023 03:46,01.12.2023 03:46,29.11.2023 03:48,29.11.2023 03:47,Within SLA,2023-11-30 00:57:54.009,Within SLA,2023-11-30 02:23:36.007,6.0,5.0,Ready to use Software,Tier 1,Poland,52.536273,19.050639,1
Closed,3721,High,Email,Pricing and licensing,1st line support,Connor Danielovitch,29.11.2023 00:31,01.12.2023 00:31,29.11.2023 01:31,29.11.2023 00:59,Within SLA,30.11.2023 06:00,Within SLA,2023-12-02 13:42:56.063,1.0,5.0,Ready to use Software,Tier 1,Bulgaria,42.7249925,25.4833039,1
Closed,3722,Low,Phone,Pricing and licensing,1st line support,Sheela Cutten,29.11.2023 12:46,01.12.2023 12:46,29.11.2023 12:48,29.11.2023 12:46,Within SLA,01.12.2023 09:30,Within SLA,04.12.2023 08:32,2.0,3.0,Other,Tier 1,Czech Republic,49.8037633,15.4749126,1
Closed,3723,Low,Email,Feature request,1st line support,Bernard Beckley,29.11.2023 20:07,01.12.2023 20:07,29.11.2023 21:07,29.11.2023 20:21,Within SLA,29.11.2023 21:45,Within SLA,03.12.2023 10:03,9.0,3.0,Custom software development,Tier 1,United Kingdom,55.378052,-3.435973,1
Resolved,3724,High,Email,Purchasing and invoicing,1st line support,Kristos Westoll,30.11.2023 07:39,02.12.2023 07:39,30.11.2023 08:39,30.11.2023 08:08,Within SLA,02.12.2023 09:19,SLA Violated,,2.0,,Custom software development,Tier 1,Greece,39.368279,21.863141,0
Closed,3725,Low,Phone,Pricing and licensing,1st line support,Bernard Beckley,30.11.2023 12:40,02.12.2023 12:40,30.11.2023 12:42,30.11.2023 12:41,Within SLA,04.12.2023 18:26,SLA Violated,05.12.2023 05:59,4.0,5.0,Ready to use Software,Tier 1,Germany,51.165691,10.451526,1
Closed,3726,Low,Email,Pricing and licensing,2nd line support,Adolpho Messingham,30.11.2023 08:39,02.12.2023 08:39,30.11.2023 09:39,30.11.2023 09:15,Within SLA,01.12.2023 11:13,Within SLA,02.12.2023 10:41,1.0,3.0,Ready to use Software,Tier 2,Poland,52.536273,19.050639,1
Resolved,3727,High,Chat,Feature request,1st line support,Sheela Cutten,30.11.2023 15:07,01.12.2023 15:07,30.11.2023 15:09,30.11.2023 15:08,Within SLA,01.12.2023 07:12,Within SLA,,5.0,,Ready to use Software,Tier 1,Greece,39.368279,21.863141,0
Resolved,3728,High,Email,Product setup,2nd line support,Heather Urry,30.11.2023 15:06,02.12.2023 15:06,30.11.2023 16:06,30.11.2023 16:01,Within SLA,02.12.2023 03:32,Within SLA,,7.0,,Custom software development,Tier 2,Austria,47.6964719,13.3457347,0
Closed,3729,Medium,Email,Bug report,1st line support,Sheela Cutten,30.11.2023 22:24,02.12.2023 22:24,30.11.2023 23:24,2023-11-30 23:03:37.064,Within SLA,01.12.2023 15:54,Within SLA,04.12.2023 02:37,1.0,2.0,Custom software development,Tier 1,Republic of Ireland,53.094024,-8.019675,1
Closed,3730,Low,Chat,Product setup,2nd line support,Adolpho Messingham,30.11.2023 01:16,01.12.2023 01:16,30.11.2023 01:18,30.11.2023 01:20,SLA Violated,02.12.2023 19:57,SLA Violated,03.12.2023 06:06,6.0,4.0,Custom software development,Tier 2,Italy,43.036776,12.678565,1
Closed,3731,Low,Phone,Feature request,1st line support,Connor Danielovitch,30.11.2023 13:33,02.12.2023 13:33,30.11.2023 13:35,30.11.2023 13:35,Within SLA,01.12.2023 17:06,Within SLA,04.12.2023 01:57,2.0,5.0,Ready to use Software,Tier 1,Czech Republic,49.8037633,15.4749126,1
Resolved,3732,Low,Email,Pricing and licensing,1st line support,Connor Danielovitch,30.11.2023 01:43,02.12.2023 01:43,30.11.2023 02:43,30.11.2023 02:01,Within SLA,01.12.2023 18:12,Within SLA,,2.0,,Ready to use Software,Tier 1,Germany,51.165691,10.451526,0
Closed,3733,High,Email,Pricing and licensing,1st line support,Bernard Beckley,30.11.2023 10:52,02.12.2023 10:52,30.11.2023 11:52,30.11.2023 11:08,Within SLA,01.12.2023 18:29,Within SLA,03.12.2023 15:48,7.0,4.0,Ready to use Software,Tier 1,Spain,39.67337,-4.767726,1
Closed,3734,Low,Email,Purchasing and invoicing,1st line support,Bernard Beckley,30.11.2023 11:14,02.12.2023 11:14,30.11.2023 12:14,30.11.2023 11:27,Within SLA,02.12.2023 10:47,Within SLA,06.12.2023 22:40,7.0,4.0,Training and Consulting Services,Tier 1,Poland,52.536273,19.050639,1
Closed,3735,Low,Chat,Bug report,1st line support,Nicola Wane,30.11.2023 15:41,01.12.2023 15:41,30.11.2023 15:43,30.11.2023 15:43,Within SLA,01.12.2023 09:22,Within SLA,04.12.2023 14:20,2.0,4.0,Custom software development,Tier 1,Italy,43.036776,12.678565,1
Closed,3736,Low,Chat,Product setup,1st line support,Nicola Wane,30.11.2023 12:36,01.12.2023 12:36,30.11.2023 12:38,2023-11-30 12:37:52.060,Within SLA,2023-12-02 08:29:03.081,SLA Violated,2023-12-03 11:50:48.097,2.0,1.0,Other,Tier 1,Italy,43.036776,12.678565,1
In progress,3737,Low,Email,Pricing and licensing,1st line support,Bernard Beckley,01.12.2023 04:12,03.12.2023 04:12,01.12.2023 05:12,01.12.2023 05:11,Within SLA,,SLA Violated,,10.0,,Custom software development,Tier 1,United Kingdom,55.378052,-3.435973,0
In progress,3738,Low,Email,Other,1st line support,Nicola Wane,01.12.2023 10:27,03.12.2023 10:27,01.12.2023 11:27,01.12.2023 11:06,Within SLA,,SLA Violated,,5.0,,Custom software development,Tier 1,Greece,39.368279,21.863141,0
Closed,3739,Medium,Email,Purchasing and invoicing,2nd line support,Heather Urry,01.12.2023 06:10,03.12.2023 06:10,01.12.2023 07:10,01.12.2023 06:50,Within SLA,02.12.2023 11:33,Within SLA,02.12.2023 15:24,5.0,4.0,Ready to use Software,Tier 2,Bulgaria,42.7249925,25.4833039,1
Open,3740,High,Chat,Product setup,2nd line support,Adolpho Messingham,01.12.2023 05:04,02.12.2023 05:04,01.12.2023 05:06,,SLA Violated,,SLA Violated,,,,Training and Consulting Services,Tier 2,Austria,47.6964719,13.3457347,0
Open,3741,Low,Chat,Pricing and licensing,1st line support,Bernard Beckley,01.12.2023 22:07,02.12.2023 22:07,01.12.2023 22:09,,SLA Violated,,SLA Violated,,,,Ready to use Software,Tier 1,Austria,47.6964719,13.3457347,0
Closed,3742,Medium,Email,Product setup,1st line support,Kristos Westoll,01.12.2023 08:23,03.12.2023 08:23,01.12.2023 09:23,01.12.2023 09:09,Within SLA,02.12.2023 20:56,Within SLA,03.12.2023 12:45,1.0,3.0,Ready to use Software,Tier 1,Austria,47.6964719,13.3457347,1
In progress,3743,Medium,Chat,Product setup,2nd line support,Michele Whyatt,01.12.2023 22:43,02.12.2023 22:43,01.12.2023 22:45,01.12.2023 22:48,SLA Violated,,SLA Violated,,6.0,,Ready to use Software,Tier 2,Poland,52.536273,19.050639,0
Closed,3744,High,Chat,Feature request,2nd line support,Adolpho Messingham,02.12.2023 03:13,03.12.2023 03:13,02.12.2023 03:15,02.12.2023 03:14,Within SLA,02.12.2023 21:38,Within SLA,03.12.2023 13:34,7.0,5.0,Ready to use Software,Tier 2,Austria,47.6964719,13.3457347,1
Closed,3745,Low,Email,Feature request,1st line support,Nicola Wane,02.12.2023 03:47,04.12.2023 03:47,02.12.2023 04:47,02.12.2023 03:56,Within SLA,2023-12-08 01:00:06.059,SLA Violated,08.12.2023 03:15,3.0,4.0,Ready to use Software,Tier 1,Spain,39.67337,-4.767726,1
Closed,3746,High,Email,Bug report,1st line support,Nicola Wane,02.12.2023 17:40,04.12.2023 17:40,02.12.2023 18:40,02.12.2023 18:34,Within SLA,03.12.2023 17:42,Within SLA,04.12.2023 17:56,1.0,2.0,Custom software development,Tier 1,Republic of Ireland,53.094024,-8.019675,1
Closed,3752,Low,Email,Purchasing and invoicing,1st line support,Nicola Wane,02.12.2023 15:47,04.12.2023 15:47,02.12.2023 16:47,02.12.2023 18:53,SLA Violated,02.12.2023 20:31,Within SLA,05.12.2023 02:36,5.0,4.0,Ready to use Software,Tier 1,Greece,39.368279,21.863141,1
Resolved,3753,Low,Chat,Pricing and licensing,2nd line support,Michele Whyatt,02.12.2023 01:33,03.12.2023 01:33,02.12.2023 01:35,02.12.2023 01:34,Within SLA,03.12.2023 08:36,SLA Violated,,2.0,,Ready to use Software,Tier 2,Bulgaria,42.7249925,25.4833039,0
In progress,3755,Medium,Chat,Product setup,1st line support,Sheela Cutten,03.12.2023 07:41,04.12.2023 07:41,03.12.2023 07:43,03.12.2023 07:43,Within SLA,,SLA Violated,,2.0,,Custom software development,Tier 1,Italy,43.036776,12.678565,0
Closed,3756,Low,Email,Pricing and licensing,1st line support,Sheela Cutten,03.12.2023 23:02,05.12.2023 23:02,04.12.2023 00:02,03.12.2023 23:42,Within SLA,2023-12-04 13:52:26.029,Within SLA,05.12.2023 10:43,1.0,4.0,Training and Consulting Services,Tier 1,Germany,51.165691,10.451526,1
Closed,3757,High,Chat,Pricing and licensing,1st line support,Sheela Cutten,03.12.2023 09:36,04.12.2023 09:36,03.12.2023 09:38,03.12.2023 09:37,Within SLA,04.12.2023 08:43,Within SLA,04.12.2023 03:06,6.0,4.0,Ready to use Software,Tier 1,France,48.864716,2.349014,1
Closed,3758,Low,Chat,Training request,1st line support,Nicola Wane,03.12.2023 12:13,04.12.2023 12:13,03.12.2023 12:15,03.12.2023 12:13,Within SLA,04.12.2023 11:00,Within SLA,04.12.2023 03:25,7.0,1.0,Training and Consulting Services,Tier 1,Czech Republic,49.8037633,15.4749126,1
Resolved,3759,Low,Chat,Feature request,1st line support,Nicola Wane,03.12.2023 16:40,04.12.2023 16:40,03.12.2023 16:42,03.12.2023 16:41,Within SLA,05.12.2023 19:04,SLA Violated,,6.0,,Ready to use Software,Tier 1,Italy,43.036776,12.678565,0
Closed,3760,Medium,Email,Pricing and licensing,1st line support,Nicola Wane,03.12.2023 08:41,05.12.2023 08:41,03.12.2023 09:41,03.12.2023 08:51,Within SLA,05.12.2023 22:34,SLA Violated,2023-12-07 16:10:38.006,6.0,4.0,Custom software development,Tier 1,Italy,43.036776,12.678565,1
Closed,3762,Low,Chat,Product setup,1st line support,Connor Danielovitch,04.12.2023 03:02,05.12.2023 03:02,04.12.2023 03:04,04.12.2023 03:03,Within SLA,2023-12-04 23:07:50.021,Within SLA,04.12.2023 07:42,8.0,5.0,Custom software development,Tier 1,Poland,52.536273,19.050639,1
Resolved,3763,High,Email,Product setup,1st line support,Nicola Wane,04.12.2023 14:53,06.12.2023 14:53,04.12.2023 15:53,04.12.2023 15:11,Within SLA,06.12.2023 06:14,Within SLA,,8.0,,Ready to use Software,Tier 1,Germany,51.165691,10.451526,0
Closed,3765,Low,Email,Feature request,1st line support,Connor Danielovitch,04.12.2023 04:44,06.12.2023 04:44,04.12.2023 05:44,04.12.2023 04:58,Within SLA,05.12.2023 06:40,Within SLA,05.12.2023 19:56,1.0,3.0,Ready to use Software,Tier 1,Poland,52.536273,19.050639,1
Closed,3766,Low,Email,Pricing and licensing,1st line support,Bernard Beckley,04.12.2023 17:21,06.12.2023 17:21,04.12.2023 18:21,04.12.2023 18:05,Within SLA,06.12.2023 01:58,Within SLA,2023-12-07 17:57:35.043,2.0,5.0,Custom software development,Tier 1,Republic of Ireland,53.094024,-8.019675,1
Closed,3767,High,Chat,Pricing and licensing,1st line support,Nicola Wane,04.12.2023 20:25,05.12.2023 20:25,04.12.2023 20:27,04.12.2023 20:30,SLA Violated,04.12.2023 20:47,Within SLA,05.12.2023 08:44,5.0,1.0,Training and Consulting Services,Tier 1,Austria,47.6964719,13.3457347,1
Closed,3770,Medium,Email,Purchasing and invoicing,1st line support,Kristos Westoll,04.12.2023 18:47,06.12.2023 18:47,04.12.2023 19:47,04.12.2023 19:45,Within SLA,07.12.2023 21:46,SLA Violated,2023-12-08 01:51:55.046,3.0,4.0,Other,Tier 1,France,48.864716,2.349014,1
In progress,3771,Low,Chat,Other,1st line support,Kristos Westoll,04.12.2023 04:19,05.12.2023 04:19,04.12.2023 04:21,04.12.2023 04:19,Within SLA,,SLA Violated,,5.0,,Ready to use Software,Tier 1,France,48.864716,2.349014,0
Closed,3772,Low,Email,Pricing and licensing,1st line support,Connor Danielovitch,04.12.2023 07:48,06.12.2023 07:48,04.12.2023 08:48,04.12.2023 08:14,Within SLA,04.12.2023 21:30,Within SLA,06.12.2023 19:47,1.0,5.0,Custom software development,Tier 1,United Kingdom,55.378052,-3.435973,1
Closed,3773,Low,Email,Bug report,1st line support,Nicola Wane,05.12.2023 09:29,07.12.2023 09:29,05.12.2023 10:29,05.12.2023 09:35,Within SLA,06.12.2023 06:39,Within SLA,08.12.2023 03:37,4.0,1.0,Ready to use Software,Tier 1,Greece,39.368279,21.863141,1
Closed,3774,High,Chat,Product setup,1st line support,Connor Danielovitch,05.12.2023 20:35,06.12.2023 20:35,05.12.2023 20:37,05.12.2023 20:40,SLA Violated,06.12.2023 14:08,Within SLA,10.12.2023 12:52,8.0,5.0,Custom software development,Tier 1,Bulgaria,42.7249925,25.4833039,1
Closed,3775,Medium,Chat,Product setup,2nd line support,Adolpho Messingham,05.12.2023 17:34,06.12.2023 17:34,05.12.2023 17:36,05.12.2023 17:34,Within SLA,06.12.2023 15:53,Within SLA,06.12.2023 23:33,6.0,5.0,Ready to use Software,Tier 2,Italy,43.036776,12.678565,1
Resolved,3776,Low,Chat,Product setup,1st line support,Nicola Wane,05.12.2023 02:07,06.12.2023 02:07,05.12.2023 02:09,05.12.2023 02:08,Within SLA,10.12.2023 05:19,SLA Violated,,7.0,,Custom software development,Tier 1,United Kingdom,55.378052,-3.435973,0
Closed,3777,Medium,Email,Bug report,1st line support,Connor Danielovitch,05.12.2023 16:10,07.12.2023 16:10,05.12.2023 17:10,05.12.2023 16:28,Within SLA,05.12.2023 23:40,Within SLA,09.12.2023 03:38,1.0,5.0,Ready to use Software,Tier 1,Poland,52.536273,19.050639,1
Closed,3778,Low,Chat,Bug report,1st line support,Nicola Wane,05.12.2023 17:19,06.12.2023 17:19,05.12.2023 17:21,05.12.2023 17:19,Within SLA,06.12.2023 07:59,Within SLA,09.12.2023 22:49,2.0,5.0,Training and Consulting Services,Tier 1,Slovenia,46.1491664,14.9860106,1
Closed,3779,Medium,Email,Product setup,1st line support,Connor Danielovitch,05.12.2023 03:25,07.12.2023 03:25,05.12.2023 04:25,05.12.2023 03:38,Within SLA,05.12.2023 18:25,Within SLA,06.12.2023 22:42,6.0,5.0,Other,Tier 1,Italy,43.036776,12.678565,1
Closed,3780,Low,Chat,Feature request,1st line support,Bernard Beckley,05.12.2023 16:52,06.12.2023 16:52,05.12.2023 16:54,05.12.2023 16:56,SLA Violated,09.12.2023 01:05,SLA Violated,10.12.2023 12:33,6.0,4.0,Ready to use Software,Tier 1,Germany,51.165691,10.451526,1
In progress,3781,Low,Email,Product setup,1st line support,Kristos Westoll,05.12.2023 09:49,07.12.2023 09:49,05.12.2023 10:49,2023-12-05 10:21:40.058,Within SLA,,SLA Violated,,1.0,,Other,Tier 1,Italy,43.036776,12.678565,0
Closed,3782,Medium,Email,Pricing and licensing,2nd line support,Michele Whyatt,06.12.2023 07:16,08.12.2023 07:16,06.12.2023 08:16,06.12.2023 08:13,Within SLA,06.12.2023 09:29,Within SLA,08.12.2023 12:38,2.0,2.0,Custom software development,Tier 2,Czech Republic,49.8037633,15.4749126,1
Closed,3783,Low,Chat,Purchasing and invoicing,1st line support,Kristos Westoll,06.12.2023 00:28,07.12.2023 00:28,06.12.2023 00:30,06.12.2023 00:29,Within SLA,06.12.2023 13:55,Within SLA,11.12.2023 16:25,6.0,5.0,Custom software development,Tier 1,Italy,43.036776,12.678565,1
Closed,3784,Low,Chat,Pricing and licensing,1st line support,Sheela Cutten,06.12.2023 21:29,07.12.2023 21:29,06.12.2023 21:31,06.12.2023 21:29,Within SLA,12.12.2023 19:04,SLA Violated,14.12.2023 06:10,6.0,4.0,Training and Consulting Services,Tier 1,Germany,51.165691,10.451526,1
Closed,3785,Low,Email,Product setup,1st line support,Sheela Cutten,06.12.2023 13:58,08.12.2023 13:58,06.12.2023 14:58,06.12.2023 14:24,Within SLA,12.12.2023 00:26,SLA Violated,12.12.2023 05:41,1.0,3.0,Ready to use Software,Tier 1,Germany,51.165691,10.451526,1
Resolved,3786,Medium,Email,Bug report,1st line support,Sheela Cutten,06.12.2023 09:54,08.12.2023 09:54,06.12.2023 10:54,2023-12-06 10:51:23.070,Within SLA,07.12.2023 22:10,Within SLA,,8.0,,Ready to use Software,Tier 1,Poland,52.536273,19.050639,0
Open,3787,Medium,Email,Purchasing and invoicing,1st line support,Nicola Wane,06.12.2023 03:52,08.12.2023 03:52,06.12.2023 04:52,,SLA Violated,,SLA Violated,,,,Custom software development,Tier 1,Poland,52.536273,19.050639,0
Closed,3788,Medium,Email,Product setup,1st line support,Sheela Cutten,06.12.2023 17:56,08.12.2023 17:56,06.12.2023 18:56,06.12.2023 18:32,Within SLA,2023-12-07 22:24:48.016,Within SLA,10.12.2023 18:35,1.0,4.0,Custom software development,Tier 1,Poland,52.536273,19.050639,1
Resolved,3789,Low,Chat,Feature request,1st line support,Connor Danielovitch,07.12.2023 18:49,08.12.2023 18:49,07.12.2023 18:51,07.12.2023 18:50,Within SLA,08.12.2023 04:22,Within SLA,,2.0,,Ready to use Software,Tier 1,United Kingdom,55.378052,-3.435973,0
Closed,3790,Medium,Chat,Feature request,1st line support,Connor Danielovitch,07.12.2023 22:00,08.12.2023 22:00,07.12.2023 22:02,2023-12-07 22:02:03.021,Within SLA,09.12.2023 15:19,SLA Violated,10.12.2023 23:17,6.0,3.0,Other,Tier 1,Bulgaria,42.7249925,25.4833039,1
In progress,3791,High,Email,Pricing and licensing,1st line support,Sheela Cutten,07.12.2023 02:56,09.12.2023 02:56,07.12.2023 03:56,07.12.2023 03:43,Within SLA,,SLA Violated,,1.0,,Ready to use Software,Tier 1,Austria,47.6964719,13.3457347,0
Closed,3792,Medium,Email,Bug report,1st line support,Bernard Beckley,07.12.2023 03:27,09.12.2023 03:27,07.12.2023 04:27,07.12.2023 04:11,Within SLA,2023-12-07 06:57:33.099,Within SLA,09.12.2023 17:28,2.0,4.0,Training and Consulting Services,Tier 1,United Kingdom,55.378052,-3.435973,1
Open,3793,Low,Chat,Product setup,1st line support,Sheela Cutten,07.12.2023 20:45,08.12.2023 20:45,07.12.2023 20:47,,SLA Violated,,SLA Violated,,,,Other,Tier 1,Bulgaria,42.7249925,25.4833039,0
Resolved,3794,Low,Email,Pricing and licensing,1st line support,Nicola Wane,07.12.2023 01:47,09.12.2023 01:47,07.12.2023 02:47,07.12.2023 03:53,SLA Violated,2023-12-10 12:04:48.024,SLA Violated,,2.0,,Training and Consulting Services,Tier 1,Greece,39.368279,21.863141,0
Closed,3795,Medium,Chat,Pricing and licensing,1st line support,Bernard Beckley,07.12.2023 22:35,08.12.2023 22:35,07.12.2023 22:37,07.12.2023 22:36,Within SLA,08.12.2023 20:04,Within SLA,13.12.2023 01:34,2.0,2.0,Other,Tier 1,France,48.864716,2.349014,1
Closed,3797,Low,Email,Pricing and licensing,1st line support,Connor Danielovitch,07.12.2023 01:02,09.12.2023 01:02,07.12.2023 02:02,07.12.2023 01:38,Within SLA,07.12.2023 18:03,Within SLA,09.12.2023 00:41,6.0,5.0,Other,Tier 1,Poland,52.536273,19.050639,1
Closed,3798,Low,Email,Purchasing and invoicing,1st line support,Nicola Wane,08.12.2023 19:29,10.12.2023 19:29,08.12.2023 20:29,08.12.2023 20:24,Within SLA,08.12.2023 20:58,Within SLA,11.12.2023 11:43,3.0,4.0,Other,Tier 1,Italy,43.036776,12.678565,1
Resolved,3799,Medium,Chat,Purchasing and invoicing,1st line support,Bernard Beckley,08.12.2023 22:29,09.12.2023 22:29,08.12.2023 22:31,08.12.2023 22:29,Within SLA,13.12.2023 18:47,SLA Violated,,5.0,,Ready to use Software,Tier 1,Italy,43.036776,12.678565,0
Closed,3801,Medium,Email,Pricing and licensing,2nd line support,Adolpho Messingham,08.12.2023 21:05,10.12.2023 21:05,08.12.2023 22:05,08.12.2023 21:51,Within SLA,09.12.2023 16:13,Within SLA,10.12.2023 12:38,1.0,5.0,Ready to use Software,Tier 2,Spain,39.67337,-4.767726,1
Closed,3802,Low,Chat,Product setup,1st line support,Kristos Westoll,08.12.2023 15:21,09.12.2023 15:21,08.12.2023 15:23,08.12.2023 15:23,Within SLA,09.12.2023 04:56,Within SLA,14.12.2023 00:13,2.0,1.0,Custom software development,Tier 1,United Kingdom,55.378052,-3.435973,1
Closed,3803,Low,Email,Pricing and licensing,2nd line support,Michele Whyatt,08.12.2023 11:28,10.12.2023 11:28,08.12.2023 12:28,08.12.2023 12:19,Within SLA,09.12.2023 07:19,Within SLA,11.12.2023 07:23,3.0,4.0,Ready to use Software,Tier 2,Czech Republic,49.8037633,15.4749126,1
Closed,3804,Low,Email,Pricing and licensing,1st line support,Bernard Beckley,08.12.2023 16:08,10.12.2023 16:08,08.12.2023 17:08,08.12.2023 16:16,Within SLA,2023-12-10 15:17:11.027,Within SLA,11.12.2023 10:59,1.0,2.0,Custom software development,Tier 1,Republic of Ireland,53.094024,-8.019675,1
Closed,3805,Low,Email,Product setup,2nd line support,Michele Whyatt,08.12.2023 10:42,10.12.2023 10:42,08.12.2023 11:42,08.12.2023 10:57,Within SLA,08.12.2023 13:25,Within SLA,16.12.2023 04:29,2.0,4.0,Ready to use Software,Tier 2,Poland,52.536273,19.050639,1
Closed,3806,Low,Phone,Product setup,2nd line support,Adolpho Messingham,08.12.2023 13:42,10.12.2023 13:42,08.12.2023 13:44,2023-12-08 13:43:25.069,Within SLA,09.12.2023 05:45,Within SLA,13.12.2023 15:43,4.0,4.0,Ready to use Software,Tier 2,United Kingdom,55.378052,-3.435973,1
Closed,3812,Medium,Chat,Pricing and licensing,1st line support,Bernard Beckley,09.12.2023 18:12,10.12.2023 18:12,09.12.2023 18:14,09.12.2023 18:13,Within SLA,10.12.2023 13:56,Within SLA,2023-12-13 08:49:25.059,8.0,4.0,Ready to use Software,Tier 1,Greece,39.368279,21.863141,1
Closed,3813,Medium,Email,Purchasing and invoicing,1st line support,Bernard Beckley,09.12.2023 02:41,11.12.2023 02:41,09.12.2023 03:41,09.12.2023 03:11,Within SLA,12.12.2023 17:44,SLA Violated,14.12.2023 01:17,1.0,3.0,Training and Consulting Services,Tier 1,Germany,51.165691,10.451526,1
Closed,3814,Medium,Email,Training request,1st line support,Nicola Wane,09.12.2023 09:47,11.12.2023 09:47,09.12.2023 10:47,09.12.2023 10:08,Within SLA,10.12.2023 15:18,Within SLA,11.12.2023 15:50,3.0,3.0,Training and Consulting Services,Tier 1,Germany,51.165691,10.451526,1
Closed,3815,Low,Chat,Other,2nd line support,Adolpho Messingham,09.12.2023 09:30,10.12.2023 09:30,09.12.2023 09:32,09.12.2023 09:30,Within SLA,10.12.2023 09:02,Within SLA,14.12.2023 17:41,2.0,5.0,Training and Consulting Services,Tier 2,Poland,52.536273,19.050639,1
Resolved,3816,High,Phone,Other,1st line support,Connor Danielovitch,09.12.2023 20:53,11.12.2023 20:53,09.12.2023 20:55,09.12.2023 20:54,Within SLA,11.12.2023 13:25,Within SLA,,1.0,,Ready to use Software,Tier 1,Slovenia,46.1491664,14.9860106,0
Closed,3817,Low,Chat,Feature request,1st line support,Sheela Cutten,10.12.2023 00:08,11.12.2023 00:08,10.12.2023 00:10,10.12.2023 00:08,Within SLA,10.12.2023 04:41,Within SLA,16.12.2023 21:39,2.0,4.0,Custom software development,Tier 1,United Kingdom,55.378052,-3.435973,1
Open,3818,Low,Chat,Pricing and licensing,1st line support,Sheela Cutten,10.12.2023 22:40,11.12.2023 22:40,10.12.2023 22:42,,SLA Violated,,SLA Violated,,,,Custom software development,Tier 1,Italy,43.036776,12.678565,0
Closed,3819,Low,Email,Training request,2nd line support,Heather Urry,10.12.2023 17:29,12.12.2023 17:29,10.12.2023 18:29,10.12.2023 17:40,Within SLA,13.12.2023 07:23,SLA Violated,14.12.2023 13:06,6.0,5.0,Training and Consulting Services,Tier 2,Italy,43.036776,12.678565,1
Closed,3820,Medium,Email,Other,2nd line support,Adolpho Messingham,10.12.2023 20:12,12.12.2023 20:12,10.12.2023 21:12,2023-12-11 00:25:40.025,SLA Violated,15.12.2023 01:23,SLA Violated,16.12.2023 13:00,3.0,5.0,Training and Consulting Services,Tier 2,Czech Republic,49.8037633,15.4749126,1
Closed,3821,Low,Chat,Feature request,2nd line support,Heather Urry,10.12.2023 19:12,11.12.2023 19:12,10.12.2023 19:14,10.12.2023 19:13,Within SLA,12.12.2023 09:36,SLA Violated,12.12.2023 23:50,6.0,2.0,Custom software development,Tier 2,Greece,39.368279,21.863141,1
In progress,3822,Low,Email,Product setup,1st line support,Bernard Beckley,10.12.2023 15:47,12.12.2023 15:47,10.12.2023 16:47,10.12.2023 16:27,Within SLA,,SLA Violated,,3.0,,Ready to use Software,Tier 1,Poland,52.536273,19.050639,0
Closed,3828,Low,Email,Product setup,2nd line support,Adolpho Messingham,11.12.2023 06:10,13.12.2023 06:10,11.12.2023 07:10,11.12.2023 07:10,Within SLA,15.12.2023 19:12,SLA Violated,16.12.2023 16:42,2.0,5.0,Ready to use Software,Tier 2,Czech Republic,49.8037633,15.4749126,1
In progress,3829,Low,Email,Product setup,1st line support,Connor Danielovitch,11.12.2023 22:06,13.12.2023 22:06,11.12.2023 23:06,11.12.2023 22:08,Within SLA,,SLA Violated,,8.0,,Other,Tier 1,United Kingdom,55.378052,-3.435973,0
Open,3830,Low,Email,Feature request,1st line support,Kristos Westoll,11.12.2023 01:00,13.12.2023 01:00,11.12.2023 02:00,,SLA Violated,,SLA Violated,,,,Custom software development,Tier 1,Republic of Ireland,53.094024,-8.019675,0
Resolved,3831,Low,Chat,Purchasing and invoicing,1st line support,Connor Danielovitch,11.12.2023 07:52,12.12.2023 07:52,11.12.2023 07:54,11.12.2023 07:53,Within SLA,11.12.2023 16:46,Within SLA,,6.0,,Custom software development,Tier 1,Spain,39.67337,-4.767726,0
Closed,3832,Medium,Phone,Product setup,1st line support,Sheela Cutten,11.12.2023 01:16,13.12.2023 01:16,11.12.2023 01:18,11.12.2023 01:17,Within SLA,11.12.2023 20:26,Within SLA,2023-12-14 13:50:50.028,4.0,2.0,Custom software development,Tier 1,Germany,51.165691,10.451526,1
Closed,3833,High,Email,Feature request,2nd line support,Adolpho Messingham,11.12.2023 19:50,13.12.2023 19:50,11.12.2023 20:50,11.12.2023 20:43,Within SLA,12.12.2023 17:39,Within SLA,15.12.2023 08:36,5.0,4.0,Custom software development,Tier 2,Slovenia,46.1491664,14.9860106,1
Closed,3834,Medium,Email,Feature request,1st line support,Bernard Beckley,11.12.2023 04:32,13.12.2023 04:32,11.12.2023 05:32,11.12.2023 05:25,Within SLA,11.12.2023 14:24,Within SLA,18.12.2023 04:09,5.0,2.0,Ready to use Software,Tier 1,United Kingdom,55.378052,-3.435973,1
In progress,3835,Low,Chat,Other,1st line support,Connor Danielovitch,11.12.2023 14:58,12.12.2023 14:58,11.12.2023 15:00,11.12.2023 14:58,Within SLA,,SLA Violated,,4.0,,Other,Tier 1,Germany,51.165691,10.451526,0
Closed,3837,Low,Email,Pricing and licensing,1st line support,Bernard Beckley,12.12.2023 06:24,14.12.2023 06:24,12.12.2023 07:24,12.12.2023 07:09,Within SLA,13.12.2023 21:39,Within SLA,14.12.2023 02:37,3.0,3.0,Training and Consulting Services,Tier 1,France,48.864716,2.349014,1
Resolved,3838,Medium,Chat,Feature request,2nd line support,Michele Whyatt,12.12.2023 15:38,13.12.2023 15:38,12.12.2023 15:40,12.12.2023 15:39,Within SLA,14.12.2023 22:10,SLA Violated,,7.0,,Ready to use Software,Tier 2,Greece,39.368279,21.863141,0
Resolved,3839,Low,Email,Bug report,1st line support,Sheela Cutten,12.12.2023 08:40,14.12.2023 08:40,12.12.2023 09:40,12.12.2023 08:42,Within SLA,13.12.2023 05:40,Within SLA,,10.0,,Ready to use Software,Tier 1,Slovenia,46.1491664,14.9860106,0
Closed,3840,Medium,Chat,Product setup,1st line support,Bernard Beckley,12.12.2023 18:31,13.12.2023 18:31,12.12.2023 18:33,12.12.2023 18:32,Within SLA,13.12.2023 07:55,Within SLA,19.12.2023 02:18,4.0,5.0,Ready to use Software,Tier 1,France,48.864716,2.349014,1
Closed,3841,Low,Email,Product setup,1st line support,Kristos Westoll,12.12.2023 06:13,14.12.2023 06:13,12.12.2023 07:13,12.12.2023 06:27,Within SLA,14.12.2023 04:53,Within SLA,13.12.2023 08:00,8.0,4.0,Ready to use Software,Tier 1,Austria,47.6964719,13.3457347,1
Resolved,3842,Low,Chat,Product setup,1st line support,Bernard Beckley,12.12.2023 00:10,13.12.2023 00:10,12.12.2023 00:12,12.12.2023 00:10,Within SLA,12.12.2023 10:23,Within SLA,,9.0,,Custom software development,Tier 1,Republic of Ireland,53.094024,-8.019675,0
Closed,3843,Medium,Email,Purchasing and invoicing,2nd line support,Adolpho Messingham,13.12.2023 08:49,15.12.2023 08:49,13.12.2023 09:49,13.12.2023 09:04,Within SLA,16.12.2023 10:56,SLA Violated,17.12.2023 23:28,2.0,4.0,Custom software development,Tier 2,Germany,51.165691,10.451526,1
Closed,3844,High,Email,Product setup,1st line support,Kristos Westoll,13.12.2023 19:06,15.12.2023 19:06,13.12.2023 20:06,13.12.2023 19:53,Within SLA,15.12.2023 02:17,Within SLA,16.12.2023 19:01,6.0,2.0,Ready to use Software,Tier 1,Germany,51.165691,10.451526,1
Closed,3845,Medium,Email,Feature request,1st line support,Sheela Cutten,13.12.2023 18:00,15.12.2023 18:00,13.12.2023 19:00,13.12.2023 18:23,Within SLA,14.12.2023 09:10,Within SLA,15.12.2023 00:52,1.0,5.0,Ready to use Software,Tier 1,Italy,43.036776,12.678565,1
In progress,3846,High,Email,Purchasing and invoicing,1st line support,Connor Danielovitch,13.12.2023 05:24,15.12.2023 05:24,13.12.2023 06:24,13.12.2023 05:38,Within SLA,,SLA Violated,,1.0,,Custom software development,Tier 1,Italy,43.036776,12.678565,0
Resolved,3847,Medium,Email,Pricing and licensing,2nd line support,Michele Whyatt,13.12.2023 10:53,15.12.2023 10:53,13.12.2023 11:53,13.12.2023 11:18,Within SLA,14.12.2023 02:20,Within SLA,,1.0,,Training and Consulting Services,Tier 2,Slovenia,46.1491664,14.9860106,0
Closed,3849,Medium,Email,Feature request,2nd line support,Michele Whyatt,13.12.2023 21:04,15.12.2023 21:04,13.12.2023 22:04,13.12.2023 21:58,Within SLA,14.12.2023 02:43,Within SLA,17.12.2023 02:02,3.0,3.0,Custom software development,Tier 2,Germany,51.165691,10.451526,1
Closed,3850,Low,Chat,Pricing and licensing,1st line support,Sheela Cutten,13.12.2023 05:54,14.12.2023 05:54,13.12.2023 05:56,13.12.2023 05:54,Within SLA,13.12.2023 09:05,Within SLA,18.12.2023 13:25,60.0,4.0,Ready to use Software,Tier 1,Poland,52.536273,19.050639,1
Resolved,3851,Medium,Email,Other,1st line support,Sheela Cutten,13.12.2023 09:15,15.12.2023 09:15,13.12.2023 10:15,13.12.2023 09:39,Within SLA,13.12.2023 22:38,Within SLA,,5.0,,Custom software development,Tier 1,Czech Republic,49.8037633,15.4749126,0
Resolved,3852,Medium,Email,Product setup,1st line support,Bernard Beckley,14.12.2023 17:49,16.12.2023 17:49,14.12.2023 18:49,14.12.2023 18:26,Within SLA,15.12.2023 01:58,Within SLA,,8.0,,Training and Consulting Services,Tier 1,United Kingdom,55.378052,-3.435973,0
Closed,3854,Low,Email,Product setup,1st line support,Nicola Wane,14.12.2023 04:06,16.12.2023 04:06,14.12.2023 05:06,14.12.2023 05:00,Within SLA,16.12.2023 14:44,SLA Violated,18.12.2023 10:39,3.0,1.0,Other,Tier 1,Spain,39.67337,-4.767726,1
Closed,3855,Low,Chat,Feature request,1st line support,Connor Danielovitch,14.12.2023 17:09,15.12.2023 17:09,14.12.2023 17:11,14.12.2023 17:09,Within SLA,16.12.2023 11:23,SLA Violated,2023-12-16 17:57:30.064,8.0,3.0,Ready to use Software,Tier 1,Spain,39.67337,-4.767726,1
Closed,3856,Medium,Email,Product setup,2nd line support,Heather Urry,14.12.2023 15:45,16.12.2023 15:45,14.12.2023 16:45,14.12.2023 15:55,Within SLA,15.12.2023 10:49,Within SLA,16.12.2023 11:32,2.0,4.0,Ready to use Software,Tier 2,France,48.864716,2.349014,1
Resolved,3857,Medium,Chat,Bug report,2nd line support,Adolpho Messingham,14.12.2023 15:07,15.12.2023 15:07,14.12.2023 15:09,14.12.2023 15:08,Within SLA,15.12.2023 00:03,Within SLA,,6.0,,Other,Tier 2,Slovenia,46.1491664,14.9860106,0
Closed,3858,Medium,Chat,Other,1st line support,Connor Danielovitch,14.12.2023 17:23,15.12.2023 17:23,14.12.2023 17:25,14.12.2023 17:26,SLA Violated,18.12.2023 03:49,SLA Violated,18.12.2023 05:25,8.0,5.0,Ready to use Software,Tier 1,Austria,47.6964719,13.3457347,1
Closed,3860,Low,Email,Pricing and licensing,1st line support,Bernard Beckley,15.12.2023 20:30,17.12.2023 20:30,15.12.2023 21:30,15.12.2023 21:07,Within SLA,15.12.2023 22:37,Within SLA,18.12.2023 02:44,3.0,5.0,Other,Tier 1,France,48.864716,2.349014,1
Open,3862,Low,Email,Product setup,2nd line support,Adolpho Messingham,15.12.2023 10:06,17.12.2023 10:06,15.12.2023 11:06,,SLA Violated,,SLA Violated,,,,Ready to use Software,Tier 2,Slovenia,46.1491664,14.9860106,0
In progress,3863,Low,Email,Product setup,1st line support,Bernard Beckley,15.12.2023 13:19,17.12.2023 13:19,15.12.2023 14:19,15.12.2023 13:46,Within SLA,,SLA Violated,,4.0,,Ready to use Software,Tier 1,Republic of Ireland,53.094024,-8.019675,0
Open,3870,Low,Email,Feature request,2nd line support,Adolpho Messingham,16.12.2023 06:13,18.12.2023 06:13,16.12.2023 07:13,,SLA Violated,,SLA Violated,,,,Custom software development,Tier 2,Austria,47.6964719,13.3457347,0
Closed,3871,Low,Chat,Product setup,1st line support,Kristos Westoll,16.12.2023 20:08,17.12.2023 20:08,16.12.2023 20:10,2023-12-16 20:12:07.068,SLA Violated,16.12.2023 23:36,Within SLA,22.12.2023 09:44,60.0,3.0,Custom software development,Tier 1,Germany,51.165691,10.451526,1
Closed,3872,High,Chat,Other,1st line support,Bernard Beckley,17.12.2023 21:01,18.12.2023 21:01,17.12.2023 21:03,17.12.2023 21:02,Within SLA,2023-12-18 09:28:34.061,Within SLA,24.12.2023 10:32,6.0,1.0,Custom software development,Tier 1,United Kingdom,55.378052,-3.435973,1
Closed,3873,Low,Email,Purchasing and invoicing,2nd line support,Michele Whyatt,17.12.2023 08:24,19.12.2023 08:24,17.12.2023 09:24,17.12.2023 08:58,Within SLA,18.12.2023 11:16,Within SLA,19.12.2023 22:17,6.0,4.0,Training and Consulting Services,Tier 2,Slovenia,46.1491664,14.9860106,1
In progress,3874,Low,Chat,Pricing and licensing,1st line support,Kristos Westoll,17.12.2023 03:40,18.12.2023 03:40,17.12.2023 03:42,17.12.2023 03:41,Within SLA,,SLA Violated,,5.0,,Other,Tier 1,Czech Republic,49.8037633,15.4749126,0
Closed,3880,Low,Chat,Other,1st line support,Connor Danielovitch,17.12.2023 10:12,18.12.2023 10:12,17.12.2023 10:14,17.12.2023 10:12,Within SLA,22.12.2023 01:45,SLA Violated,23.12.2023 11:49,8.0,3.0,Ready to use Software,Tier 1,Republic of Ireland,53.094024,-8.019675,1
Closed,3881,High,Chat,Feature request,1st line support,Bernard Beckley,17.12.2023 03:01,18.12.2023 03:01,17.12.2023 03:03,17.12.2023 03:03,Within SLA,17.12.2023 07:59,Within SLA,19.12.2023 05:11,60.0,5.0,Custom software development,Tier 1,Germany,51.165691,10.451526,1
In progress,3882,Low,Phone,Feature request,1st line support,Connor Danielovitch,17.12.2023 01:45,19.12.2023 01:45,17.12.2023 01:47,17.12.2023 01:48,SLA Violated,,SLA Violated,,4.0,,Custom software development,Tier 1,Austria,47.6964719,13.3457347,0
Resolved,3883,Medium,Email,Product setup,1st line support,Kristos Westoll,17.12.2023 22:44,19.12.2023 22:44,17.12.2023 23:44,17.12.2023 23:03,Within SLA,22.12.2023 19:57,SLA Violated,,3.0,,Ready to use Software,Tier 1,France,48.864716,2.349014,0
Closed,3884,Low,Phone,Purchasing and invoicing,1st line support,Nicola Wane,18.12.2023 23:41,20.12.2023 23:41,18.12.2023 23:43,18.12.2023 23:42,Within SLA,19.12.2023 05:37,Within SLA,22.12.2023 04:50,1.0,4.0,Ready to use Software,Tier 1,Czech Republic,49.8037633,15.4749126,1
In progress,3885,Medium,Email,Product setup,1st line support,Sheela Cutten,18.12.2023 08:45,20.12.2023 08:45,18.12.2023 09:45,18.12.2023 09:02,Within SLA,,SLA Violated,,2.0,,Training and Consulting Services,Tier 1,Germany,51.165691,10.451526,0
In progress,3886,Low,Phone,Pricing and licensing,1st line support,Connor Danielovitch,18.12.2023 06:00,20.12.2023 06:00,18.12.2023 06:02,2023-12-18 06:01:39.016,Within SLA,,SLA Violated,,6.0,,Custom software development,Tier 1,Republic of Ireland,53.094024,-8.019675,0
Closed,3887,Medium,Email,Bug report,1st line support,Kristos Westoll,18.12.2023 23:25,20.12.2023 23:25,19.12.2023 00:25,2023-12-19 00:20:42.047,Within SLA,2023-12-19 03:42:14.074,Within SLA,22.12.2023 12:33,1.0,4.0,Custom software development,Tier 1,Germany,51.165691,10.451526,1
Resolved,3888,Medium,Phone,Pricing and licensing,1st line support,Kristos Westoll,18.12.2023 17:02,20.12.2023 17:02,18.12.2023 17:04,18.12.2023 17:03,Within SLA,20.12.2023 07:06,Within SLA,,4.0,,Training and Consulting Services,Tier 1,Poland,52.536273,19.050639,0
Closed,3889,Medium,Chat,Product setup,1st line support,Sheela Cutten,18.12.2023 17:25,19.12.2023 17:25,18.12.2023 17:27,18.12.2023 17:27,Within SLA,19.12.2023 17:04,Within SLA,20.12.2023 09:08,5.0,4.0,Training and Consulting Services,Tier 1,United Kingdom,55.378052,-3.435973,1
Closed,3890,Low,Chat,Product setup,2nd line support,Michele Whyatt,18.12.2023 08:25,19.12.2023 08:25,18.12.2023 08:27,18.12.2023 08:26,Within SLA,2023-12-18 14:19:28.000,Within SLA,19.12.2023 17:19,6.0,3.0,Training and Consulting Services,Tier 2,Slovenia,46.1491664,14.9860106,1
Resolved,3891,Low,Email,Bug report,1st line support,Kristos Westoll,18.12.2023 10:20,20.12.2023 10:20,18.12.2023 11:20,18.12.2023 10:22,Within SLA,22.12.2023 22:32,SLA Violated,,2.0,,Custom software development,Tier 1,Italy,43.036776,12.678565,0
In progress,3892,Medium,Email,Product setup,2nd line support,Adolpho Messingham,18.12.2023 13:29,20.12.2023 13:29,18.12.2023 14:29,2023-12-18 13:52:40.034,Within SLA,,SLA Violated,,3.0,,Ready to use Software,Tier 2,Poland,52.536273,19.050639,0
Closed,3893,Medium,Chat,Product setup,1st line support,Kristos Westoll,19.12.2023 11:34,20.12.2023 11:34,19.12.2023 11:36,19.12.2023 11:35,Within SLA,22.12.2023 07:48,SLA Violated,24.12.2023 04:39,5.0,4.0,Ready to use Software,Tier 1,Slovenia,46.1491664,14.9860106,1
Resolved,3895,Medium,Chat,Product setup,2nd line support,Heather Urry,19.12.2023 05:55,20.12.2023 05:55,19.12.2023 05:57,19.12.2023 05:55,Within SLA,19.12.2023 12:29,Within SLA,,6.0,,Custom software development,Tier 2,France,48.864716,2.349014,0
Resolved,3898,Low,Chat,Pricing and licensing,2nd line support,Adolpho Messingham,19.12.2023 05:13,20.12.2023 05:13,19.12.2023 05:15,19.12.2023 05:14,Within SLA,22.12.2023 17:41,SLA Violated,,5.0,,Training and Consulting Services,Tier 2,Italy,43.036776,12.678565,0
Closed,3900,Low,Chat,Product setup,1st line support,Connor Danielovitch,19.12.2023 00:47,20.12.2023 00:47,19.12.2023 00:49,2023-12-19 00:48:51.047,Within SLA,19.12.2023 11:02,Within SLA,23.12.2023 21:14,5.0,3.0,Custom software development,Tier 1,France,48.864716,2.349014,1
Resolved,3901,Low,Email,Purchasing and invoicing,1st line support,Kristos Westoll,19.12.2023 19:57,21.12.2023 19:57,19.12.2023 20:57,19.12.2023 20:34,Within SLA,20.12.2023 10:22,Within SLA,,2.0,,Ready to use Software,Tier 1,Republic of Ireland,53.094024,-8.019675,0
Closed,3902,Medium,Email,Product setup,2nd line support,Michele Whyatt,19.12.2023 23:05,21.12.2023 23:05,20.12.2023 00:05,19.12.2023 23:35,Within SLA,21.12.2023 20:42,Within SLA,24.12.2023 10:51,9.0,4.0,Custom software development,Tier 2,Italy,43.036776,12.678565,1
Open,3903,High,Email,Other,1st line support,Connor Danielovitch,19.12.2023 08:47,21.12.2023 08:47,19.12.2023 09:47,,SLA Violated,,SLA Violated,,,,Ready to use Software,Tier 1,United Kingdom,55.378052,-3.435973,0
Resolved,3904,Low,Email,Product setup,1st line support,Bernard Beckley,19.12.2023 05:32,21.12.2023 05:32,19.12.2023 06:32,19.12.2023 05:44,Within SLA,2023-12-20 06:46:46.034,Within SLA,,6.0,,Other,Tier 1,Poland,52.536273,19.050639,0
Resolved,3905,Low,Email,Training request,2nd line support,Heather Urry,20.12.2023 03:14,22.12.2023 03:14,20.12.2023 04:14,20.12.2023 10:03,SLA Violated,2023-12-21 01:19:12.057,Within SLA,,7.0,,Training and Consulting Services,Tier 2,Poland,52.536273,19.050639,0
Closed,3906,Low,Chat,Pricing and licensing,2nd line support,Heather Urry,20.12.2023 06:19,21.12.2023 06:19,20.12.2023 06:21,20.12.2023 06:22,SLA Violated,20.12.2023 10:17,Within SLA,21.12.2023 10:31,2.0,5.0,Ready to use Software,Tier 2,Italy,43.036776,12.678565,1
Open,3907,Low,Email,Other,1st line support,Nicola Wane,20.12.2023 22:08,22.12.2023 22:08,20.12.2023 23:08,,SLA Violated,,SLA Violated,,,,Ready to use Software,Tier 1,Italy,43.036776,12.678565,0
Resolved,3908,High,Email,Pricing and licensing,1st line support,Kristos Westoll,20.12.2023 18:03,22.12.2023 18:03,20.12.2023 19:03,20.12.2023 18:44,Within SLA,22.12.2023 12:43,Within SLA,,10.0,,Training and Consulting Services,Tier 1,Poland,52.536273,19.050639,0
Resolved,3909,Low,Chat,Pricing and licensing,1st line support,Kristos Westoll,20.12.2023 02:51,21.12.2023 02:51,20.12.2023 02:53,20.12.2023 02:52,Within SLA,24.12.2023 18:54,SLA Violated,,5.0,,Ready to use Software,Tier 1,Republic of Ireland,53.094024,-8.019675,0
Closed,3910,Low,Chat,Pricing and licensing,1st line support,Bernard Beckley,20.12.2023 23:24,21.12.2023 23:24,20.12.2023 23:26,20.12.2023 23:29,SLA Violated,25.12.2023 09:22,SLA Violated,25.12.2023 12:13,6.0,1.0,Other,Tier 1,Slovenia,46.1491664,14.9860106,1
In progress,3911,Low,Chat,Feature request,1st line support,Nicola Wane,20.12.2023 12:04,21.12.2023 12:04,20.12.2023 12:06,20.12.2023 12:04,Within SLA,,SLA Violated,,2.0,,Ready to use Software,Tier 1,Greece,39.368279,21.863141,0
Resolved,3912,Low,Phone,Pricing and licensing,1st line support,Kristos Westoll,20.12.2023 19:52,22.12.2023 19:52,20.12.2023 19:54,20.12.2023 19:52,Within SLA,21.12.2023 02:53,Within SLA,,5.0,,Training and Consulting Services,Tier 1,Poland,52.536273,19.050639,0
Closed,3913,High,Chat,Product setup,2nd line support,Heather Urry,21.12.2023 15:58,22.12.2023 15:58,21.12.2023 16:00,21.12.2023 15:59,Within SLA,2023-12-22 08:41:46.026,Within SLA,28.12.2023 07:18,6.0,3.0,Custom software development,Tier 2,Germany,51.165691,10.451526,1
Open,3914,Medium,Email,Product setup,1st line support,Nicola Wane,21.12.2023 20:19,23.12.2023 20:19,21.12.2023 21:19,,SLA Violated,,SLA Violated,,,,Training and Consulting Services,Tier 1,Czech Republic,49.8037633,15.4749126,0
Closed,3915,High,Email,Bug report,1st line support,Sheela Cutten,21.12.2023 20:46,23.12.2023 20:46,21.12.2023 21:46,21.12.2023 21:34,Within SLA,22.12.2023 00:38,Within SLA,23.12.2023 21:44,2.0,4.0,Ready to use Software,Tier 1,Italy,43.036776,12.678565,1
Closed,3916,Medium,Email,Other,1st line support,Sheela Cutten,21.12.2023 09:23,23.12.2023 09:23,21.12.2023 10:23,21.12.2023 09:52,Within SLA,26.12.2023 18:00,SLA Violated,2023-12-27 22:14:35.000,1.0,3.0,Training and Consulting Services,Tier 1,Germany,51.165691,10.451526,1
Resolved,3917,Medium,Chat,Purchasing and invoicing,1st line support,Bernard Beckley,21.12.2023 18:53,22.12.2023 18:53,21.12.2023 18:55,21.12.2023 18:53,Within SLA,22.12.2023 08:13,Within SLA,,2.0,,Other,Tier 1,United Kingdom,55.378052,-3.435973,0
Closed,3918,Low,Chat,Product setup,2nd line support,Adolpho Messingham,22.12.2023 08:37,23.12.2023 08:37,22.12.2023 08:39,2023-12-22 08:38:31.022,Within SLA,22.12.2023 14:11,Within SLA,23.12.2023 11:17,2.0,3.0,Ready to use Software,Tier 2,Slovenia,46.1491664,14.9860106,1
Closed,3919,Low,Chat,Feature request,1st line support,Bernard Beckley,22.12.2023 04:43,23.12.2023 04:43,22.12.2023 04:45,22.12.2023 04:43,Within SLA,25.12.2023 21:26,SLA Violated,26.12.2023 09:22,5.0,5.0,Custom software development,Tier 1,Slovenia,46.1491664,14.9860106,1
Resolved,3920,Medium,Phone,Product setup,1st line support,Kristos Westoll,22.12.2023 15:36,24.12.2023 15:36,22.12.2023 15:38,2023-12-22 15:37:12.055,Within SLA,23.12.2023 02:31,Within SLA,,7.0,,Ready to use Software,Tier 1,Bulgaria,42.7249925,25.4833039,0
Resolved,3921,High,Email,Bug report,2nd line support,Heather Urry,22.12.2023 02:52,24.12.2023 02:52,22.12.2023 03:52,22.12.2023 03:02,Within SLA,22.12.2023 17:27,Within SLA,,2.0,,Ready to use Software,Tier 2,Italy,43.036776,12.678565,0
Closed,3922,Low,Chat,Feature request,1st line support,Bernard Beckley,22.12.2023 13:17,23.12.2023 13:17,22.12.2023 13:19,22.12.2023 13:17,Within SLA,28.12.2023 12:58,SLA Violated,29.12.2023 19:25,5.0,3.0,Ready to use Software,Tier 1,Germany,51.165691,10.451526,1
Resolved,3923,Low,Chat,Product setup,1st line support,Sheela Cutten,22.12.2023 13:30,23.12.2023 13:30,22.12.2023 13:32,22.12.2023 13:31,Within SLA,24.12.2023 23:42,SLA Violated,,8.0,,Ready to use Software,Tier 1,Czech Republic,49.8037633,15.4749126,0
Closed,3924,Medium,Email,Feature request,1st line support,Connor Danielovitch,22.12.2023 17:12,24.12.2023 17:12,22.12.2023 18:12,22.12.2023 17:51,Within SLA,23.12.2023 15:17,Within SLA,26.12.2023 06:18,3.0,5.0,Ready to use Software,Tier 1,France,48.864716,2.349014,1
Closed,3925,Low,Email,Product setup,1st line support,Sheela Cutten,22.12.2023 22:04,24.12.2023 22:04,22.12.2023 23:04,22.12.2023 22:40,Within SLA,22.12.2023 22:40,Within SLA,24.12.2023 19:21,3.0,4.0,Ready to use Software,Tier 1,Germany,51.165691,10.451526,1
Closed,3926,Low,Email,Product setup,1st line support,Bernard Beckley,22.12.2023 07:38,24.12.2023 07:38,22.12.2023 08:38,22.12.2023 08:27,Within SLA,23.12.2023 09:42,Within SLA,26.12.2023 02:25,1.0,5.0,Other,Tier 1,Bulgaria,42.7249925,25.4833039,1
Closed,3927,Low,Email,Purchasing and invoicing,1st line support,Bernard Beckley,22.12.2023 11:16,24.12.2023 11:16,22.12.2023 12:16,22.12.2023 11:50,Within SLA,23.12.2023 02:27,Within SLA,29.12.2023 00:45,6.0,4.0,Ready to use Software,Tier 1,Germany,51.165691,10.451526,1
Resolved,3928,Medium,Email,Feature request,1st line support,Connor Danielovitch,23.12.2023 09:16,25.12.2023 09:16,23.12.2023 10:16,23.12.2023 09:20,Within SLA,24.12.2023 13:55,Within SLA,,3.0,,Other,Tier 1,Czech Republic,49.8037633,15.4749126,0
Closed,3929,Medium,Chat,Purchasing and invoicing,1st line support,Kristos Westoll,23.12.2023 00:25,24.12.2023 00:25,23.12.2023 00:27,23.12.2023 00:25,Within SLA,23.12.2023 15:42,Within SLA,23.12.2023 14:10,6.0,4.0,Ready to use Software,Tier 1,United Kingdom,55.378052,-3.435973,1
Closed,3930,High,Chat,Feature request,2nd line support,Michele Whyatt,23.12.2023 04:29,24.12.2023 04:29,23.12.2023 04:31,23.12.2023 04:30,Within SLA,25.12.2023 09:21,SLA Violated,26.12.2023 14:55,4.0,2.0,Other,Tier 2,Republic of Ireland,53.094024,-8.019675,1
Resolved,3965,Medium,Chat,Pricing and licensing,1st line support,Connor Danielovitch,27.12.2023 15:48,28.12.2023 15:48,27.12.2023 15:50,2023-12-27 15:49:37.027,Within SLA,28.12.2023 09:27,Within SLA,,8.0,,Ready to use Software,Tier 1,Republic of Ireland,53.094024,-8.019675,0
Resolved,3966,High,Email,Bug report,1st line support,Nicola Wane,27.12.2023 11:10,29.12.2023 11:10,27.12.2023 12:10,27.12.2023 12:08,Within SLA,01.01.2024 12:19,SLA Violated,,7.0,,Custom software development,Tier 1,Germany,51.165691,10.451526,0
Resolved,3967,Low,Email,Product setup,2nd line support,Adolpho Messingham,27.12.2023 20:16,29.12.2023 20:16,27.12.2023 21:16,27.12.2023 21:02,Within SLA,29.12.2023 06:38,Within SLA,,6.0,,Custom software development,Tier 2,United Kingdom,55.378052,-3.435973,0
Closed,3968,Low,Email,Product setup,1st line support,Kristos Westoll,27.12.2023 04:33,29.12.2023 04:33,27.12.2023 05:33,27.12.2023 04:43,Within SLA,29.12.2023 04:04,Within SLA,2023-12-28 14:27:50.013,9.0,3.0,Ready to use Software,Tier 1,Austria,47.6964719,13.3457347,1
Open,3970,Low,Email,Product setup,2nd line support,Adolpho Messingham,27.12.2023 00:37,29.12.2023 00:37,27.12.2023 01:37,,SLA Violated,,SLA Violated,,,,Custom software development,Tier 2,France,48.864716,2.349014,0
Resolved,3971,High,Chat,Product setup,1st line support,Sheela Cutten,27.12.2023 19:22,28.12.2023 19:22,27.12.2023 19:24,27.12.2023 19:24,SLA Violated,31.12.2023 03:55,SLA Violated,,2.0,,Custom software development,Tier 1,Italy,43.036776,12.678565,0
Resolved,3972,High,Chat,Product setup,2nd line support,Adolpho Messingham,27.12.2023 18:55,28.12.2023 18:55,27.12.2023 18:57,27.12.2023 18:56,Within SLA,2023-12-27 19:43:53.051,Within SLA,,2.0,,Ready to use Software,Tier 2,Austria,47.6964719,13.3457347,0
Closed,3973,High,Email,Pricing and licensing,1st line support,Nicola Wane,27.12.2023 15:22,29.12.2023 15:22,27.12.2023 16:22,27.12.2023 15:42,Within SLA,28.12.2023 03:26,Within SLA,29.12.2023 23:38,5.0,2.0,Other,Tier 1,Italy,43.036776,12.678565,1
Closed,3975,High,Email,Product setup,2nd line support,Michele Whyatt,28.12.2023 19:21,30.12.2023 19:21,28.12.2023 20:21,28.12.2023 20:01,Within SLA,2023-12-30 12:00:19.058,Within SLA,2023-12-30 04:11:11.071,10.0,5.0,Ready to use Software,Tier 2,United Kingdom,55.378052,-3.435973,1
Resolved,3976,Medium,Chat,Feature request,1st line support,Bernard Beckley,28.12.2023 12:19,29.12.2023 12:19,28.12.2023 12:21,28.12.2023 12:21,Within SLA,29.12.2023 20:10,SLA Violated,,6.0,,Custom software development,Tier 1,Germany,51.165691,10.451526,0
Closed,3978,Low,Email,Feature request,1st line support,Bernard Beckley,29.12.2023 21:30,31.12.2023 21:30,29.12.2023 22:30,2023-12-29 22:28:35.040,Within SLA,30.12.2023 03:38,Within SLA,01.01.2024 22:24,1.0,2.0,Custom software development,Tier 1,Poland,52.536273,19.050639,1
Closed,3979,Low,Email,Pricing and licensing,2nd line support,Michele Whyatt,29.12.2023 14:27,31.12.2023 14:27,29.12.2023 15:27,29.12.2023 14:40,Within SLA,29.12.2023 22:06,Within SLA,31.12.2023 23:55,1.0,3.0,Ready to use Software,Tier 2,United Kingdom,55.378052,-3.435973,1
Resolved,3981,Low,Chat,Bug report,1st line support,Sheela Cutten,29.12.2023 14:59,30.12.2023 14:59,29.12.2023 15:01,29.12.2023 15:00,Within SLA,31.12.2023 15:48,SLA Violated,,6.0,,Ready to use Software,Tier 1,United Kingdom,55.378052,-3.435973,0
Closed,3982,High,Email,Feature request,1st line support,Bernard Beckley,29.12.2023 16:43,31.12.2023 16:43,29.12.2023 17:43,29.12.2023 17:11,Within SLA,01.01.2024 16:20,SLA Violated,02.01.2024 15:41,1.0,4.0,Ready to use Software,Tier 1,Germany,51.165691,10.451526,1
Resolved,3983,High,Email,Product setup,1st line support,Bernard Beckley,29.12.2023 12:16,31.12.2023 12:16,29.12.2023 13:16,29.12.2023 12:59,Within SLA,30.12.2023 14:40,Within SLA,,7.0,,Ready to use Software,Tier 1,Greece,39.368279,21.863141,0
Resolved,3984,Medium,Chat,Bug report,1st line support,Bernard Beckley,29.12.2023 14:00,30.12.2023 14:00,29.12.2023 14:02,29.12.2023 14:02,Within SLA,30.12.2023 13:29,Within SLA,,5.0,,Ready to use Software,Tier 1,Spain,39.67337,-4.767726,0
Closed,3985,Low,Chat,Feature request,2nd line support,Adolpho Messingham,29.12.2023 16:29,30.12.2023 16:29,29.12.2023 16:31,29.12.2023 16:31,SLA Violated,30.12.2023 12:10,Within SLA,02.01.2024 07:37,6.0,4.0,Custom software development,Tier 2,Slovenia,46.1491664,14.9860106,1
In progress,3986,High,Email,Purchasing and invoicing,1st line support,Sheela Cutten,29.12.2023 21:52,31.12.2023 21:52,29.12.2023 22:52,29.12.2023 22:46,Within SLA,,Within SLA,,1.0,,Training and Consulting Services,Tier 1,Slovenia,46.1491664,14.9860106,0
Resolved,3987,Low,Chat,Product setup,2nd line support,Heather Urry,29.12.2023 15:20,30.12.2023 15:20,29.12.2023 15:22,2023-12-29 15:22:17.036,Within SLA,30.12.2023 09:05,Within SLA,,6.0,,Custom software development,Tier 2,France,48.864716,2.349014,0
Resolved,3988,Low,Email,Product setup,1st line support,Connor Danielovitch,29.12.2023 03:33,31.12.2023 03:33,29.12.2023 04:33,29.12.2023 04:29,Within SLA,30.12.2023 18:38,Within SLA,,1.0,,Ready to use Software,Tier 1,Spain,39.67337,-4.767726,0
Resolved,3996,Medium,Email,Pricing and licensing,1st line support,Connor Danielovitch,30.12.2023 03:11,01.01.2024 03:11,30.12.2023 04:11,30.12.2023 04:09,Within SLA,30.12.2023 20:49,Within SLA,,1.0,,Custom software development,Tier 1,Slovenia,46.1491664,14.9860106,0
Resolved,3997,High,Email,Feature request,2nd line support,Michele Whyatt,30.12.2023 04:51,01.01.2024 04:51,30.12.2023 05:51,30.12.2023 04:54,Within SLA,04.01.2024 05:39,SLA Violated,,1.0,,Other,Tier 2,Republic of Ireland,53.094024,-8.019675,0
Resolved,3998,Low,Email,Product setup,1st line support,Kristos Westoll,30.12.2023 13:16,01.01.2024 13:16,30.12.2023 14:16,30.12.2023 13:53,Within SLA,31.12.2023 23:25,Within SLA,,10.0,,Custom software development,Tier 1,Republic of Ireland,53.094024,-8.019675,0
Resolved,3999,High,Email,Feature request,1st line support,Sheela Cutten,30.12.2023 19:49,01.01.2024 19:49,30.12.2023 20:49,30.12.2023 20:18,Within SLA,01.01.2024 10:17,Within SLA,,2.0,,Custom software development,Tier 1,Germany,51.165691,10.451526,0
